[{"id":"66312fb28f083a303e9d0ff3","companyId":null,"createdDate":1714499506459,"updatedDate":1714499506459,"versionId":0,"referenceId":null,"systemStatus":null,"updatedByUserId":null,"updatedByUserName":null,"systemStatusText":null,"userTypes":null,"requirementIds":null,"name":"User Management and Search","sourceReferenceId":null,"sourceReferenceAppId":null,"lockedByUserId":null,"lockedByUserName":null,"publicArtifact":false,"enableOffline":false,"locked":false,"canUnlock":false,"publishComment":null,"importantPublish":false,"appId":"5f47f6258f0814ff0a91755e","type":"fldr","parentId":"5f47f6258f0814ff0a91755e","childId":null},
{"id":"663130018f083a303e9d0ff4","companyId":null,"createdDate":1714499585383,"updatedDate":1714499585383,"versionId":0,"referenceId":null,"systemStatus":null,"updatedByUserId":null,"updatedByUserName":null,"systemStatusText":null,"userTypes":null,"requirementIds":null,"name":null,"sourceReferenceId":null,"sourceReferenceAppId":null,"lockedByUserId":null,"lockedByUserName":null,"publicArtifact":false,"enableOffline":false,"locked":false,"canUnlock":false,"publishComment":null,"importantPublish":false,"appId":"5f47f6258f0814ff0a91755e","type":"cc","parentId":"66312fb28f083a303e9d0ff3","childId":"5f47f8728f0814ff0a91768c"},
{"id":"663130318f083a303e9d0ff5","companyId":null,"createdDate":1714499633311,"updatedDate":1714499633311,"versionId":0,"referenceId":null,"systemStatus":null,"updatedByUserId":null,"updatedByUserName":null,"systemStatusText":null,"userTypes":null,"requirementIds":null,"name":null,"sourceReferenceId":null,"sourceReferenceAppId":null,"lockedByUserId":null,"lockedByUserName":null,"publicArtifact":false,"enableOffline":false,"locked":false,"canUnlock":false,"publishComment":null,"importantPublish":false,"appId":"5f47f6258f0814ff0a91755e","type":"cc","parentId":"66312fb28f083a303e9d0ff3","childId":"633de3588f0837bab3c783e8"},
{"id":"663130318f083a303e9d0ff6","companyId":null,"createdDate":1714499633322,"updatedDate":1714499633322,"versionId":0,"referenceId":null,"systemStatus":null,"updatedByUserId":null,"updatedByUserName":null,"systemStatusText":null,"userTypes":null,"requirementIds":null,"name":null,"sourceReferenceId":null,"sourceReferenceAppId":null,"lockedByUserId":null,"lockedByUserName":null,"publicArtifact":false,"enableOffline":false,"locked":false,"canUnlock":false,"publishComment":null,"importantPublish":false,"appId":"5f47f6258f0814ff0a91755e","type":"cc","parentId":"66312fb28f083a303e9d0ff3","childId":"6621453d8f083a303e9cf90c"},
{"id":"663272158f085dd50cce19b4","companyId":null,"createdDate":1714582037262,"updatedDate":1714582037262,"versionId":0,"referenceId":null,"systemStatus":null,"updatedByUserId":null,"updatedByUserName":null,"systemStatusText":null,"userTypes":null,"requirementIds":null,"name":null,"sourceReferenceId":null,"sourceReferenceAppId":null,"lockedByUserId":null,"lockedByUserName":null,"publicArtifact":false,"enableOffline":false,"locked":false,"canUnlock":false,"publishComment":null,"importantPublish":false,"appId":"5f47f6258f0814ff0a91755e","type":"wf","parentId":"66312fb28f083a303e9d0ff3","childId":"633dd49e8f0837bab3c78384"},
{"id":"663272158f085dd50cce19b5","companyId":null,"createdDate":1714582037274,"updatedDate":1714582037274,"versionId":0,"referenceId":null,"systemStatus":null,"updatedByUserId":null,"updatedByUserName":null,"systemStatusText":null,"userTypes":null,"requirementIds":null,"name":null,"sourceReferenceId":null,"sourceReferenceAppId":null,"lockedByUserId":null,"lockedByUserName":null,"publicArtifact":false,"enableOffline":false,"locked":false,"canUnlock":false,"publishComment":null,"importantPublish":false,"appId":"5f47f6258f0814ff0a91755e","type":"wf","parentId":"66312fb28f083a303e9d0ff3","childId":"633de7e08f0837bab3c784ad"},
{"id":"663272158f085dd50cce19b6","companyId":null,"createdDate":1714582037284,"updatedDate":1714582037284,"versionId":0,"referenceId":null,"systemStatus":null,"updatedByUserId":null,"updatedByUserName":null,"systemStatusText":null,"userTypes":null,"requirementIds":null,"name":null,"sourceReferenceId":null,"sourceReferenceAppId":null,"lockedByUserId":null,"lockedByUserName":null,"publicArtifact":false,"enableOffline":false,"locked":false,"canUnlock":false,"publishComment":null,"importantPublish":false,"appId":"5f47f6258f0814ff0a91755e","type":"wf","parentId":"66312fb28f083a303e9d0ff3","childId":"6616e7cc8f083a303e9cead7"}]