[{"id":"633dd49e8f0837bab3c78384","companyId":"5f47ce0c8f0815394ff3bd8a","createdDate":1713459775677,"updatedDate":1713459775677,"versionId":3,"referenceId":null,"systemStatus":"P","updatedByUserId":"5f4d87978f086f27a2ab1467","updatedByUserName":"Chris Lamberth","systemStatusText":null,"userTypes":null,"requirementIds":null,"name":"User_Management_Main_Postload","sourceReferenceId":null,"sourceReferenceAppId":null,"lockedByUserId":null,"lockedByUserName":null,"publicArtifact":false,"enableOffline":false,"locked":false,"canUnlock":false,"publishComment":" ","importantPublish":false,"appId":"5f47f6258f0814ff0a91755e","folderId":"","initializer":["5f47f8728f0814ff0a91768c"],"triggerType":"uiEvent","flow":[],"createdBy":null,"lastModifiedBy":null,"objectsMap":{"1664996510076":{"id":"1664996510076","type":"startObject","value":["5f47f8728f0814ff0a91768c"],"taskName":"Start","triggerType":"uiEvent","addedToConfig":true,"painted":true,"position":{},"taskNotes":"<p><br></p>","desc":"User_Management_Main"},"16649965100761000":{"id":"16649965100761000","parent":"1713458934498","systemExit":true,"type":"return","returnType":"exit","taskName":"Exit","label":"","addedToConfig":false,"painted":false,"position":{}},"1664996530510":{"id":"1664996530510","type":"query","position":{},"source":null,"target":null,"mapping":null,"label":"","filterBy":"criteria","searchOption":"one","operator":"and","taskName":"Read MENU_CONTEXT","parent":"1664996510076","painted":false,"taskNotes":"<p><br></p>","saveType":"global","sourceVariable":"MENU_CONTEXT","modelName":"rr_primitive_string","addedToConfig":false},"1664996544172_end":{"id":"1664996544172_end","decisionId":"1664996544172","position":{},"type":"decisionEnd","painted":false,"addedToConfig":false},"1664996544172_success_start":{"id":"1664996544172_success_start","decisionId":"1664996544172","parent":"1664996544172","position":{},"type":"decisionSucessStart","painted":false,"addedToConfig":false},"1664996544172_failure_start":{"id":"1664996544172_failure_start","decisionId":"1664996544172","parent":"1664996544172","position":{},"type":"decisionFailureStart","painted":false,"addedToConfig":false},"1664996544172_success_end":{"id":"1664996544172_success_end","decisionId":"1664996544172","parent":"1664996560004","position":{},"type":"decisionSucessEnd","painted":false,"addedToConfig":false},"1664996544172_failure_end":{"id":"1664996544172_failure_end","decisionId":"1664996544172","parent":"1664996544172_failure_start","position":{},"type":"decisionFailureEnd","painted":false,"addedToConfig":false},"1664996544172":{"id":"1664996544172","type":"decision","newMapping":true,"position":{},"condition":null,"serviceName":null,"serviceType":null,"operator":"and","mapping":[{"sourceType":"variable","sourceValue":"","source":"1664996530510","sourceFieldType":null,"sourceModel":"String","isSourceList":null,"targetType":"constant","targetValue":"Users","target":null,"targetFieldType":null,"targetModel":"","isTargetList":null,"comparator":"equalsIgnoreCase"}],"label":"","parent":"1664996530510","painted":false,"taskNotes":"<p><br></p>","addedToConfig":false},"1664996560004":{"id":"1664996560004","type":"rrUiComponent","position":{},"label":"","taskName":"Show Menu","screenId":["5f47f8728f0814ff0a91768c"],"parent":"1664996544172_success_start","painted":false,"customComponent":"","animationImageType":"","taskNotes":"<p><br></p>","actionType":"show","rrComponentHierarchy":"1664917767225","rrComponentHierarchyType":"flexlayout","addedToConfig":false},"1713458847159":{"id":"1713458847159","type":"workflow","position":{"top":443,"left":638},"workflowId":"633de7e08f0837bab3c784ad","workflowName":"User_Management_User_Search_Preload","workflowType":"uiFlow","label":"","taskName":"Visual Logic Component","parent":"1664996544172_end","painted":false,"taskNotes":"<p><br></p>","addedToConfig":false},"1713458934498":{"id":"1713458934498","type":"rrUiComponent","position":{"top":465,"left":633},"label":"","taskName":"Manipulate UI Component","screenId":["5f47f8728f0814ff0a91768c"],"parent":"1713458847159","painted":false,"customComponent":"633de3588f0837bab3c783e8","animationImageType":"","taskNotes":"<p><br></p>","actionType":"changeComponent","pageTitleType":"constant","dontChangeTitle":true,"rrComponentHierarchy":"1664996600204","rrComponentHierarchyType":"pageInclude","changeCompInputTask":"1713458642873","changeCompInputValue":null,"addedToConfig":false}},"decisionsMap":{"1664996544172":{"success":"1664996544172_success_start","failure":"1664996544172_failure_start","successEnd":"1664996544172_success_end","failureEnd":"1664996544172_failure_end","end":"1664996544172_end","root":true}},"active":false,"scheduler":false,"savedId":null,"workInProgress":false,"uiFLow":true,"startTaskId":"1664996510076","shouldSecure":false,"allowExecutionForAll":false,"testCase":false,"testSuite":false,"sequence":1,"internal":false,"triggeredFromBpm":false,"inputModel":null,"outputModel":null,"appName":null},
{"id":"633de7e08f0837bab3c784ad","companyId":"5f47ce0c8f0815394ff3bd8a","createdDate":1713814425440,"updatedDate":1713814425440,"versionId":10,"referenceId":null,"systemStatus":"P","updatedByUserId":"5f4d87978f086f27a2ab1467","updatedByUserName":"Chris Lamberth","systemStatusText":null,"userTypes":null,"requirementIds":null,"name":"User_Management_User_Search_Preload","sourceReferenceId":null,"sourceReferenceAppId":null,"lockedByUserId":null,"lockedByUserName":null,"publicArtifact":false,"enableOffline":false,"locked":false,"canUnlock":false,"publishComment":" ","importantPublish":false,"appId":"5f47f6258f0814ff0a91755e","folderId":"","initializer":["633de3588f0837bab3c783e8"],"triggerType":"uiEvent","flow":[],"createdBy":null,"lastModifiedBy":null,"objectsMap":{"1665001440113":{"id":"1665001440113","type":"startObject","value":["633de3588f0837bab3c783e8"],"taskName":"Start","triggerType":"uiEvent","addedToConfig":true,"painted":true,"position":{},"taskNotes":"<p><br></p>","desc":"User_Management_User_Search"},"16650014401131000":{"id":"16650014401131000","parent":"1665001458298","systemExit":true,"type":"return","returnType":"exit","taskName":"Exit","label":"","addedToConfig":false,"painted":false,"position":{}},"1665001458298":{"id":"1665001458298","type":"workflow","position":{},"workflowId":"5f47f8728f0814ff0a91774c","workflowName":"User_Management_Search_Click","workflowType":"uiFlow","label":"","taskName":"User Search Click","parent":"1689282312657","painted":false,"taskNotes":"<p><br></p>","inputTask":"rr_page_data","inputValue":null,"addedToConfig":false},"1689280940598":{"id":"1689280940598","type":"query","position":{},"source":null,"target":null,"mapping":null,"label":"","filterBy":"criteria","searchOption":"one","operator":"and","taskName":"Read CURRENT_BRANCH","parent":"1709230093498","painted":false,"taskNotes":"<p><br></p>","saveType":"global","sourceVariable":"CURRENT_BRANCH","modelName":"Branch","addedToConfig":false},"1689280964335":{"id":"1689280964335","type":"query","position":{},"source":null,"target":null,"mapping":null,"label":"","filterBy":"criteria","searchOption":"one","operator":"and","taskName":"Read CURRENT_USER","parent":"1689280940598","painted":false,"taskNotes":"<p><br></p>","saveType":"global","sourceVariable":"CURRENT_USER","modelName":"User","addedToConfig":false},"1689280994180":{"id":"1689280994180","type":"service","value":"Get Auth Header","serviceType":"internal","serviceId":"getAuthHeader","position":{},"label":"","callType":"async","taskName":"Auth Header","parent":"1689280964335","painted":false,"addAtIndexType":"constant","addAtIndex":false,"desc":"Get Auth Header","taskNotes":"<p><br></p>","addedToConfig":false},"1689281003020":{"id":"1689281003020","type":"createDataObject","position":{},"condition":"API_UserRequest","mapping":[{"name":"action","valueType":"constant","value":"GET","fieldType":"String","list":false,"rr_dynamic_field_name_type":"","fromModel":""},{"name":"actionType","valueType":"constant","value":"ADMIN_TAGS","fieldType":"String","list":false,"rr_dynamic_field_name_type":"","fromModel":""},{"name":"branchId","valueType":"variable","value":"_id","fieldType":"String","list":false,"rr_dynamic_field_name_type":"","fromModel":"Branch","source":"1689280940598"},{"name":"userId","valueType":"variable","value":"_id","fieldType":"String","list":false,"rr_dynamic_field_name_type":"","fromModel":"User","source":"1689280964335"}],"label":"","taskName":"API_UserRequest","parent":"1689280994180","painted":false,"taskNotes":"<p><br></p>","addedToConfig":false,"showAllFields":false},"1689281010076":{"id":"1689281010076","type":"createDataObject","position":{},"condition":"API_MainRequest","mapping":[{"name":"rr_id","valueType":"variable","value":"tenantId","fieldType":"String","list":false,"rr_dynamic_field_name_type":"","fromModel":"Lookup_SystemInfo","source":"1709230093498"},{"name":"authHeader","valueType":"variable","value":null,"fieldType":"String","list":false,"rr_dynamic_field_name_type":"","source":"1689280994180"},{"name":"data","valueType":"variable","value":"rr_this_object","fieldType":"Object","list":false,"rr_dynamic_field_name_type":"","fromModel":"API_UserRequest","source":"1689281003020"},{"name":"service","valueType":"constant","value":"5f47f79e8f0814ff0a917593","fieldType":"String","list":false,"rr_dynamic_field_name_type":"","fromModel":""}],"label":"","taskName":"API_MainRequest","parent":"1689281003020","painted":false,"taskNotes":"<p><br></p>","addedToConfig":false},"1689281018628":{"id":"1689281018628","type":"workflow","position":{},"workflowId":"65aaf8fc8f0887f52e616e81","workflowName":"Web Services :: API_MainWrapper","workflowType":"serverFlow","label":"","taskName":"Visual Logic Component","parent":"1689281010076","painted":false,"taskNotes":"<p><br></p>","callType":"sync","inputTask":"1689281010076","inputValue":null,"outputDataModel":"API_MainResponse","addedToConfig":false},"1689281953149":{"id":"1689281953149","type":"decision","newMapping":true,"position":{},"condition":null,"serviceName":null,"serviceType":null,"operator":"and","mapping":[{"sourceType":"count","sourceValue":null,"source":"1689281968927","sourceFieldType":null,"sourceModel":"Branch_UserTags","isSourceList":null,"targetType":"constant","targetValue":"0","target":null,"targetFieldType":null,"targetModel":"","isTargetList":null,"comparator":"greaterThan"}],"label":"","parent":"1689281962310","painted":false,"taskNotes":"<p><br></p>","addedToConfig":false},"1689281953149_end":{"id":"1689281953149_end","decisionId":"1689281953149","position":{},"type":"decisionEnd","painted":false,"addedToConfig":false,"taskNotes":"<p><br></p>"},"1689281953149_success_start":{"id":"1689281953149_success_start","decisionId":"1689281953149","parent":"1689281953149","position":{},"type":"decisionSucessStart","painted":false,"addedToConfig":false},"1689281953149_failure_start":{"id":"1689281953149_failure_start","decisionId":"1689281953149","parent":"1689281953149","position":{},"type":"decisionFailureStart","painted":false,"addedToConfig":false},"1689281953149_success_end":{"id":"1689281953149_success_end","decisionId":"1689281953149","parent":"1689281953151","position":{},"type":"decisionSucessEnd","painted":false,"addedToConfig":false},"1689281953149_failure_end":{"id":"1689281953149_failure_end","decisionId":"1689281953149","parent":"1689355140537","position":{},"type":"decisionFailureEnd","painted":false,"addedToConfig":false},"1689281953151":{"id":"1689281953151","type":"service","value":"Add all to List","serviceType":"internal","serviceId":"addAllToList","position":{},"label":"","callType":"async","taskName":"Add All Tags to Tags List","parent":"1689281953149_success_start","painted":false,"addAtIndexType":"constant","addAtIndex":false,"desc":"Add all to List","taskNotes":"<p><br></p>","inputTask":"1689281968927","inputValue":null,"targetTask":"1689281962310","targetValue":null,"addedToConfig":false},"1689281953153":{"id":"1689281953153","type":"createDataObject","position":{},"condition":"API_BranchRequest","mapping":[{"name":"contentSubType","valueType":"constant","value":"FULL","fieldType":"String","list":false,"rr_dynamic_field_name_type":"","fromModel":""},{"name":"userId","valueType":"variable","value":"_id","fieldType":"String","list":false,"rr_dynamic_field_name_type":"","fromModel":"User","source":"1689280964335"},{"name":"action","valueType":"constant","value":"GET","fieldType":"String","list":false,"rr_dynamic_field_name_type":"","fromModel":""},{"name":"actionType","valueType":"constant","value":"USER_TAGS","fieldType":"String","list":false,"rr_dynamic_field_name_type":"","fromModel":""},{"name":"branchId","valueType":"variable","value":"_id","fieldType":"String","list":false,"rr_dynamic_field_name_type":"","fromModel":"Branch","source":"1689280940598"}],"label":"","taskName":"API_BranchRequest","parent":"1689281953149_failure_start","painted":false,"taskNotes":"<p><br></p>","addedToConfig":false,"showAllFields":false},"1689281953154":{"id":"1689281953154","type":"createDataObject","position":{},"condition":"API_MainRequest","mapping":[{"name":"authHeader","valueType":"variable","value":null,"fieldType":"String","list":false,"rr_dynamic_field_name_type":"","source":"1689280994180"},{"name":"data","valueType":"variable","value":"rr_this_object","fieldType":"Object","list":false,"rr_dynamic_field_name_type":"","fromModel":"API_BranchRequest","source":"1689281953153"},{"name":"service","valueType":"constant","value":"5f47f79e8f0814ff0a9175b2","fieldType":"String","list":false,"rr_dynamic_field_name_type":"","fromModel":""}],"label":"","taskName":"API_MainRequest","parent":"1689281953153","painted":false,"taskNotes":"<p><br></p>","addedToConfig":false},"1689281953155":{"id":"1689281953155","type":"workflow","position":{},"workflowId":"65aaf8fc8f0887f52e616e81","workflowName":"Web Services :: API_MainWrapper","workflowType":"serverFlow","label":"","taskName":"Visual Logic Component","parent":"1689281953154","painted":false,"taskNotes":"<p><br></p>","callType":"sync","inputTask":"1689281953154","inputValue":null,"outputDataModel":"API_MainResponse","addedToConfig":false},"1689281953156":{"id":"1689281953156","type":"service","value":"Get Value","serviceType":"internal","serviceId":"getValueFromObj","position":{},"label":"","callType":"async","taskName":"Get Value","parent":"1689281953155","painted":false,"addAtIndexType":"constant","addAtIndex":false,"desc":"Get Value","taskNotes":"<p><br></p>","inputTask":"1689281953155","inputValue":null,"targetVariable":"list","modelName":"Branch_UserTags","addedToConfig":false},"1689281953157":{"id":"1689281953157","type":"service","value":"Add all to List","serviceType":"internal","serviceId":"addAllToList","position":{},"label":"","callType":"async","taskName":"Add All Tags to Tags List","parent":"1689281953156","painted":false,"addAtIndexType":"constant","addAtIndex":false,"desc":"Add all to List","taskNotes":"<p><br></p>","inputTask":"1689281953156","inputValue":null,"targetTask":"1689281962310","targetValue":null,"addedToConfig":false},"1689281962310":{"id":"1689281962310","type":"service","value":"Create List","serviceType":"internal","serviceId":"createList","position":{},"label":"","callType":"async","taskName":"Tags List","parent":"1689281968927","painted":false,"addAtIndexType":"constant","addAtIndex":false,"desc":"Create List","taskNotes":"<p><br></p>","addedToConfig":false},"1689281968927":{"id":"1689281968927","type":"service","value":"Get Value","serviceType":"internal","serviceId":"getValueFromObj","position":{},"label":"","callType":"async","taskName":"Local Service","parent":"1689281018628","painted":false,"addAtIndexType":"constant","addAtIndex":false,"desc":"Get Value","taskNotes":"<p><br></p>","inputTask":"1689281018628","inputValue":null,"targetVariable":"list","modelName":"Branch_UserTags","addedToConfig":false},"1689282312657":{"id":"1689282312657","type":"persist","position":{},"source":"1689281962310","target":null,"mapping":null,"label":"","taskName":"Write BRANCH_USERTAGS","parent":"1689355271556","taskNotes":"<p><br></p>","saveType":"global","variable":"BRANCH_USERTAGS_MENU","addedToConfig":false,"painted":false,"modelName":"Branch_UserTags"},"1689355135238":{"id":"1689355135238","type":"createDataObject","position":{},"condition":"Branch_UserTags","mapping":[{"name":"_id","valueType":"constant","value":"NO_TAG","fieldType":"String","list":false,"rr_dynamic_field_name_type":"","fromModel":""},{"name":"branchId","valueType":"variable","value":"_id","fieldType":"String","list":false,"rr_dynamic_field_name_type":"","fromModel":"Branch","source":"1689280940598"},{"name":"name","valueType":"constant","value":"All Users","fieldType":"String","list":false,"rr_dynamic_field_name_type":"","fromModel":""}],"label":"","taskName":"Branch_UserTag","parent":"1689281953157","painted":false,"taskNotes":"<p><br></p>","addedToConfig":false},"1689355140537":{"id":"1689355140537","type":"service","value":"Add to List","serviceType":"internal","serviceId":"addToList","position":{},"label":"","callType":"async","taskName":"Local Service","parent":"1689355135238","painted":false,"addAtIndexType":"constant","addAtIndex":false,"desc":"Add to List","taskNotes":"<p><br></p>","inputTask":"1689355135238","inputValue":null,"targetVariable":"list","modelName":"Branch_UserTags","targetTask":"1689281962310","targetValue":null,"addToBeginning":true,"addedToConfig":false},"1689355229148":{"id":"1689355229148","type":"filter","position":{},"source":null,"target":null,"mapping":[],"label":"","searchOption":"one","operator":"and","taskName":"Filter First in List","filterBy":"index","indexType":"constant","index":0,"parent":"1689281953149_end","painted":false,"taskNotes":"<p><br></p>","inputTask":"1689281962310","inputValue":null,"modelName":"Branch_UserTags","addedToConfig":false},"1689355271556":{"id":"1689355271556","type":"dataTransfer","position":{},"source":"mddui_page_input_data","sourceType":"page","sourceVariable":"","targetType":"page","target":"rr_page_data","targetVariable":null,"resultVariable":null,"mapping":[{"name":"selectedObject2","valueType":"variable","value":"_id","fieldType":"Object","list":false,"rr_dynamic_field_name_type":"","fromModel":"Branch_UserTags","source":"1689355229148"}],"label":"","taskName":"Update Model in Memory","parent":"1689355229148","painted":false,"taskNotes":"<p><br></p>","condition":"TR_Main_Dashboard","addedToConfig":false},"1709230093498":{"id":"1709230093498","type":"query","position":{},"source":null,"target":null,"mapping":null,"label":"","filterBy":"criteria","searchOption":"one","operator":"and","taskName":"Read SYSTEM_INFO","parent":"1665001440113","painted":false,"taskNotes":"<p><br></p>","saveType":"global","sourceVariable":"SYSTEM_INFO","modelName":"Lookup_SystemInfo","addedToConfig":false}},"decisionsMap":{"1689281953149":{"root":false,"success":"1689281953149_success_start","failure":"1689281953149_failure_start","successEnd":"1689281953149_success_end","failureEnd":"1689281953149_failure_end","end":"1689281953149_end"}},"active":false,"scheduler":false,"savedId":null,"workInProgress":false,"uiFLow":true,"startTaskId":"1665001440113","shouldSecure":false,"allowExecutionForAll":false,"testCase":false,"testSuite":false,"sequence":1,"internal":false,"triggeredFromBpm":false,"inputModel":null,"outputModel":null,"appName":null},
{"id":"6616e7cc8f083a303e9cead7","companyId":"5f47ce0c8f0815394ff3bd8a","createdDate":1712777253127,"updatedDate":1712777253127,"versionId":0,"referenceId":null,"systemStatus":"P","updatedByUserId":"5f47ce0e8f0815394ff3be1b","updatedByUserName":"Josh Havens","systemStatusText":null,"userTypes":null,"requirementIds":null,"name":"User_Management_User_Search_Specific_Page_Keyup","sourceReferenceId":null,"sourceReferenceAppId":null,"lockedByUserId":null,"lockedByUserName":null,"publicArtifact":false,"enableOffline":false,"locked":false,"canUnlock":false,"publishComment":" ","importantPublish":false,"appId":"5f47f6258f0814ff0a91755e","folderId":"","initializer":["633de3588f0837bab3c783e8"],"triggerType":"uiEvent","flow":[],"createdBy":null,"lastModifiedBy":null,"objectsMap":{"1678291960226":{"id":"1678291960226","type":"startObject","value":["633de3588f0837bab3c783e8"],"taskName":"Start","triggerType":"uiEvent","addedToConfig":true,"painted":true,"position":{},"taskNotes":"<p><br></p>","desc":"User_Management_User_Search"},"16782919602261000":{"id":"16782919602261000","parent":"1678992156820","systemExit":true,"type":"return","returnType":"exit","taskName":"Exit","label":"","addedToConfig":false,"painted":false,"position":{}},"1678291973426":{"id":"1678291973426","type":"query","position":{},"source":null,"target":null,"mapping":null,"label":"","filterBy":"criteria","searchOption":"one","operator":"and","taskName":"Read USER_SEARCH_RESULTS","parent":"1678291960226","painted":false,"taskNotes":"<p><br></p>","saveType":"global","sourceVariable":"USER_SEARCH_RESULTS","modelName":"SysQueryResult","addedToConfig":false},"1678891989735_end":{"id":"1678891989735_end","decisionId":"1678891989735","position":{},"type":"decisionEnd","painted":false,"addedToConfig":false,"taskNotes":"<p><br></p>"},"1678891989735_success_start":{"id":"1678891989735_success_start","decisionId":"1678891989735","parent":"1678891989735","position":{},"type":"decisionSucessStart","painted":false,"addedToConfig":false},"1678891989735_failure_start":{"id":"1678891989735_failure_start","decisionId":"1678891989735","parent":"1678891989735","position":{},"type":"decisionFailureStart","painted":false,"addedToConfig":false},"1678891989735_success_end":{"id":"1678891989735_success_end","decisionId":"1678891989735","parent":"1678992109002","position":{},"type":"decisionSucessEnd","painted":false,"addedToConfig":false},"1678891989735_failure_end":{"id":"1678891989735_failure_end","decisionId":"1678891989735","parent":"1678891989735_failure_start","position":{},"type":"decisionFailureEnd","painted":false,"addedToConfig":false},"1678891989735":{"id":"1678891989735","type":"decision","newMapping":true,"position":{},"condition":null,"serviceName":null,"serviceType":null,"operator":"and","mapping":[{"sourceType":"variable","sourceValue":"currentPage","source":"1678291973426","sourceFieldType":"Number","sourceModel":"SysQueryResult","isSourceList":false,"targetType":"variable","targetValue":"totalPages","target":"1678291973426","targetFieldType":"Number","targetModel":"SysQueryResult","isTargetList":false,"comparator":"greaterThan"}],"label":"","parent":"1678291973426","painted":false,"taskNotes":"<p><br></p>","addedToConfig":false},"1678992109002":{"id":"1678992109002","type":"dataTransfer","position":{},"source":"mddui_page_input_data","sourceType":"page","sourceVariable":"","targetType":"page","target":"1678291973426","targetVariable":null,"resultVariable":null,"mapping":[{"name":"currentPage","valueType":"variable","value":"totalPages","fieldType":"Number","list":false,"rr_dynamic_field_name_type":"","fromModel":"SysQueryResult","source":"1678291973426"}],"label":"","taskName":"Update Model in Memory","parent":"1678891989735_success_start","painted":false,"taskNotes":"<p><br></p>","condition":"SysQueryResult","showAllFields":false,"addedToConfig":false},"1678992156820":{"id":"1678992156820","type":"workflow","position":{},"workflowId":"5f47f8728f0814ff0a91774c","workflowName":"User_Management_Search_Click","workflowType":"uiFlow","label":"","taskName":"User Search","parent":"1678992162195","painted":false,"taskNotes":"<p><br></p>","addedToConfig":false,"inputTask":"rr_page_data","inputValue":null},"1678992162195":{"id":"1678992162195","type":"expression","position":{},"expression":[{"type":"operator","operator":"(","symbol":"("},{"type":"data","sourceText":"Output of Read DISCOUNT_LIST ( SysQueryResult )","source":"1678291973426","value":"currentPage"},{"type":"operator","operator":"-","symbol":"-"},{"type":"data","source":"constant","value":"1"},{"type":"operator","operator":")","symbol":")"},{"type":"operator","operator":"*","symbol":"*"},{"type":"data","sourceText":"Output of Read DISCOUNT_LIST ( SysQueryResult )","source":"1678291973426","value":"pageSize"},{"type":"operator","operator":"+","symbol":"+"},{"type":"data","source":"constant","value":"1"}],"targetVariable":null,"label":"","taskName":"Expression","parent":"1678992170906","painted":false,"taskNotes":"<p><br></p>","outputTask":"1678291973426","outputVariable":"startIndex","expressionType":"number","addedToConfig":false},"1678992170906":{"id":"1678992170906","type":"persist","position":{},"source":"constant","target":null,"mapping":null,"label":"","taskName":"Write PAGE_NAV","parent":"1678891989735_end","taskNotes":"<p><br></p>","saveType":"global","variable":"PAGE_NAV","sourceVariable":"true","modelName":"rr_primitive_boolean","addedToConfig":false,"painted":false}},"decisionsMap":{"1678891989735":{"success":"1678891989735_success_start","failure":"1678891989735_failure_start","successEnd":"1678891989735_success_end","failureEnd":"1678891989735_failure_end","end":"1678891989735_end","root":true}},"active":false,"scheduler":false,"savedId":null,"workInProgress":false,"uiFLow":true,"startTaskId":"1678291960226","shouldSecure":false,"allowExecutionForAll":false,"testCase":false,"testSuite":false,"sequence":1,"internal":false,"triggeredFromBpm":false,"inputModel":null,"outputModel":null,"appName":null}]