[{"id":"5f47f8728f0814ff0a91765d","companyId":"5f47ce0c8f0815394ff3bd8a","createdDate":1719259425829,"updatedDate":1719259425829,"versionId":180,"referenceId":null,"systemStatus":"P","updatedByUserId":"5f4d87978f086f27a2ab1467","updatedByUserName":"Chris Lamberth","systemStatusText":null,"userTypes":[],"requirementIds":[],"name":"Course_Builder_Module_Assessment","sourceReferenceId":"5e7cd7b8e4b0fa5ef777a19e","sourceReferenceAppId":"5e4ad395e4b053c18438f562","lockedByUserId":null,"lockedByUserName":null,"publicArtifact":false,"enableOffline":false,"locked":false,"canUnlock":false,"publishComment":" ","importantPublish":false,"appId":"5f47f6258f0814ff0a91755e","folderId":null,"desc":null,"loadDataFrom":"model","dataModel":"Course_ContentModule","webserviceId":null,"webserviceOutput":null,"preLoadWorkflowId":null,"workflowId":null,"backButtonWorkflowId":null,"targetDevice":"browser","detachTemplate":true,"templateId":"","landscapeTemplateId":"","defaultTemplate":"portrait","config":{"type":"gridpanel","style":{"width":"100%","height":"100%","display":"grid","grid-gap":"0em","grid-template-columns":"repeat(4, 1fr)","grid-template-rows":"repeat(4, 1fr)","grid-auto-rows":"1fr","grid-auto-columns":"1fr"},"direction":"layout-grid","fields":[{"type":"gridpanel","componentName":"","componentType":"gridpanel","class":"gridpanel","style":{"border-radius":"10px","border-top-left-radius":"10px","border-top-right-radius":"10px","border-bottom-right-radius":"10px","border-bottom-left-radius":"10px","width":"100%","display":"grid","max-width":"900px","padding-top":"0px","padding-left":"0px","padding-right":"0px","padding-bottom":"0px","grid-area":"1 / 1 / 5 / 5","grid-gap":"10px","grid-auto-rows":"auto","grid-auto-columns":"auto"},"hasChild":false,"gridArea":"1 / 1 / 5 / 5","id":1585239993116,"gridLayoutProps":{"rows":4,"cols":1,"layOutRows":4,"layOutCols":1,"grids":["1 / 1 / 2 / 2","2 / 1 / 3 / 2","3 / 1 / 4 / 2","4 / 1 / 5 / 2"]},"childStyle":{},"fields":[{"type":"flexlayout","componentName":"","componentType":"vbox","class":"sortable","direction":"vertical","align":"start","pack":"stretch","style":{"width":"100%","display":"flex","padding-top":"20px","padding-left":"20px","padding-right":"20px","padding-bottom":"20px","grid-area":"1 / 1 / 2 / 2"},"hasChild":false,"gridArea":"1 / 1 / 2 / 2","id":1614284432380,"childStyle":{},"fields":[{"type":"flexlayout","componentName":"","componentType":"hbox","class":"sortable","direction":"horizontal","align":"start","pack":"stretch","style":{"width":"100%","display":"flex","margin-bottom":"10px","justify-content":"space-between","align-items":"center"},"hasChild":false,"id":1719003273151,"fields":[{"type":"flexlayout","componentName":"","componentType":"vbox","class":"sortable","direction":"vertical","align":"start","pack":"stretch","style":{"display":"flex"},"hasChild":false,"id":1719003273152,"childStyle":{},"fields":[{"type":"text","componentName":"","componentType":"input","class":"text-wrap","style":{"font-family":"Montserrat","font-size":"16px","font-weight":"bold"},"hasChild":false,"id":1614357483720,"dynamicStyles":{},"background-color":{"isTransparent":false,"isChildTransparent":false}}],"dynamicStyles":{},"background-color":{"isTransparent":false,"isChildTransparent":false}},{"type":"flexlayout","componentName":"","componentType":"vbox","class":"sortable","direction":"vertical","align":"start","pack":"stretch","style":{"display":"flex","grid-area":"1 / 1 / 2 / 2"},"hasChild":false,"id":1719005911327,"childStyle":{},"dynamicStyles":{},"background-color":{"isTransparent":false,"isChildTransparent":false},"fields":[{"type":"button","componentName":"","componentType":"button","class":"btn btn-primary","style":{"background-color":"transparent","border-radius":"4px","border-style":"none","border-top-left-radius":"4px","border-top-right-radius":"4px","border-bottom-right-radius":"4px","border-bottom-left-radius":"4px","padding-top":"10px","padding-left":"10px","padding-right":"10px","padding-bottom":"10px","font-family":"Montserrat","font-size":"22px","font-weight":"bold"},"hasChild":false,"id":1719005911328,"dynamicStyles":{"color":{"isDynamic":true,"dataSourceType":"global","dataSourcefieldName":"primaryBGColorText","dataSourceKey":"BRANCH_STYLES","dataSourceModelName":"Branch_Styles"}},"background-color":{"isTransparent":false,"isChildTransparent":false},"name":""}],"gridArea":"1 / 1 / 2 / 2"}],"childStyle":{},"dynamicStyles":{},"background-color":{"isTransparent":false,"isChildTransparent":false}},{"type":"rte","class":"someClass orTwo","componentType":"rte","style":{"width":"100%","min-height":"300px","max-width":"835px","font-family":"Montserrat"},"hasChild":true,"id":1614284432381,"dynamicStyles":{},"dynamicChildStyles":{},"background-color":{"isTransparent":false,"isChildTransparent":false}}],"dynamicStyles":{},"background-color":{"isTransparent":false,"isChildTransparent":false}},{"type":"flexlayout","componentName":"","componentType":"vbox","class":"sortable","direction":"vertical","align":"start","pack":"stretch","style":{"width":"100%","display":"flex","margin-top":"0px","margin-left":"0px","margin-right":"0px","margin-bottom":"0px","padding-top":"0px","padding-left":"0px","padding-right":"0px","padding-bottom":"0px","grid-area":"2 / 1 / 3 / 2"},"hasChild":false,"gridArea":"2 / 1 / 3 / 2","id":1585258864545,"childStyle":{},"fields":[{"type":"flexlayout","componentName":"","componentType":"vbox","class":"sortable","direction":"vertical","align":"start","pack":"stretch","style":{"width":"100%","height":"100%","display":"flex","margin-bottom":"10px","flex-direction":"row","align-items":"center"},"hasChild":false,"id":1716581020554,"childStyle":{},"fields":[{"type":"text","componentName":"","componentType":"input","class":"text-wrap","style":{"margin-left":"20px","margin-right":"10px","font-family":"Montserrat","font-size":"16px"},"hasChild":false,"id":1614357483722,"dynamicStyles":{},"background-color":{"isTransparent":false,"isChildTransparent":false}},{"type":"button","componentName":"","componentType":"button","class":"btn btn-primary","style":{"background-color":"transparent","background-repeat":"no-repeat","border-width":"0PX","border-style":"none","border-bottom-right-radius":"0px","border-bottom-left-radius":"0px","margin-top":"0px","margin-left":"0px","margin-right":"0px","margin-bottom":"0px","font-family":"Montserrat","font-size":"22px","grid-area":"3 / 1 / 4 / 2"},"hasChild":false,"id":1716580937957,"dynamicStyles":{"color":{"isDynamic":true,"dataSourceType":"global","dataSourcefieldName":"primaryBGColorText","dataSourceKey":"BRANCH_STYLES","dataSourceModelName":"Branch_Styles"}},"background-color":{"isTransparent":false,"isChildTransparent":false},"rrStyles":[],"gridArea":"3 / 1 / 4 / 2"}],"dynamicStyles":{},"background-color":{"isTransparent":false,"isChildTransparent":false}},{"type":"flexlayout","componentName":"","componentType":"vbox","class":"sortable","direction":"vertical","align":"start","pack":"stretch","style":{"width":"100%","display":"flex","padding-top":"0","padding-left":"10px"},"hasChild":false,"id":1614357483721,"childStyle":{},"fields":[{"type":"list","class":"someClass orTwo","componentType":"list","style":{"padding-top":"5px"},"hasChild":true,"id":1585258864546,"dynamicStyles":{},"dynamicChildStyles":{},"background-color":{"isTransparent":false,"isChildTransparent":false},"name":"assessment_questions"}],"dynamicStyles":{},"background-color":{"isTransparent":false,"isChildTransparent":false}}],"dynamicStyles":{},"background-color":{"isTransparent":false,"isChildTransparent":false}},{"type":"flexlayout","componentName":"","componentType":"hbox","class":"sortable","direction":"horizontal","align":"start","pack":"stretch","style":{"background-color":"transparent","width":"100%","height":"NaN%","display":"flex","padding-top":"20px","padding-left":"20px","padding-right":"20px","padding-bottom":"20px","flex-direction":"row","justify-content":"space-between","grid-area":"3 / 1 / 4 / 2"},"hasChild":false,"gridArea":"3 / 1 / 4 / 2","id":1585253823899,"fields":[{"type":"flexlayout","componentName":"","componentType":"vbox","class":"sortable","direction":"vertical","align":"start","pack":"stretch","style":{"border-radius":"4px","border-width":"1px","border-style":"solid","border-color":"rgb(204, 204, 204)","border-top-left-radius":"4px","border-top-right-radius":"4px","border-bottom-right-radius":"4px","border-bottom-left-radius":"4px","width":"69%","height":"100%","display":"flex","padding-left":"20px","padding-right":"20px","align-items":"center"},"hasChild":false,"id":1600706675925,"childStyle":{},"fields":[{"type":"flexlayout","componentName":"","componentType":"vbox","class":"sortable","direction":"vertical","align":"start","pack":"stretch","style":{"width":"100%","display":"flex","padding-top":"8px","padding-bottom":"8px","position":"relative","flex-direction":"row","justify-content":"center","align-items":"center"},"hasChild":false,"id":1623683231743,"childStyle":{},"fields":[{"type":"text","componentName":"","componentType":"input","class":"text-wrap","style":{"margin-right":"15px","font-size":"22px","text-align":"center"},"hasChild":false,"id":1623774105479,"dynamicStyles":{"color":{"isDynamic":true,"dataSourceType":"global","dataSourcefieldName":"primaryBGColorText","dataSourceKey":"BRANCH_STYLES","dataSourceModelName":"Branch_Styles"}},"background-color":{"isTransparent":false,"isChildTransparent":false}},{"type":"text","componentName":"","componentType":"input","class":"text-wrap","style":{"font-family":"Montserrat","font-size":"1em"},"hasChild":false,"id":1623774105480,"dynamicStyles":{"color":{"isDynamic":true,"dataSourceType":"global","dataSourcefieldName":"primaryBGColorText","dataSourceKey":"BRANCH_STYLES","dataSourceModelName":"Branch_Styles"}},"background-color":{"isTransparent":false,"isChildTransparent":false}},{"type":"button","componentName":"","componentType":"button","class":"btn btn-primary","style":{"background-color":"transparent","background-repeat":"no-repeat","border-width":"0PX","border-style":"none","border-bottom-right-radius":"0px","border-bottom-left-radius":"0px","width":"100%","height":"100%","margin-top":"0px","margin-left":"0px","margin-right":"0px","margin-bottom":"0px","font-family":"Montserrat","position":"absolute","grid-area":"3 / 1 / 4 / 2"},"hasChild":false,"id":1623683877279,"dynamicStyles":{"color":{"isDynamic":true,"dataSourceType":"global","dataSourcefieldName":"primaryBGColorText","dataSourceKey":"BRANCH_STYLES","dataSourceModelName":"Branch_Styles"}},"background-color":{"isTransparent":false,"isChildTransparent":false},"rrStyles":["Standard_Button"],"gridArea":"3 / 1 / 4 / 2"}],"dynamicStyles":{},"background-color":{"isTransparent":false,"isChildTransparent":false}},{"type":"flexlayout","componentName":"","componentType":"vbox","class":"sortable","direction":"vertical","align":"start","pack":"stretch","style":{"border-left-width":"0px","border-right-width":"0px","border-top-width":"1px","border-bottom-width":"0px","border-style":"dotted","border-color":"rgb(204, 204, 204)","display":"none","margin-top":"0px","margin-left":"0px","margin-right":"0px","margin-bottom":"0px","padding-top":"0px","padding-left":"30px","padding-right":"0px","padding-bottom":"0px","grid-area":"4 / 1 / 5 / 2"},"hasChild":false,"gridArea":"4 / 1 / 5 / 2","id":1585687529761,"childStyle":{},"fields":[{"type":"list","class":"someClass orTwo","componentType":"list","style":{"border-width":"0px","margin-top":"0px","margin-left":"0px","margin-right":"0px","margin-bottom":"0px","padding-top":"0px","padding-left":"0px","padding-right":"0px","padding-bottom":"0px"},"hasChild":true,"id":1585687529762,"dynamicStyles":{},"dynamicChildStyles":{},"background-color":{"isTransparent":false,"isChildTransparent":false}}],"dynamicStyles":{},"background-color":{"isTransparent":false,"isChildTransparent":false},"name":"Question Type List Panel"}],"dynamicStyles":{"background-color":{"isDynamic":true,"dataSourceType":"global","dataSourcefieldName":"primaryBGColor","dataSourceKey":"BRANCH_STYLES","dataSourceModelName":"Branch_Styles"}},"background-color":{"isTransparent":false,"isChildTransparent":false},"name":"Create Question"},{"type":"flexlayout","componentName":"","componentType":"vbox","class":"sortable","direction":"vertical","align":"start","pack":"stretch","style":{"height":"100%","display":"none","margin-top":"0px","margin-left":"0px","margin-right":"0px","margin-bottom":"0px","padding-top":"0px","padding-left":"0px","padding-right":"0px","padding-bottom":"0px","flex-direction":"row-reverse"},"hasChild":false,"id":1600706675926,"childStyle":{},"fields":[{"type":"button","componentName":"","componentType":"button","class":"btn btn-primary","style":{},"hasChild":false,"id":1585687529760,"dynamicStyles":{},"background-color":{"isTransparent":false,"isChildTransparent":false}}],"dynamicStyles":{},"background-color":{"isTransparent":false,"isChildTransparent":false}},{"type":"flexlayout","componentName":"","componentType":"vbox","class":"sortable","direction":"vertical","align":"start","pack":"stretch","style":{"border-radius":"4px","border-width":"1px","border-style":"solid","border-color":"rgb(204, 204, 204)","border-top-left-radius":"4px","border-top-right-radius":"4px","border-bottom-right-radius":"4px","border-bottom-left-radius":"4px","width":"30%","display":"flex","padding-left":"20px","padding-right":"20px","flex-direction":"row","align-items":"center","grid-area":"1 / 1 / 5 / 5"},"hasChild":false,"id":1641583658183,"childStyle":{},"fields":[{"type":"flexlayout","componentName":"","componentType":"vbox","class":"sortable","direction":"vertical","align":"start","pack":"stretch","style":{"width":"100%","display":"flex","padding-top":"8px","padding-bottom":"8px","position":"relative","flex-direction":"row","justify-content":"center","align-items":"center"},"hasChild":false,"id":1641583658190,"childStyle":{},"dynamicStyles":{},"fields":[{"type":"text","componentName":"","componentType":"input","class":"text-wrap","style":{"margin-right":"15px","font-size":"22px","text-align":"center","grid-area":"1 / 1 / 5 / 5"},"hasChild":false,"id":1641583658191,"dynamicStyles":{"color":{"isDynamic":true,"dataSourceType":"global","dataSourcefieldName":"primaryBGColorText","dataSourceKey":"BRANCH_STYLES","dataSourceModelName":"Branch_Styles"}},"background-color":{"isTransparent":false,"isChildTransparent":false},"gridArea":"1 / 1 / 5 / 5"},{"type":"text","componentName":"","componentType":"input","class":"text-wrap","style":{"font-family":"Montserrat","font-size":"1em","grid-area":"1 / 1 / 5 / 5"},"hasChild":false,"id":1641583658192,"dynamicStyles":{"color":{"isDynamic":true,"dataSourceType":"global","dataSourcefieldName":"primaryBGColorText","dataSourceKey":"BRANCH_STYLES","dataSourceModelName":"Branch_Styles"}},"background-color":{"isTransparent":false,"isChildTransparent":false},"gridArea":"1 / 1 / 5 / 5"},{"type":"button","componentName":"","componentType":"button","class":"btn btn-primary","style":{"background-color":"transparent","background-repeat":"no-repeat","border-width":"0PX","border-style":"none","border-bottom-right-radius":"0px","border-bottom-left-radius":"0px","width":"100%","height":"100%","margin-top":"0px","margin-left":"0px","margin-right":"0px","margin-bottom":"0px","font-family":"Montserrat","position":"absolute","grid-area":"1 / 1 / 5 / 5"},"hasChild":false,"id":1641583658193,"dynamicStyles":{"color":{"isDynamic":true,"dataSourceType":"global","dataSourcefieldName":"primaryBGColorText","dataSourceKey":"BRANCH_STYLES","dataSourceModelName":"Branch_Styles"}},"background-color":{"isTransparent":false,"isChildTransparent":false},"rrStyles":["Standard_Button"],"gridArea":"1 / 1 / 5 / 5"}],"background-color":{"isTransparent":false,"isChildTransparent":false}}],"dynamicStyles":{"background-color":{"isDynamic":true,"dataSourceType":"global","dataSourcefieldName":"primaryBGColor","dataSourceKey":"BRANCH_STYLES","dataSourceModelName":"Branch_Styles"}},"background-color":{"isTransparent":false,"isChildTransparent":false},"name":"Import Question","gridArea":"1 / 1 / 5 / 5"}],"childStyle":{},"dynamicStyles":{},"background-color":{"isTransparent":false,"isChildTransparent":false},"name":"Add Question Section"}],"dynamicStyles":{"background-color":{"isDynamic":true,"dataSourceType":"global","dataSourcefieldName":"primaryBGColor","dataSourceKey":"BRANCH_STYLES","dataSourceModelName":"Branch_Styles"}},"background-color":{"isTransparent":false,"isChildTransparent":false}}],"id":1585239993115,"gridLayoutProps":{"rows":1,"cols":1,"layOutRows":4,"layOutCols":4,"grids":["1 / 1 / 5 / 5"]},"childStyle":{},"dynamicStyles":{},"background-color":{"isTransparent":false,"isChildTransparent":false}},"portraitConfig":null,"landscapeConfig":null,"pageBuilderConfig":{"1585239993115":{"listeners":{"click":{"workflow":"","submit":false,"type":"workflow","success":{"type":"goTo","screenId":""}},"drag":{"workflow":"","submit":false}},"cssClassNamedataSourceType":"","hoverTxtdataSourceType":""},"1585253823899":{"listeners":{"click":{"workflow":"","submit":false,"type":"workflow","success":{"type":"goTo","screenId":""}},"drag":{"workflow":"","submit":false},"doubleclick":{"type":"workflow","success":{"type":"goTo","screenId":""}}},"hoverTxtdataSourceType":"","cssClassNamedataSourceType":""},"1585239993116":{"listeners":{"click":{"workflow":"","submit":false,"type":"workflow","success":{"type":"goTo","screenId":""}},"drag":{"workflow":"","submit":false}},"hoverTxtdataSourceType":"","cssClassNamedataSourceType":""},"1585258864546":{"listeners":{"click":{"workflow":"5fc8088c8f0812e96d3e3b84","submit":false,"type":"workflow","success":{"type":"goTo","screenId":""}},"focus":{"workflow":"","submit":false,"type":"workflow","success":{"type":"goTo","screenId":""}},"sortUpdate":{"type":"workflow","success":{"type":"goTo","screenId":""},"workflow":"5f47f8728f0814ff0a917702"}},"isMultiCustom":false,"listCC":[],"cssClassNamedataSourceType":"","listType":"customList","dataSourceType":"global","emptyListCCdataSourceType":"","customComponent":"5f47f8728f0814ff0a917691","dataSourceKey":"CURRENT_QUESTION_LIST","dataSourceModelName":"Assessment_Questions","draggableSort":true,"sequenceModel":"Assessment_Questions","sequenceField":"sequence","scrollTodataSourceType":""},"1585258864545":{"listeners":{"click":{"workflow":"","submit":false,"type":"workflow","success":{"type":"goTo","screenId":""}},"drag":{"workflow":"","submit":false},"doubleclick":{"type":"workflow","success":{"type":"goTo","screenId":""}}},"hoverTxtdataSourceType":""},"1585687529760":{"listeners":{"click":{"workflow":"","submit":false,"type":"workflow","success":{"type":"goTo","screenId":""}},"longPress":{"workflow":"","submit":false}},"cssClassNamedataSourceType":"","filter":"","ellipsis":"","dataSourceType":"constant","badgedataSourceType":"","hoverTxtdataSourceType":"","dataSourcefieldName":"Copy from another assessment","labelKey":"Copy from another assessment"},"1585687529761":{"listeners":{"click":{"workflow":"","submit":false,"type":"workflow","success":{"type":"goTo","screenId":""}},"drag":{"workflow":"","submit":false},"doubleclick":{"type":"workflow","success":{"type":"goTo","screenId":""}}},"cssClassNamedataSourceType":"","hoverTxtdataSourceType":""},"1585687529762":{"listeners":{"click":{"workflow":"","submit":false,"type":"workflow","success":{"type":"goTo","screenId":""}},"focus":{"workflow":"","submit":false,"type":"workflow","success":{"type":"goTo","screenId":""}}},"isMultiCustom":false,"listCC":[],"listType":"customList","dataSourceType":"global","emptyListCCdataSourceType":"","dataSourceWorkflow":"5e83aa38e4b0fa5ef777a7f0","dataSourceModelName":"Menu_Items","customComponent":"5f6cce898f082b9cdc65a69e","listStyle":"horizontal","dataSourceKey":"QUESTION_TYPE_MENU","flowType":"overflow","maxColumns":""},"1600706675926":{"listeners":{"click":{"workflow":"","submit":false,"type":"workflow","success":{"type":"goTo","screenId":""}},"drag":{"workflow":"","submit":false},"doubleclick":{"type":"workflow","success":{"type":"goTo","screenId":""}}},"hoverTxtdataSourceType":""},"1600706675925":{"listeners":{"click":{"workflow":"","submit":false,"type":"workflow","success":{"type":"goTo","screenId":""}},"drag":{"workflow":"","submit":false},"doubleclick":{"type":"workflow","success":{"type":"goTo","screenId":""}}},"hoverTxtdataSourceType":"","cssClassNamedataSourceType":""},"1614284432381":{"listeners":{"blur":{"workflow":"","submit":false,"type":"workflow","success":{"type":"goTo","screenId":""}},"drop":{"workflow":"","submit":false,"type":"workflow","success":{"type":"goTo","screenId":""}},"select":{"workflow":"","submit":false,"type":"workflow","success":{"type":"goTo","screenId":""}},"keyup":{"type":"workflow","success":{"type":"goTo","screenId":""}}},"dataSourceType":"pagemodel","rawTextdataSourceType":"","ExternalCssdataSourceType":"","textSelectiondataSourceType":"","dataSourcefieldName":"content","resizable":true,"isDynamicReadOnly":false,"readOnlydataSourceType":"","showToolbar":false,"isReadOnly":false},"1614284432380":{"listeners":{"click":{"workflow":"","submit":false,"type":"workflow","success":{"type":"goTo","screenId":""}},"drag":{"workflow":"","submit":false},"doubleclick":{"type":"workflow","success":{"type":"goTo","screenId":""}}},"hoverTxtdataSourceType":""},"1614357483720":{"listeners":{"click":{"workflow":"","submit":false,"type":"workflow","success":{"type":"goTo","screenId":""}},"doubleclick":{"type":"workflow","success":{"type":"goTo","screenId":""}}},"cssClassNamedataSourceType":"","dataSourceType":"constant","dataSourcefieldName":"Instructions","ellipsis":"","isRequiredKeydataSourceType":"","labelKey":"Instructions"},"1614357483721":{"listeners":{"click":{"workflow":"","submit":false,"type":"workflow","success":{"type":"goTo","screenId":""}},"drag":{"workflow":"","submit":false},"doubleclick":{"type":"workflow","success":{"type":"goTo","screenId":""}}},"hoverTxtdataSourceType":""},"1614357483722":{"listeners":{"click":{"workflow":"","submit":false,"type":"workflow","success":{"type":"goTo","screenId":""}},"doubleclick":{"type":"workflow","success":{"type":"goTo","screenId":""}}},"cssClassNamedataSourceType":"","dataSourceType":"constant","dataSourcefieldName":"List of Questions","ellipsis":"","isRequiredKeydataSourceType":"","labelKey":"List of Questions"},"1623683231743":{"listeners":{"click":{"workflow":"","submit":false},"drag":{"workflow":"","submit":false}}},"1623683877279":{"listeners":{"click":{"workflow":"5f47f8728f0814ff0a91771f","submit":false,"type":"workflow","success":{"type":"goTo","screenId":""}},"longPress":{"workflow":"","submit":false}},"cssClassNamedataSourceType":"","filter":"","ellipsis":"","dataSourceType":"constant","badgedataSourceType":"","hoverTxtdataSourceType":"","dataSourcefieldName":"","labelKey":""},"1623774105479":{"listeners":{"click":{"workflow":"","submit":false,"type":"workflow","success":{"type":"goTo","screenId":""}},"doubleclick":{"type":"workflow","success":{"type":"goTo","screenId":""}}},"cssClassNamedataSourceType":"","dataSourceType":"constant","ellipsis":"","isRequiredKeydataSourceType":"","dataSourcefieldName":"<i class=\"fal fa-plus\"></i>"},"1623774105480":{"listeners":{"click":{"workflow":"","submit":false,"type":"workflow","success":{"type":"goTo","screenId":""}},"doubleclick":{"type":"workflow","success":{"type":"goTo","screenId":""}}},"dataSourceType":"constant","dataSourcefieldName":"Create Question","ellipsis":"","isRequiredKeydataSourceType":"","labelKey":""},"1641583658183":{"listeners":{"click":{"workflow":"","submit":false,"type":"workflow","success":{"type":"goTo","screenId":""}},"drag":{"workflow":"","submit":false},"doubleclick":{"type":"workflow","success":{"type":"goTo","screenId":""}}},"hoverTxtdataSourceType":""},"1641583658190":{"listeners":{"click":{"workflow":"","submit":false,"type":"workflow","success":{"type":"goTo","screenId":""}},"drag":{"workflow":"","submit":false},"doubleclick":{"type":"workflow","success":{"type":"goTo","screenId":""}}},"hoverTxtdataSourceType":""},"1641583658191":{"listeners":{"click":{"workflow":"","submit":false,"type":"workflow","success":{"type":"goTo","screenId":""}},"doubleclick":{"type":"workflow","success":{"type":"goTo","screenId":""}}},"cssClassNamedataSourceType":"","dataSourceType":"constant","ellipsis":"","isRequiredKeydataSourceType":"","dataSourcefieldName":"<i class=\"fal fa-plus\"></i>"},"1641583658192":{"listeners":{"click":{"workflow":"","submit":false,"type":"workflow","success":{"type":"goTo","screenId":""}},"doubleclick":{"type":"workflow","success":{"type":"goTo","screenId":""}}},"dataSourceType":"constant","dataSourcefieldName":"Import Questions","ellipsis":"","isRequiredKeydataSourceType":"","labelKey":"Import Questions"},"1641583658193":{"listeners":{"click":{"workflow":"61dcaa378f087292d3da4e08","submit":false,"type":"workflow","success":{"type":"goTo","screenId":""}},"longPress":{"workflow":"","submit":false}},"cssClassNamedataSourceType":"","filter":"","ellipsis":"","dataSourceType":"constant","badgedataSourceType":"","hoverTxtdataSourceType":"","dataSourcefieldName":"","labelKey":""},"1716580937957":{"listeners":{"click":{"workflow":"6650e71d8f08bdb80fbb52cc","submit":false,"type":"workflow","success":{"type":"goTo","screenId":""}},"longPress":{"workflow":"","submit":false}},"cssClassNamedataSourceType":"","filter":"","ellipsis":"","dataSourceType":"constant","badgedataSourceType":"","hoverTxtdataSourceType":"constant","dataSourcefieldName":"<i class=\"fal fa-plus\"></i>","labelKey":"","hoverTxtdataSourcefieldName":"Add Question"},"1716581020554":{"listeners":{"click":{"workflow":"","submit":false,"type":"workflow","success":{"type":"goTo","screenId":""}},"drag":{"workflow":"","submit":false},"panelResize":{"workflow":"","submit":false},"doubleclick":{"type":"workflow","success":{"type":"goTo","screenId":""}}},"hoverTxtdataSourceType":""},"1719003273151":{"listeners":{"click":{"workflow":"","submit":false},"drag":{"workflow":"","submit":false},"panelResize":{"workflow":"","submit":false}}},"1719005911327":{"listeners":{"click":{"workflow":"","submit":false},"drag":{"workflow":"","submit":false},"panelResize":{"workflow":"","submit":false}}},"1719005911328":{"listeners":{"click":{"workflow":"","submit":false,"type":"showModal","success":{"type":"goTo","screenId":""},"headerInputConfig":"constant","modal-header-value":"Print Assessments","modal-width":"700","modal-height":"500","customComponent":"66747f118f08bdb80fbb778a"},"longPress":{"workflow":"","submit":false}},"filter":"","ellipsis":"","dataSourceType":"constant","badgedataSourceType":"","hoverTxtdataSourceType":"constant","dataSourcefieldName":"<i class=\"fal fa-file-pdf\"></i>","labelKey":"","cssClassNamedataSourceType":"","hoverTxtdataSourcefieldName":"Export PDF"},"1719003273152":{"listeners":{"click":{"workflow":"","submit":false},"drag":{"workflow":"","submit":false},"panelResize":{"workflow":"","submit":false}}},"dataModel":"Course_ContentModule"},"gridLayoutConfig":{"cols":1,"rows":1,"gridgap":{"int":0,"unit":"em"},"autoflow":true,"explicit":{"colValues":"auto","rowValues":"auto"}},"savedId":null,"workInProgress":false,"status":null,"createdBy":null,"lastModifiedBy":null,"deleted":false,"customComponent":true,"style":false,"animation":false,"styleComponentType":null,"hidden":false,"hideDrawer":false,"lockOrientation":null,"screenShotData":null,"customComponentScreenShot":false,"eventMappings":null,"layoutRows":0,"layoutCols":0,"enableRuntimeConfiguration":false,"inputs":null,"timerWorkflowId":null,"timeInterval":0,"label":null,"leftArrowWorkflowId":null,"rightArrowWorkflowId":null,"bpmManaged":false,"category":null,"displaySeq":0,"rowCounter":0,"columnCounter":0,"aiHtml":null,"customization":null,"pageData":null},
{"id":"605a090a8f0800820d2effc5","companyId":"5f47ce0c8f0815394ff3bd8a","createdDate":1720813552752,"updatedDate":1720813552752,"versionId":120,"referenceId":null,"systemStatus":"P","updatedByUserId":"5fa999cf8f08eee59b0a70e1","updatedByUserName":"Mark Bonham","systemStatusText":null,"userTypes":[],"requirementIds":[],"name":"Course_Builder_Module_Assessment_Settings","sourceReferenceId":null,"sourceReferenceAppId":null,"lockedByUserId":null,"lockedByUserName":null,"publicArtifact":false,"enableOffline":false,"locked":false,"canUnlock":false,"publishComment":"fc","importantPublish":false,"appId":"5f47f6258f0814ff0a91755e","folderId":null,"desc":null,"loadDataFrom":"model","dataModel":"Course_ContentModule","webserviceId":null,"webserviceOutput":null,"preLoadWorkflowId":"","workflowId":"62d027b48f08df8c017c96dc","backButtonWorkflowId":null,"targetDevice":"browser","detachTemplate":true,"templateId":"","landscapeTemplateId":"","defaultTemplate":"portrait","config":{"type":"panel","style":{"width":"100%","height":"100%"},"direction":"layout-box horizontal align-start pack-start","fields":[{"type":"flexlayout","componentName":"","componentType":"vbox","class":"sortable","direction":"vertical","align":"start","pack":"stretch","style":{"border-radius":"4px","border-style":"none","width":"100%","height":"100%","display":"flex","align-items":"center"},"hasChild":false,"id":1616513291014,"childStyle":{},"dynamicStyles":{"background-color":{"isDynamic":true,"dataSourceType":"global","dataSourcefieldName":"secondaryBGColor","dataSourceKey":"BRANCH_STYLES","dataSourceModelName":"Branch_Styles"}},"fields":[{"type":"flexlayout","componentName":"","componentType":"vbox","class":"sortable","direction":"vertical","align":"start","pack":"stretch","style":{"display":"flex"},"hasChild":false,"id":1616514831256,"childStyle":{},"fields":[{"type":"text","componentName":"","componentType":"input","class":"text-wrap","style":{"font-weight":"bold","color":"rgb(0, 0, 0)"},"hasChild":false,"id":1616514831257,"dynamicStyles":{},"background-color":{"isTransparent":false,"isChildTransparent":false}}],"dynamicStyles":{},"background-color":{"isTransparent":false,"isChildTransparent":false}},{"type":"flexlayout","componentName":"","componentType":"vbox","class":"sortable","direction":"vertical","align":"start","pack":"stretch","style":{"width":"100%","display":"flex","margin-top":"0px","margin-left":"0px","margin-right":"0px","margin-bottom":"0px","padding-top":"0px","padding-left":"20px","padding-right":"10px","padding-bottom":"0px","flex-direction":"row","justify-content":"space-evenly","align-items":"center","grid-area":"1 / 1 / 2 / 2"},"hasChild":false,"id":1616513324843,"childStyle":{},"fields":[{"type":"flexlayout","componentName":"","componentType":"vbox","class":"sortable","direction":"vertical","align":"start","pack":"stretch","style":{"width":"100px","height":"100%","min-width":"100px"},"hasChild":false,"id":1626721465145,"childStyle":{},"fields":[],"dynamicStyles":{},"background-color":{"isTransparent":false,"isChildTransparent":false}},{"type":"flexlayout","componentName":"","componentType":"vbox","class":"sortable","direction":"vertical","align":"start","pack":"stretch","style":{"width":"240px","display":"flex","min-width":"200px","flex-direction":"row"},"hasChild":false,"id":1616514831253,"childStyle":{},"fields":[{"type":"checkbox","componentName":"","componentType":"checkbox","class":"someClass orTwo","style":{"font-size":".9em"},"hasChild":true,"id":1616514831250,"childStyle":{"color":"rgb(109, 109, 109)"},"dynamicStyles":{"color":{"isDynamic":true,"dataSourceType":"global","dataSourcefieldName":"secondaryBGTextColor","dataSourceKey":"BRANCH_STYLES","dataSourceModelName":"Branch_Styles"}},"dynamicChildStyles":{},"background-color":{"isTransparent":false,"isChildTransparent":false}}],"dynamicStyles":{},"background-color":{"isTransparent":false,"isChildTransparent":false}},{"type":"flexlayout","componentName":"","componentType":"vbox","class":"sortable","direction":"vertical","align":"start","pack":"stretch","style":{"display":"flex","min-width":"360px","margin-top":"0px","margin-left":"0px","margin-right":"0px","margin-bottom":"0px","padding-top":"0px","padding-left":"10px","padding-right":"10px","padding-bottom":"0px","flex-direction":"row","align-items":"center","grid-area":"1 / 1 / 2 / 2"},"hasChild":false,"id":1617828061563,"childStyle":{},"fields":[{"type":"flexlayout","componentName":"","componentType":"vbox","class":"sortable","direction":"vertical","align":"start","pack":"stretch","style":{"width":"240px","display":"flex"},"hasChild":false,"id":1617828061564,"childStyle":{},"fields":[{"type":"checkbox","componentName":"","componentType":"checkbox","class":"someClass orTwo","style":{"min-width":"210px","font-size":".9em","color":"rgb(109, 109, 109)","align-items":"center"},"hasChild":true,"id":1617828061565,"childStyle":{"color":"rgb(109, 109, 109)"},"dynamicStyles":{"color":{"isDynamic":true,"dataSourceType":"global","dataSourcefieldName":"secondaryBGTextColor","dataSourceKey":"BRANCH_STYLES","dataSourceModelName":"Branch_Styles"}},"dynamicChildStyles":{},"background-color":{"isTransparent":false,"isChildTransparent":false}}],"dynamicStyles":{},"background-color":{"isTransparent":false,"isChildTransparent":false},"name":"Limited Q Panel"},{"type":"flexlayout","componentName":"","componentType":"vbox","class":"sortable","direction":"vertical","align":"start","pack":"stretch","style":{"width":"70px","min-width":"60px"},"hasChild":false,"id":1617828061566,"childStyle":{},"fields":[{"type":"flexlayout","componentName":"","componentType":"vbox","class":"sortable","direction":"vertical","align":"start","pack":"stretch","style":{"display":"none"},"hasChild":false,"id":1618928055931,"childStyle":{},"dynamicStyles":{},"background-color":{"isTransparent":false,"isChildTransparent":false},"fields":[{"type":"input","componentName":"","componentType":"input","class":"someClass orTwo","placeholder":"","inputType":"text","style":{"width":"70px"},"hasChild":false,"id":1617828061567,"dynamicStyles":{},"background-color":{"isTransparent":false,"isChildTransparent":false},"name":"LIMITED Input"}],"name":"Limited 2 Panel"}],"dynamicStyles":{},"background-color":{"isTransparent":false,"isChildTransparent":false}}],"dynamicStyles":{"background-color":{"isDynamic":true,"dataSourceType":"global","dataSourcefieldName":"secondaryBGColor","dataSourceKey":"BRANCH_STYLES","dataSourceModelName":"Branch_Styles"}},"background-color":{"isTransparent":false,"isChildTransparent":false},"gridArea":"1 / 1 / 2 / 2","name":"Limited Questions"}],"dynamicStyles":{"background-color":{"isDynamic":true,"dataSourceType":"global","dataSourcefieldName":"secondaryBGColor","dataSourceKey":"BRANCH_STYLES","dataSourceModelName":"Branch_Styles"}},"background-color":{"isTransparent":false,"isChildTransparent":false},"gridArea":"1 / 1 / 2 / 2"},{"type":"flexlayout","componentName":"","componentType":"vbox","class":"sortable","direction":"vertical","align":"start","pack":"stretch","style":{"width":"100%","display":"flex","padding-left":"20px","padding-right":"10px","flex-direction":"row","justify-content":"space-evenly","align-items":"center"},"hasChild":false,"id":1617827462139,"childStyle":{},"fields":[{"type":"flexlayout","componentName":"","componentType":"vbox","class":"sortable","direction":"vertical","align":"start","pack":"stretch","style":{"width":"100px","height":"100%","min-width":"100px"},"hasChild":false,"id":1626721520630,"childStyle":{},"fields":[],"dynamicStyles":{},"background-color":{"isTransparent":false,"isChildTransparent":false}},{"type":"flexlayout","componentName":"","componentType":"vbox","class":"sortable","direction":"vertical","align":"start","pack":"stretch","style":{"width":"240px","display":"flex","min-width":"200px"},"hasChild":false,"id":1616514831254,"childStyle":{},"fields":[{"type":"checkbox","componentName":"","componentType":"checkbox","class":"someClass orTwo","style":{"font-size":".9em"},"hasChild":true,"id":1616514831249,"childStyle":{"color":"rgb(109, 109, 109)"},"dynamicStyles":{"color":{"isDynamic":true,"dataSourceType":"global","dataSourcefieldName":"secondaryBGTextColor","dataSourceKey":"BRANCH_STYLES","dataSourceModelName":"Branch_Styles"}},"dynamicChildStyles":{},"background-color":{"isTransparent":false,"isChildTransparent":false}}],"dynamicStyles":{},"background-color":{"isTransparent":false,"isChildTransparent":false}},{"type":"flexlayout","componentName":"","componentType":"vbox","class":"sortable","direction":"vertical","align":"start","pack":"stretch","style":{"display":"flex","min-width":"360px","margin-top":"0px","margin-left":"0px","margin-right":"0px","margin-bottom":"0px","padding-top":"0px","padding-left":"10px","padding-right":"10px","padding-bottom":"0px","flex-direction":"row","justify-content":"space-around","align-items":"center","grid-area":"1 / 1 / 2 / 2"},"hasChild":false,"id":1616513557879,"childStyle":{},"fields":[{"type":"flexlayout","componentName":"","componentType":"vbox","class":"sortable","direction":"vertical","align":"start","pack":"stretch","style":{"width":"240px","display":"flex"},"hasChild":false,"id":1616514831255,"childStyle":{},"fields":[{"type":"checkbox","componentName":"","componentType":"checkbox","class":"someClass orTwo","style":{"min-width":"210px","font-size":".9em","align-items":"center"},"hasChild":true,"id":1616514831251,"childStyle":{"color":"rgb(109, 109, 109)"},"dynamicStyles":{"color":{"isDynamic":true,"dataSourceType":"global","dataSourcefieldName":"secondaryBGTextColor","dataSourceKey":"BRANCH_STYLES","dataSourceModelName":"Branch_Styles"}},"dynamicChildStyles":{},"background-color":{"isTransparent":false,"isChildTransparent":false}}],"dynamicStyles":{},"background-color":{"isTransparent":false,"isChildTransparent":false},"name":"Proctor C Panel"},{"type":"flexlayout","componentName":"","componentType":"vbox","class":"sortable","direction":"vertical","align":"start","pack":"stretch","style":{"width":"100px","min-width":"100px"},"hasChild":false,"id":1616514831252,"childStyle":{},"fields":[{"type":"flexlayout","componentName":"","componentType":"vbox","class":"sortable","direction":"vertical","align":"start","pack":"stretch","style":{"display":"none"},"hasChild":false,"id":1618928055932,"childStyle":{},"dynamicStyles":{},"background-color":{"isTransparent":false,"isChildTransparent":false},"name":"Proctor Code 2 Panel","fields":[{"type":"input","componentName":"","componentType":"input","class":"someClass orTwo","placeholder":"","inputType":"text","style":{"width":"130px"},"hasChild":false,"id":1616513291015,"dynamicStyles":{},"background-color":{"isTransparent":false,"isChildTransparent":false},"name":"Proctor Input"}]}],"dynamicStyles":{},"background-color":{"isTransparent":false,"isChildTransparent":false}}],"dynamicStyles":{"background-color":{"isDynamic":true,"dataSourceType":"global","dataSourcefieldName":"secondaryBGColor","dataSourceKey":"BRANCH_STYLES","dataSourceModelName":"Branch_Styles"}},"background-color":{"isTransparent":false,"isChildTransparent":false},"gridArea":"1 / 1 / 2 / 2","name":"Proctor Code Panel"}],"dynamicStyles":{},"background-color":{"isTransparent":false,"isChildTransparent":false}},{"type":"flexlayout","componentName":"","componentType":"vbox","class":"sortable","direction":"vertical","align":"start","pack":"stretch","style":{"width":"100%","display":"flex","padding-left":"20px","padding-right":"10px","flex-direction":"row","justify-content":"space-evenly","align-items":"center"},"hasChild":false,"id":1719239914473,"childStyle":{},"fields":[{"type":"flexlayout","componentName":"","componentType":"vbox","class":"sortable","direction":"vertical","align":"start","pack":"stretch","style":{"width":"100px","height":"100%","min-width":"100px"},"hasChild":false,"id":1719239914474,"childStyle":{},"fields":[],"dynamicStyles":{},"background-color":{"isTransparent":false,"isChildTransparent":false}},{"type":"flexlayout","componentName":"","componentType":"vbox","class":"sortable","direction":"vertical","align":"start","pack":"stretch","style":{"width":"240px","display":"flex","min-width":"200px"},"hasChild":false,"id":1719239914475,"childStyle":{},"fields":[{"type":"flexlayout","componentName":"","componentType":"vbox","class":"sortable","direction":"vertical","align":"start","pack":"stretch","style":{"height":"100%","display":"flex","flex-direction":"row","align-items":"center"},"hasChild":false,"id":1718203067213,"childStyle":{},"dynamicStyles":{},"fields":[{"type":"button","componentName":"","componentType":"button","class":"btn btn-primary","style":{"background-color":"transparent","border-radius":"4px","border-style":"none","border-top-left-radius":"4px","border-top-right-radius":"4px","border-bottom-right-radius":"4px","border-bottom-left-radius":"4px","margin-right":"10px","padding-top":"0px","padding-left":"0px","padding-right":"0px","padding-bottom":"0px","font-family":"Montserrat","font-size":"22px","font-weight":"bold"},"hasChild":false,"id":1718203141110,"dynamicStyles":{"color":{"isDynamic":true,"dataSourceType":"global","dataSourcefieldName":"primaryBGColorText","dataSourceKey":"BRANCH_STYLES","dataSourceModelName":"Branch_Styles"}},"background-color":{"isTransparent":false,"isChildTransparent":false},"name":""},{"type":"text","componentName":"","componentType":"input","class":"text-wrap","style":{"font-size":"0.9em","font-weight":"bold"},"hasChild":false,"id":1719006834597,"dynamicStyles":{"color":{"isDynamic":true,"dataSourceType":"global","dataSourcefieldName":"secondaryBGTextColor","dataSourceKey":"BRANCH_STYLES","dataSourceModelName":"Branch_Styles"}},"background-color":{"isTransparent":false,"isChildTransparent":false}}],"background-color":{"isTransparent":false,"isChildTransparent":false}}],"dynamicStyles":{},"background-color":{"isTransparent":false,"isChildTransparent":false}},{"type":"flexlayout","componentName":"","componentType":"vbox","class":"sortable","direction":"vertical","align":"start","pack":"stretch","style":{"display":"flex","min-width":"360px","margin-top":"0px","margin-left":"0px","margin-right":"0px","margin-bottom":"0px","padding-top":"0px","padding-left":"5px","padding-right":"10px","padding-bottom":"0px","flex-direction":"row","grid-area":"1 / 1 / 2 / 2"},"hasChild":false,"id":1719239914477,"childStyle":{},"fields":[{"type":"flexlayout","componentName":"","componentType":"vbox","class":"sortable","direction":"vertical","align":"start","pack":"stretch","style":{"height":"50%","display":"flex","flex-direction":"row","align-items":"center"},"hasChild":false,"id":1719006834598,"childStyle":{},"fields":[{"type":"flexlayout","componentName":"","componentType":"vbox","class":"sortable","direction":"vertical","align":"start","pack":"stretch","style":{"display":"flex","flex-direction":"row","align-items":"center"},"hasChild":false,"id":1719006834599,"childStyle":{},"fields":[{"type":"button","componentName":"","componentType":"button","class":"btn btn-primary","style":{"background-color":"transparent","border-style":"none","margin-right":"10px","padding-top":"0px","padding-left":"0px","padding-right":"0px","padding-bottom":"0px","font-size":"20px"},"hasChild":false,"id":1719006834600,"dynamicStyles":{"color":{"isDynamic":true,"dataSourceType":"global","dataSourcefieldName":"primaryBGColorText","dataSourceKey":"BRANCH_STYLES","dataSourceModelName":"Branch_Styles"}},"background-color":{"isTransparent":false,"isChildTransparent":false}},{"type":"text","componentName":"","componentType":"input","class":"text-wrap","style":{"width":"136px","font-size":"0.9em","font-weight":"bold"},"hasChild":false,"id":1719006834601,"dynamicStyles":{"color":{"isDynamic":true,"dataSourceType":"global","dataSourcefieldName":"secondaryBGTextColor","dataSourceKey":"BRANCH_STYLES","dataSourceModelName":"Branch_Styles"}},"background-color":{"isTransparent":false,"isChildTransparent":false}}],"dynamicStyles":{},"background-color":{"isTransparent":false,"isChildTransparent":false}}],"dynamicStyles":{},"background-color":{"isTransparent":false,"isChildTransparent":false},"name":"Import_panel"},{"type":"flexlayout","componentName":"","componentType":"vbox","class":"sortable","direction":"vertical","align":"start","pack":"stretch","style":{"height":"50%","display":"none","flex-direction":"row","align-items":"center"},"hasChild":false,"id":1718211625385,"childStyle":{},"fields":[{"type":"flexlayout","componentName":"","componentType":"vbox","class":"sortable","direction":"vertical","align":"start","pack":"stretch","style":{"display":"flex","padding-bottom":"10px","flex-direction":"row","align-items":"center"},"hasChild":false,"id":1718211625386,"childStyle":{},"dynamicStyles":{},"fields":[{"type":"input","componentName":"","componentType":"input","class":"someClass orTwo","placeholder":"","inputType":"text","style":{"width":"300px","height":"42px","margin-right":"-45px"},"hasChild":false,"id":1718211625387,"dynamicStyles":{},"background-color":{"isTransparent":false,"isChildTransparent":false}},{"type":"button","componentName":"","componentType":"button","class":"btn btn-primary","style":{"background-color":"transparent","border-radius":"0","border-left-width":"1px","border-right-width":"0px","border-top-width":"0px","border-bottom-width":"0px","border-style":"solid","border-color":"#ccc","border-top-left-radius":"0","border-top-right-radius":"0","border-bottom-right-radius":"0","border-bottom-left-radius":"0","font-size":"18px","z-index":"2"},"hasChild":false,"id":1719006834602,"dynamicStyles":{"color":{"isDynamic":true,"dataSourceType":"global","dataSourcefieldName":"primaryBGColorText","dataSourceKey":"BRANCH_STYLES","dataSourceModelName":"Branch_Styles"}},"background-color":{"isTransparent":false,"isChildTransparent":false}},{"type":"button","componentName":"","componentType":"button","class":"btn btn-primary","style":{"background-color":"transparent","border-style":"none","font-size":"30px","color":"red"},"hasChild":false,"id":1719242256865,"dynamicStyles":{},"background-color":{"isTransparent":false,"isChildTransparent":false}}],"background-color":{"isTransparent":false,"isChildTransparent":false}}],"dynamicStyles":{},"background-color":{"isTransparent":false,"isChildTransparent":false},"name":"import_field"}],"dynamicStyles":{"background-color":{"isDynamic":true,"dataSourceType":"global","dataSourcefieldName":"secondaryBGColor","dataSourceKey":"BRANCH_STYLES","dataSourceModelName":"Branch_Styles"}},"background-color":{"isTransparent":false,"isChildTransparent":false},"gridArea":"1 / 1 / 2 / 2","name":"Import Assessment"}],"dynamicStyles":{},"background-color":{"isTransparent":false,"isChildTransparent":false},"name":"copy_panel"}],"background-color":{"isTransparent":false,"isChildTransparent":false}}],"id":1616513291013,"childStyle":{},"dynamicStyles":{},"background-color":{"isTransparent":false,"isChildTransparent":false}},"portraitConfig":null,"landscapeConfig":null,"pageBuilderConfig":{"1616513291013":{"listeners":{"click":{"workflow":"","submit":false},"drag":{"workflow":"","submit":false}},"cssClassNamedataSourceType":""},"1616513291014":{"listeners":{"click":{"workflow":"","submit":false,"type":"workflow","success":{"type":"goTo","screenId":""}},"drag":{"workflow":"","submit":false},"doubleclick":{"type":"workflow","success":{"type":"goTo","screenId":""}}},"hoverTxtdataSourceType":"","cssClassNamedataSourceType":""},"1616513324843":{"listeners":{"click":{"workflow":"","submit":false,"type":"workflow","success":{"type":"goTo","screenId":""}},"drag":{"workflow":"","submit":false},"doubleclick":{"type":"workflow","success":{"type":"goTo","screenId":""}}},"hoverTxtdataSourceType":"","cssClassNamedataSourceType":""},"1616513557879":{"listeners":{"click":{"workflow":"","submit":false,"type":"workflow","success":{"type":"goTo","screenId":""}},"drag":{"workflow":"","submit":false},"doubleclick":{"type":"workflow","success":{"type":"goTo","screenId":""}}},"hoverTxtdataSourceType":"","cssClassNamedataSourceType":""},"1616513291015":{"listeners":{"click":{"workflow":"","submit":false},"focus":{"workflow":"","submit":false,"type":"workflow","success":{"type":"goTo","screenId":""}},"blur":{"workflow":"","submit":false,"type":"workflow","success":{"type":"goTo","screenId":""}},"keyup":{"type":"workflow","success":{"type":"goTo","screenId":""}}},"dataSourceType":"pagemodel","placeholderdataSourceType":"","validationRequiredErrorTextdataSourceType":"","validationMinLengthErrorTextdataSourceType":"","validationMaxLengthErrorTextdataSourceType":"","validationInputTypeErrorTextdataSourceType":"","cssClassNamedataSourceType":"","dataSourcefieldName":"isProctorCode"},"1616514831249":{"options":[{"label":"Take Only Once","value":"true","checked":null,"labelKey":"Take Only Once"}],"listeners":{"select":{"workflow":"","submit":false},"click":{"type":"workflow","success":{"type":"goTo","screenId":""},"workflow":"5f47f8728f0814ff0a917717"}},"dataSourceType":"constant","selecteddataSourceType":"pagemodel","cssClassNamedataSourceType":"","selecteddataSourcefieldName":"isTakeOnce","validationRequiredErrorTextdataSourceType":""},"1616514831250":{"options":[{"label":"Randomize Questions","value":"true","checked":null,"labelKey":"Randomize Questions"}],"listeners":{"select":{"workflow":"","submit":false},"click":{"type":"workflow","success":{"type":"goTo","screenId":""},"workflow":"5f47f8728f0814ff0a917717"}},"dataSourceType":"constant","selecteddataSourceType":"pagemodel","selecteddataSourcefieldName":"isRandom","validationRequiredErrorTextdataSourceType":""},"1616514831251":{"options":[{"label":"Requires Proctor Code","value":"true","checked":null,"labelKey":"Requires Proctor Code"}],"listeners":{"select":{"workflow":"","submit":false},"click":{"type":"workflow","success":{"type":"goTo","screenId":""},"workflow":"607df31a8f08c245e75c75c9"}},"dataSourceType":"constant","selecteddataSourceType":"pagemodel","cssClassNamedataSourceType":"","selecteddataSourcefieldName":"isProctor"},"1616514831252":{"listeners":{"click":{"workflow":"","submit":false,"type":"workflow","success":{"type":"goTo","screenId":""}},"drag":{"workflow":"","submit":false},"doubleclick":{"type":"workflow","success":{"type":"goTo","screenId":""}}},"hoverTxtdataSourceType":""},"1616514831253":{"listeners":{"click":{"workflow":"","submit":false,"type":"workflow","success":{"type":"goTo","screenId":""}},"drag":{"workflow":"","submit":false},"doubleclick":{"type":"workflow","success":{"type":"goTo","screenId":""}}},"hoverTxtdataSourceType":""},"1616514831254":{"listeners":{"click":{"workflow":"","submit":false,"type":"workflow","success":{"type":"goTo","screenId":""}},"drag":{"workflow":"","submit":false},"doubleclick":{"type":"workflow","success":{"type":"goTo","screenId":""}}},"hoverTxtdataSourceType":""},"1616514831255":{"listeners":{"click":{"workflow":"","submit":false,"type":"workflow","success":{"type":"goTo","screenId":""}},"drag":{"workflow":"","submit":false},"doubleclick":{"type":"workflow","success":{"type":"goTo","screenId":""}}},"hoverTxtdataSourceType":""},"1616514831256":{"listeners":{"click":{"workflow":"","submit":false,"type":"workflow","success":{"type":"goTo","screenId":""}},"drag":{"workflow":"","submit":false},"doubleclick":{"type":"workflow","success":{"type":"goTo","screenId":""}}},"hoverTxtdataSourceType":"","cssClassNamedataSourceType":""},"1616514831257":{"listeners":{"click":{"workflow":"","submit":false,"type":"workflow","success":{"type":"goTo","screenId":""}},"doubleclick":{"type":"workflow","success":{"type":"goTo","screenId":""}}},"dataSourceType":"constant","dataSourcefieldName":"Assessment Settings","ellipsis":"","isRequiredKeydataSourceType":"","labelKey":"Assessment Settings"},"1617827462139":{"listeners":{"click":{"workflow":"","submit":false,"type":"workflow","success":{"type":"goTo","screenId":""}},"drag":{"workflow":"","submit":false},"doubleclick":{"type":"workflow","success":{"type":"goTo","screenId":""}}},"hoverTxtdataSourceType":""},"1617828061563":{"listeners":{"click":{"workflow":"","submit":false,"type":"workflow","success":{"type":"goTo","screenId":""}},"drag":{"workflow":"","submit":false},"doubleclick":{"type":"workflow","success":{"type":"goTo","screenId":""}}},"hoverTxtdataSourceType":"","cssClassNamedataSourceType":""},"1617828061564":{"listeners":{"click":{"workflow":"","submit":false,"type":"workflow","success":{"type":"goTo","screenId":""}},"drag":{"workflow":"","submit":false},"doubleclick":{"type":"workflow","success":{"type":"goTo","screenId":""}}},"hoverTxtdataSourceType":""},"1617828061565":{"options":[{"label":"Limited Questions","value":"true","checked":null,"labelKey":"Limited Questions"}],"listeners":{"select":{"workflow":"","submit":false},"click":{"type":"workflow","success":{"type":"goTo","screenId":""},"workflow":"607df31a8f08c245e75c75c9"}},"dataSourceType":"constant","selecteddataSourceType":"pagemodel","cssClassNamedataSourceType":"","selecteddataSourcefieldName":"isLimited","validationRequiredErrorTextdataSourceType":""},"1617828061566":{"listeners":{"click":{"workflow":"","submit":false,"type":"workflow","success":{"type":"goTo","screenId":""}},"drag":{"workflow":"","submit":false},"doubleclick":{"type":"workflow","success":{"type":"goTo","screenId":""}}},"hoverTxtdataSourceType":""},"1617828061567":{"listeners":{"click":{"workflow":"","submit":false},"focus":{"workflow":"","submit":false,"type":"workflow","success":{"type":"goTo","screenId":""}},"blur":{"workflow":"","submit":false,"type":"workflow","success":{"type":"goTo","screenId":""}},"keyup":{"type":"workflow","success":{"type":"goTo","screenId":""}}},"dataSourceType":"pagemodel","placeholderdataSourceType":"","validationRequiredErrorTextdataSourceType":"","validationMinLengthErrorTextdataSourceType":"","validationMaxLengthErrorTextdataSourceType":"","validationInputTypeErrorTextdataSourceType":"","cssClassNamedataSourceType":"","dataSourcefieldName":"isLimitedNumber"},"1618928055931":{"listeners":{"click":{"workflow":"","submit":false,"type":"workflow","success":{"type":"goTo","screenId":""}},"drag":{"workflow":"","submit":false},"doubleclick":{"type":"workflow","success":{"type":"goTo","screenId":""}}},"hoverTxtdataSourceType":""},"1618928055932":{"listeners":{"click":{"workflow":"","submit":false,"type":"workflow","success":{"type":"goTo","screenId":""}},"drag":{"workflow":"","submit":false},"doubleclick":{"type":"workflow","success":{"type":"goTo","screenId":""}}},"hoverTxtdataSourceType":""},"1626721465145":{"listeners":{"click":{"workflow":"","submit":false,"type":"workflow","success":{"type":"goTo","screenId":""}},"drag":{"workflow":"","submit":false},"doubleclick":{"type":"workflow","success":{"type":"goTo","screenId":""}}},"hoverTxtdataSourceType":""},"1626721520630":{"listeners":{"click":{"workflow":"","submit":false,"type":"workflow","success":{"type":"goTo","screenId":""}},"drag":{"workflow":"","submit":false},"doubleclick":{"type":"workflow","success":{"type":"goTo","screenId":""}}},"hoverTxtdataSourceType":"","cssClassNamedataSourceType":""},"1718203067213":{"listeners":{"click":{"workflow":"","submit":false,"type":"workflow","success":{"type":"goTo","screenId":""}},"drag":{"workflow":"","submit":false},"panelResize":{"workflow":"","submit":false},"doubleclick":{"type":"workflow","success":{"type":"goTo","screenId":""}}},"hoverTxtdataSourceType":"","cssClassNamedataSourceType":""},"1718203141110":{"listeners":{"click":{"workflow":"6669bb548f08bdb80fbb6a9c","submit":false,"type":"workflow","success":{"type":"goTo","screenId":""}},"longPress":{"workflow":"","submit":false}},"filter":"","ellipsis":"","dataSourceType":"constant","badgedataSourceType":"","hoverTxtdataSourceType":"","dataSourcefieldName":"<i class=\"fal fa-copy\"></i>","labelKey":"","cssClassNamedataSourceType":""},"1718211625386":{"listeners":{"click":{"workflow":"","submit":false,"type":"workflow","success":{"type":"goTo","screenId":""}},"drag":{"workflow":"","submit":false},"panelResize":{"workflow":"","submit":false},"doubleclick":{"type":"workflow","success":{"type":"goTo","screenId":""}}},"hoverTxtdataSourceType":"","cssClassNamedataSourceType":""},"1718211625385":{"listeners":{"click":{"workflow":"","submit":false,"type":"workflow","success":{"type":"goTo","screenId":""}},"drag":{"workflow":"","submit":false},"panelResize":{"workflow":"","submit":false},"doubleclick":{"type":"workflow","success":{"type":"goTo","screenId":""}}},"cssClassNamedataSourceType":"","hoverTxtdataSourceType":""},"1718211625387":{"listeners":{"click":{"workflow":"","submit":false},"focus":{"workflow":"","submit":false,"type":"workflow","success":{"type":"goTo","screenId":""}},"blur":{"workflow":"","submit":false,"type":"workflow","success":{"type":"goTo","screenId":""}},"keyup":{"type":"workflow","success":{"type":"goTo","screenId":""}}},"dataSourceType":"global","dataSourcefieldName":"sysContainerId","placeholderdataSourceType":"","validationRequiredErrorTextdataSourceType":"","validationMinLengthErrorTextdataSourceType":"","validationMaxLengthErrorTextdataSourceType":"","validationInputTypeErrorTextdataSourceType":"","dataSourceKey":"CURRENT_ASSESSMENT","dataSourceModelName":"Assessment"},"1719006834597":{"listeners":{"click":{"workflow":"","submit":false,"type":"workflow","success":{"type":"goTo","screenId":""}},"doubleclick":{"type":"workflow","success":{"type":"goTo","screenId":""}}},"dataSourceType":"constant","dataSourcefieldName":"Copy Assessment","isRequiredKeydataSourceType":"","ellipsis":"","labelKey":"Copy Assessment"},"1719006834599":{"listeners":{"click":{"workflow":"","submit":false,"type":"workflow","success":{"type":"goTo","screenId":""}},"drag":{"workflow":"","submit":false},"panelResize":{"workflow":"","submit":false},"doubleclick":{"type":"workflow","success":{"type":"goTo","screenId":""}}},"cssClassNamedataSourceType":"","hoverTxtdataSourceType":""},"1719006834598":{"listeners":{"click":{"workflow":"","submit":false,"type":"workflow","success":{"type":"goTo","screenId":""}},"drag":{"workflow":"","submit":false},"panelResize":{"workflow":"","submit":false},"doubleclick":{"type":"workflow","success":{"type":"goTo","screenId":""}}},"cssClassNamedataSourceType":"","hoverTxtdataSourceType":""},"1719006834600":{"listeners":{"click":{"workflow":"667987258f08bdb80fbb7fee","submit":false,"type":"workflow","success":{"type":"goTo","screenId":""}},"longPress":{"workflow":"","submit":false}},"dataSourceType":"constant","badgedataSourceType":"","hoverTxtdataSourceType":"","filter":"","ellipsis":"","dataSourcefieldName":"<i class=\"fas fa-cloud-upload\"></i>"},"1719006834601":{"listeners":{"click":{"workflow":"","submit":false,"type":"workflow","success":{"type":"goTo","screenId":""}},"doubleclick":{"type":"workflow","success":{"type":"goTo","screenId":""}}},"dataSourceType":"constant","dataSourcefieldName":"Import Assessment","ellipsis":"","isRequiredKeydataSourceType":"","labelKey":"Import Assessment"},"1719006834602":{"listeners":{"click":{"workflow":"6669d49e8f08bdb80fbb6c1c","submit":false,"type":"workflow","success":{"type":"goTo","screenId":""}},"longPress":{"workflow":"","submit":false}},"filter":"","ellipsis":"","dataSourceType":"constant","badgedataSourceType":"","hoverTxtdataSourceType":"","dataSourcefieldName":"<i class=\"fas fa-arrow-alt-right\"></i>"},"1719239914473":{"listeners":{"click":{"workflow":"","submit":false,"type":"workflow","success":{"type":"goTo","screenId":""}},"drag":{"workflow":"","submit":false},"doubleclick":{"type":"workflow","success":{"type":"goTo","screenId":""}}},"hoverTxtdataSourceType":""},"1719239914474":{"listeners":{"click":{"workflow":"","submit":false,"type":"workflow","success":{"type":"goTo","screenId":""}},"drag":{"workflow":"","submit":false},"doubleclick":{"type":"workflow","success":{"type":"goTo","screenId":""}}},"hoverTxtdataSourceType":"","cssClassNamedataSourceType":""},"1719239914475":{"listeners":{"click":{"workflow":"","submit":false,"type":"workflow","success":{"type":"goTo","screenId":""}},"drag":{"workflow":"","submit":false},"doubleclick":{"type":"workflow","success":{"type":"goTo","screenId":""}}},"hoverTxtdataSourceType":""},"1719239914477":{"listeners":{"click":{"workflow":"","submit":false,"type":"workflow","success":{"type":"goTo","screenId":""}},"drag":{"workflow":"","submit":false},"doubleclick":{"type":"workflow","success":{"type":"goTo","screenId":""}}},"hoverTxtdataSourceType":"","cssClassNamedataSourceType":""},"1719242256865":{"listeners":{"click":{"workflow":"66798dd28f08bdb80fbb806a","submit":false,"type":"workflow","success":{"type":"goTo","screenId":""}},"longPress":{"workflow":"","submit":false}},"dataSourceType":"constant","badgedataSourceType":"","hoverTxtdataSourceType":"","filter":"","ellipsis":"","dataSourcefieldName":"<i class=\"fas fa-times-circle\"></i>"},"dataModel":"Course_ContentModule"},"gridLayoutConfig":{"cols":1,"rows":1,"gridgap":{"int":0,"unit":"em"},"autoflow":true,"explicit":{"colValues":"auto","rowValues":"auto"}},"savedId":null,"workInProgress":false,"status":null,"createdBy":null,"lastModifiedBy":null,"deleted":false,"customComponent":true,"style":false,"animation":false,"styleComponentType":null,"hidden":false,"hideDrawer":false,"lockOrientation":null,"screenShotData":null,"customComponentScreenShot":false,"eventMappings":null,"layoutRows":0,"layoutCols":0,"enableRuntimeConfiguration":false,"inputs":null,"timerWorkflowId":null,"timeInterval":0,"label":null,"leftArrowWorkflowId":null,"rightArrowWorkflowId":null,"bpmManaged":false,"category":null,"displaySeq":0,"rowCounter":0,"columnCounter":0,"aiHtml":null,"customization":null,"pageData":null},
{"id":"6669ba638f08bdb80fbb6a8d","companyId":"5f47ce0c8f0815394ff3bd8a","createdDate":1718209241833,"updatedDate":1718209241833,"versionId":2,"referenceId":null,"systemStatus":"P","updatedByUserId":"5fa999cf8f08eee59b0a70e1","updatedByUserName":"Mark Bonham","systemStatusText":null,"userTypes":[],"requirementIds":[],"name":"Course_Builder_Assessment_Options_Modal","sourceReferenceId":null,"sourceReferenceAppId":null,"lockedByUserId":null,"lockedByUserName":null,"publicArtifact":true,"enableOffline":false,"locked":false,"canUnlock":false,"publishComment":"h","importantPublish":false,"appId":"5f47f6258f0814ff0a91755e","folderId":null,"desc":null,"loadDataFrom":"model","dataModel":"TR_ConfirmModal","webserviceId":null,"webserviceOutput":null,"preLoadWorkflowId":null,"workflowId":null,"backButtonWorkflowId":null,"targetDevice":"browser","detachTemplate":true,"templateId":"","landscapeTemplateId":"","defaultTemplate":"portrait","config":{"type":"panel","style":{"width":"100%","height":"100%"},"direction":"layout-box horizontal align-start pack-start","fields":[{"type":"flexlayout","componentName":"","componentType":"vbox","class":"sortable","direction":"vertical","align":"start","pack":"stretch","style":{"width":"100%","height":"100%","display":"flex","margin-top":"0px","margin-left":"0px","margin-right":"0px","margin-bottom":"0px","padding-top":"1rem","padding-left":"1rem","padding-right":"1rem","padding-bottom":"1rem","flex-direction":"column","justify-content":"space-between","align-items":"center"},"hasChild":false,"id":1602537048061,"childStyle":{},"dynamicStyles":{"background-color":{"isDynamic":true,"dataSourceType":"global","dataSourcefieldName":"primaryBGColor","dataSourceKey":"BRANCH_STYLES","dataSourceModelName":"Branch_Styles"}},"background-color":{"isTransparent":false,"isChildTransparent":false},"fields":[{"type":"flexlayout","componentName":"","componentType":"vbox","class":"sortable","direction":"vertical","align":"start","pack":"stretch","style":{"width":"100%","height":"NaN%","display":"flex","flex-direction":"row","align-items":"center"},"hasChild":false,"id":1718205026419,"childStyle":{},"fields":[{"type":"text","componentName":"","componentType":"input","class":"text-wrap","style":{"height":"66.66666666666667%","margin-top":"0px","margin-left":"0px","margin-right":"0px","margin-bottom":"2rem","padding-top":"0px","padding-left":"0px","padding-right":"0px","padding-bottom":"0px","font-family":"Montserrat","text-align":"center"},"hasChild":false,"id":1602537048062,"dynamicStyles":{"color":{"isDynamic":true,"dataSourceType":"global","dataSourcefieldName":"primaryBGColorText","dataSourceKey":"BRANCH_STYLES","dataSourceModelName":"Branch_Styles"}},"background-color":{"isTransparent":false,"isChildTransparent":false}}],"dynamicStyles":{}},{"type":"flexlayout","componentName":"","componentType":"vbox","class":"sortable","direction":"vertical","align":"start","pack":"stretch","style":{"width":"100%","height":"NaN%","display":"flex","flex-direction":"row","align-items":"center"},"hasChild":false,"id":1718205026421,"childStyle":{},"fields":[{"type":"flexlayout","componentName":"","componentType":"vbox","class":"sortable","direction":"vertical","align":"start","pack":"stretch","style":{"width":"100%","height":"NaN%","display":"flex"},"hasChild":false,"id":1718205026418,"childStyle":{},"dynamicStyles":{},"fields":[{"type":"text","componentName":"","componentType":"input","class":"text-wrap","style":{"height":"66.66666666666667%","margin-top":"0px","margin-left":"0px","margin-right":"0px","margin-bottom":"2rem","padding-top":"0px","padding-left":"0px","padding-right":"0px","padding-bottom":"0px","font-family":"Montserrat","text-align":"center"},"hasChild":false,"id":1718205349719,"dynamicStyles":{"color":{"isDynamic":true,"dataSourceType":"global","dataSourcefieldName":"primaryBGColorText","dataSourceKey":"BRANCH_STYLES","dataSourceModelName":"Branch_Styles"}},"background-color":{"isTransparent":false,"isChildTransparent":false}},{"type":"input","componentName":"","componentType":"input","class":"someClass orTwo","placeholder":"","inputType":"text","style":{},"hasChild":false,"id":1718205026420,"dynamicStyles":{}}]},{"type":"button","componentName":"","componentType":"button","class":"btn btn-primary","style":{"border-radius":"4px","border-width":"0","border-left-width":"0","border-right-width":"0","border-top-width":"0","border-bottom-width":"0","border-style":"none","border-top-left-radius":"4px","border-top-right-radius":"4px","border-bottom-right-radius":"4px","border-bottom-left-radius":"4px","padding-top":"8px","padding-left":"20px","padding-right":"20px","padding-bottom":"8px","font-family":"Montserrat","font-size":"1em","font-weight":"bold"},"hasChild":false,"id":1718205705130,"dynamicStyles":{"background-color":{"isDynamic":true,"dataSourceType":"global","dataSourcefieldName":"primaryButtonColor","dataSourceKey":"BRANCH_STYLES","dataSourceModelName":"Branch_Styles"},"color":{"isDynamic":true,"dataSourceType":"global","dataSourcefieldName":"primaryButtonTextColor","dataSourceKey":"BRANCH_STYLES","dataSourceModelName":"Branch_Styles"}},"background-color":{"isTransparent":false,"isChildTransparent":false}}],"dynamicStyles":{}}]}],"id":1602537048060,"childStyle":{},"dynamicStyles":{},"background-color":{"isTransparent":false,"isChildTransparent":false}},"portraitConfig":null,"landscapeConfig":null,"pageBuilderConfig":{"1602537048060":{"listeners":{"click":{"workflow":"","submit":false},"drag":{"workflow":"","submit":false}},"cssClassNamedataSourceType":""},"1602537048061":{"listeners":{"click":{"workflow":"","submit":false,"type":"workflow","success":{"type":"goTo","screenId":""}},"drag":{"workflow":"","submit":false},"doubleclick":{"type":"workflow","success":{"type":"goTo","screenId":""}}},"hoverTxtdataSourceType":"","cssClassNamedataSourceType":""},"1602537048062":{"listeners":{"click":{"workflow":"","submit":false,"type":"workflow","success":{"type":"goTo","screenId":""}},"doubleclick":{"type":"workflow","success":{"type":"goTo","screenId":""}}},"dataSourceType":"constant","dataSourcefieldName":"Create New Assessment","ellipsis":"","isRequiredKeydataSourceType":"","enableTranslation":true},"1718205026418":{"listeners":{"click":{"workflow":"","submit":false,"type":"workflow","success":{"type":"goTo","screenId":""}},"drag":{"workflow":"","submit":false},"panelResize":{"workflow":"","submit":false},"doubleclick":{"type":"workflow","success":{"type":"goTo","screenId":""}}},"hoverTxtdataSourceType":""},"1718205349719":{"listeners":{"click":{"workflow":"","submit":false,"type":"workflow","success":{"type":"goTo","screenId":""}},"doubleclick":{"type":"workflow","success":{"type":"goTo","screenId":""}}},"dataSourceType":"constant","dataSourcefieldName":"Import With A Code:","ellipsis":"","isRequiredKeydataSourceType":"","enableTranslation":true},"1718205026420":{"listeners":{"click":{"workflow":"","submit":false},"focus":{"workflow":"","submit":false,"type":"workflow","success":{"type":"goTo","screenId":""}},"blur":{"workflow":"","submit":false,"type":"workflow","success":{"type":"goTo","screenId":""}},"keyup":{"type":"workflow","success":{"type":"goTo","screenId":""}}},"cssClassNamedataSourceType":"","dataSourceType":"pagemodel","placeholderdataSourceType":"","validationRequiredErrorTextdataSourceType":"","validationMinLengthErrorTextdataSourceType":"","validationMaxLengthErrorTextdataSourceType":"","validationInputTypeErrorTextdataSourceType":""},"1718205026421":{"listeners":{"click":{"workflow":"","submit":false},"drag":{"workflow":"","submit":false},"panelResize":{"workflow":"","submit":false}}},"1718205705130":{"listeners":{"click":{"workflow":"","submit":false,"type":"workflow","success":{"type":"goTo","screenId":""}},"longPress":{"workflow":"","submit":false}},"dataSourceType":"constant","dataSourcefieldName":"Create","filter":"","ellipsis":"","badgedataSourceType":"","hoverTxtdataSourceType":"","enableTranslation":true,"cssClassNamedataSourceType":""},"1718205026419":{"listeners":{"click":{"workflow":"5f84c7608f0840cd96e3b339","submit":false,"type":"workflow","success":{"type":"goTo","screenId":""}},"drag":{"workflow":"","submit":false},"panelResize":{"workflow":"","submit":false},"doubleclick":{"type":"workflow","success":{"type":"goTo","screenId":""}}},"hoverTxtdataSourceType":""},"dataModel":"TR_ConfirmModal"},"gridLayoutConfig":{"cols":1,"rows":1,"gridgap":{"int":0,"unit":"em"},"autoflow":true,"explicit":{"colValues":"auto","rowValues":"auto"}},"savedId":null,"workInProgress":false,"status":null,"createdBy":null,"lastModifiedBy":null,"deleted":false,"customComponent":true,"style":false,"animation":false,"styleComponentType":null,"hidden":false,"hideDrawer":false,"lockOrientation":null,"screenShotData":null,"customComponentScreenShot":false,"eventMappings":null,"layoutRows":0,"layoutCols":0,"enableRuntimeConfiguration":false,"inputs":null,"timerWorkflowId":null,"timeInterval":0,"label":null,"leftArrowWorkflowId":null,"rightArrowWorkflowId":null,"bpmManaged":false,"category":null,"displaySeq":0,"rowCounter":0,"columnCounter":0,"aiHtml":null,"customization":null,"pageData":null},
{"id":"66747f118f08bdb80fbb778a","companyId":"5f47ce0c8f0815394ff3bd8a","createdDate":1719001439420,"updatedDate":1719001439420,"versionId":16,"referenceId":null,"systemStatus":"P","updatedByUserId":"5f4d87978f086f27a2ab1467","updatedByUserName":"Chris Lamberth","systemStatusText":null,"userTypes":[],"requirementIds":[],"name":"Course_Builder_Module_Assessment_Print_Modal","sourceReferenceId":null,"sourceReferenceAppId":null,"lockedByUserId":null,"lockedByUserName":null,"publicArtifact":false,"enableOffline":false,"locked":false,"canUnlock":false,"publishComment":" ","importantPublish":false,"appId":"5f47f6258f0814ff0a91755e","folderId":null,"desc":null,"loadDataFrom":"model","dataModel":"TR_Main_Dashboard","webserviceId":null,"webserviceOutput":null,"preLoadWorkflowId":null,"workflowId":null,"backButtonWorkflowId":null,"targetDevice":"browser","detachTemplate":true,"templateId":"","landscapeTemplateId":"","defaultTemplate":"portrait","config":{"type":"panel","style":{"width":"100%","height":"100%"},"direction":"layout-box horizontal align-start pack-start","fields":[{"type":"flexlayout","componentName":"","componentType":"vbox","class":"sortable","direction":"vertical","align":"start","pack":"stretch","style":{"width":"100%","height":"100%","display":"flex","padding-left":"20px","padding-right":"20px","padding-bottom":"20px"},"hasChild":false,"id":1718910740559,"fields":[{"type":"flexlayout","componentName":"","componentType":"vbox","class":"sortable","direction":"vertical","align":"start","pack":"stretch","style":{"border-width":"0px","border-left-width":"0px","border-right-width":"0px","border-top-width":"0px","border-bottom-width":"1px","border-style":"solid","border-color":"#ccc","width":"100%","display":"flex","flex-direction":null,"align-items":"center","padding-bottom":"10px","padding-top":""},"hasChild":false,"id":1718910740560,"childStyle":{},"fields":[{"type":"text","componentName":"","componentType":"input","class":"text-wrap","style":{"font-size":"1.2em"},"hasChild":false,"id":1718910740565,"dynamicStyles":{},"background-color":{"isTransparent":false,"isChildTransparent":false}}],"dynamicStyles":{},"background-color":{"isTransparent":false,"isChildTransparent":false}},{"type":"flexlayout","componentName":"","componentType":"vbox","class":"sortable","direction":"vertical","align":"start","pack":"stretch","style":{"width":"100%","display":"flex","overflow-y":"auto","margin-bottom":"20px"},"hasChild":false,"id":1718910740561,"childStyle":{},"fields":[{"type":"list","class":"someClass orTwo","componentType":"list","style":{"width":"100%","height":"100%"},"hasChild":true,"id":1718910740564,"dynamicStyles":{},"dynamicChildStyles":{},"background-color":{"isTransparent":false,"isChildTransparent":false}}],"dynamicStyles":{},"background-color":{"isTransparent":false,"isChildTransparent":false}},{"type":"flexlayout","componentName":"","componentType":"vbox","class":"sortable","direction":"vertical","align":"start","pack":"stretch","style":{"display":"flex","flex-direction":"row","align-items":"center"},"hasChild":false,"id":1718931820660,"childStyle":{},"fields":[{"type":"flexlayout","componentName":"","componentType":"vbox","class":"sortable","direction":"vertical","align":"start","pack":"stretch","style":{"width":"300px","display":"flex","margin-right":"10px"},"hasChild":false,"id":1718995323238,"childStyle":{},"fields":[{"type":"input","componentName":"","componentType":"input","class":"someClass orTwo","placeholder":"","inputType":"text","style":{"width":"100%"},"hasChild":false,"id":1718995323239,"dynamicStyles":{},"background-color":{"isTransparent":false,"isChildTransparent":false}}],"dynamicStyles":{},"background-color":{"isTransparent":false,"isChildTransparent":false}},{"type":"button","componentName":"","componentType":"button","class":"btn btn-primary","style":{"border-style":"hidden","width":"","height":"34px","font-size":"16px"},"hasChild":false,"id":1718931820661,"dynamicStyles":{"color":{"isDynamic":true,"dataSourceType":"global","dataSourcefieldName":"primaryHeaderTextColor","dataSourceKey":"BRANCH_STYLES","dataSourceModelName":"Branch_Styles"},"background-color":{"isDynamic":true,"dataSourceType":"global","dataSourcefieldName":"primaryHeaderColor","dataSourceKey":"BRANCH_STYLES","dataSourceModelName":"Branch_Styles"}},"background-color":{"isTransparent":false,"isChildTransparent":false}}],"dynamicStyles":{},"background-color":{"isTransparent":false,"isChildTransparent":false}}],"childStyle":{},"dynamicStyles":{},"background-color":{"isTransparent":false,"isChildTransparent":false}}],"id":1718910740545,"childStyle":{},"dynamicStyles":{},"background-color":{"isTransparent":false,"isChildTransparent":false}},"portraitConfig":null,"landscapeConfig":null,"pageBuilderConfig":{"1718910740545":{"listeners":{"click":{"workflow":"","submit":false},"drag":{"workflow":"","submit":false},"panelResize":{"workflow":"","submit":false}},"cssClassNamedataSourceType":""},"1718910740560":{"listeners":{"click":{"workflow":"","submit":false,"type":"workflow","success":{"type":"goTo","screenId":""}},"drag":{"workflow":"","submit":false},"panelResize":{"workflow":"","submit":false},"doubleclick":{"type":"workflow","success":{"type":"goTo","screenId":""}}},"cssClassNamedataSourceType":"","hoverTxtdataSourceType":""},"1718910740565":{"listeners":{"click":{"workflow":"","submit":false,"type":"workflow","success":{"type":"goTo","screenId":""}},"doubleclick":{"type":"workflow","success":{"type":"goTo","screenId":""}}},"cssClassNamedataSourceType":"","dataSourceType":"global","dataSourcefieldName":"name","isRequiredKeydataSourceType":"","ellipsis":"","labelKey":"Assignment","dataSourceKey":"CURRENT_MODULE","dataSourceModelName":"Course_ContentModule"},"1718910740566":{"listeners":{"click":{"workflow":"","submit":false}},"dataSourceType":"constant","dataSourcefieldName":"Assessment Key"},"1718910740562":{"listeners":{"click":{"workflow":"","submit":false,"type":"workflow","success":{"type":"goTo","screenId":""}},"drag":{"workflow":"","submit":false},"panelResize":{"workflow":"","submit":false},"doubleclick":{"type":"workflow","success":{"type":"goTo","screenId":""}}},"hoverTxtdataSourceType":"","cssClassNamedataSourceType":""},"1718910740563":{"listeners":{"click":{"workflow":"","submit":false},"drag":{"workflow":"","submit":false},"panelResize":{"workflow":"","submit":false}}},"1718910740561":{"listeners":{"click":{"workflow":"","submit":false},"drag":{"workflow":"","submit":false},"panelResize":{"workflow":"","submit":false}}},"1718910740559":{"listeners":{"click":{"workflow":"","submit":false},"drag":{"workflow":"","submit":false},"panelResize":{"workflow":"","submit":false}}},"1718910740564":{"listeners":{"click":{"workflow":"","submit":false,"type":"workflow","success":{"type":"goTo","screenId":""}},"focus":{"workflow":"","submit":false,"type":"workflow","success":{"type":"goTo","screenId":""}}},"isMultiCustom":false,"listCC":[],"listType":"customList","dataSourceType":"global","scrollTodataSourceType":"","emptyListCCdataSourceType":"","customComponent":"667481918f08bdb80fbb7797","dataSourceKey":"CURRENT_ASSESSMENT","dataSourceModelName":"Assessment","dataSourcefieldName":"printFileURLs"},"1718931820660":{"listeners":{"click":{"workflow":"","submit":false},"drag":{"workflow":"","submit":false},"panelResize":{"workflow":"","submit":false}},"cssClassNamedataSourceType":""},"1718931820661":{"listeners":{"click":{"workflow":"667319fd8f08bdb80fbb7300","submit":false,"type":"workflow","success":{"type":"goTo","screenId":""}},"longPress":{"workflow":"","submit":false}},"dataSourceType":"constant","badgedataSourceType":"","hoverTxtdataSourceType":"","filter":"","ellipsis":"","dataSourcefieldName":"Generate","cssClassNamedataSourceType":""},"1718995323237":{"listeners":{"click":{"workflow":"","submit":false,"type":"workflow","success":{"type":"goTo","screenId":""}},"drag":{"workflow":"","submit":false},"panelResize":{"workflow":"","submit":false},"doubleclick":{"type":"workflow","success":{"type":"goTo","screenId":""}}},"hoverTxtdataSourceType":""},"1718995323239":{"listeners":{"click":{"workflow":"","submit":false},"focus":{"workflow":"","submit":false,"type":"workflow","success":{"type":"goTo","screenId":""}},"blur":{"workflow":"","submit":false,"type":"workflow","success":{"type":"goTo","screenId":""}},"keyup":{"type":"workflow","success":{"type":"goTo","screenId":""}}},"cssClassNamedataSourceType":"","dataSourceType":"pagemodel","placeholderdataSourceType":"constant","validationRequiredErrorTextdataSourceType":"","validationMinLengthErrorTextdataSourceType":"","validationMaxLengthErrorTextdataSourceType":"","validationInputTypeErrorTextdataSourceType":"","placeholderdataSourcefieldName":"New Exam Version Name","dataSourcefieldName":"userSearchInput1"},"dataModel":"TR_Main_Dashboard","1718995323238":{"listeners":{"click":{"workflow":"","submit":false},"drag":{"workflow":"","submit":false},"panelResize":{"workflow":"","submit":false}}}},"gridLayoutConfig":{"cols":1,"rows":1,"gridgap":{"int":0,"unit":"em"},"autoflow":true,"explicit":{"colValues":"auto","rowValues":"auto"}},"savedId":null,"workInProgress":false,"status":null,"createdBy":null,"lastModifiedBy":null,"deleted":false,"customComponent":true,"style":false,"animation":false,"styleComponentType":null,"hidden":false,"hideDrawer":false,"lockOrientation":null,"screenShotData":null,"customComponentScreenShot":false,"eventMappings":null,"layoutRows":0,"layoutCols":0,"enableRuntimeConfiguration":false,"inputs":null,"timerWorkflowId":null,"timeInterval":0,"label":null,"leftArrowWorkflowId":null,"rightArrowWorkflowId":null,"bpmManaged":false,"category":null,"displaySeq":0,"rowCounter":0,"columnCounter":0,"aiHtml":null,"customization":null,"pageData":null},
{"id":"667481918f08bdb80fbb7797","companyId":"5f47ce0c8f0815394ff3bd8a","createdDate":1719001528090,"updatedDate":1719001528090,"versionId":14,"referenceId":null,"systemStatus":"P","updatedByUserId":"5f4d87978f086f27a2ab1467","updatedByUserName":"Chris Lamberth","systemStatusText":null,"userTypes":[],"requirementIds":[],"name":"Course_Builder_Module_Assessment_Print_Modal_List_Item","sourceReferenceId":null,"sourceReferenceAppId":null,"lockedByUserId":null,"lockedByUserName":null,"publicArtifact":false,"enableOffline":false,"locked":false,"canUnlock":false,"publishComment":" ","importantPublish":false,"appId":"5f47f6258f0814ff0a91755e","folderId":null,"desc":null,"loadDataFrom":"model","dataModel":"SUB_Assessment_URLs","webserviceId":null,"webserviceOutput":null,"preLoadWorkflowId":null,"workflowId":null,"backButtonWorkflowId":null,"targetDevice":"browser","detachTemplate":true,"templateId":"","landscapeTemplateId":"","defaultTemplate":"portrait","config":{"type":"panel","style":{"width":"100%","height":"100%"},"direction":"layout-box horizontal align-start pack-start","fields":[{"type":"flexlayout","componentName":"","componentType":"hbox","class":"sortable","direction":"horizontal","align":"start","pack":"stretch","style":{"width":"100%","height":"100%","display":"flex","align-items":"center","font-size":"16px","border-style":"solid","border-left-width":"0px","border-right-width":"0px","border-top-width":"0px","border-bottom-width":"1px","border-color":"#ccc","margin-bottom":"","padding-top":"5px","padding-right":"10px","padding-bottom":"5px","padding-left":"10px","justify-content":"space-between"},"hasChild":false,"id":1718911380503,"fields":[{"type":"flexlayout","componentName":"","componentType":"vbox","class":"sortable","direction":"vertical","align":"start","pack":"stretch","style":{"height":"100%","display":"flex"},"hasChild":false,"id":1718911380504,"childStyle":{},"fields":[{"type":"flexlayout","componentName":"","componentType":"vbox","class":"sortable","direction":"vertical","align":"start","pack":"stretch","style":{"width":"100%","display":"flex"},"hasChild":false,"id":1718979664644,"childStyle":{},"fields":[{"type":"text","componentName":"","componentType":"input","class":"text-wrap","style":{"margin-right":"5px","cursor":"Pointer"},"hasChild":false,"id":1718979664643,"dynamicStyles":{},"rrCSSClass":["panel_Highlight"],"background-color":{"isTransparent":false,"isChildTransparent":false}}],"dynamicStyles":{},"background-color":{"isTransparent":false,"isChildTransparent":false},"name":"name"},{"type":"flexlayout","componentName":"","componentType":"hbox","class":"sortable","direction":"horizontal","align":"start","pack":"stretch","style":{"width":"100%","display":"none","align-items":"center"},"hasChild":false,"id":1718979664646,"fields":[{"type":"flexlayout","componentName":"","componentType":"vbox","class":"sortable","direction":"vertical","align":"start","pack":"stretch","style":{"height":"100%","display":"flex","margin-right":"3px"},"hasChild":false,"id":1718979664647,"childStyle":{},"fields":[{"type":"input","componentName":"","componentType":"input","class":"someClass orTwo","placeholder":"","inputType":"text","style":{},"hasChild":false,"id":1718979664649,"dynamicStyles":{}}],"dynamicStyles":{},"background-color":{"isTransparent":false,"isChildTransparent":false}},{"type":"flexlayout","componentName":"","componentType":"vbox","class":"sortable","direction":"vertical","align":"start","pack":"stretch","style":{"height":"100%","display":"flex"},"hasChild":false,"id":1718979664648,"childStyle":{},"fields":[{"type":"button","componentName":"","componentType":"button","class":"btn btn-primary","style":{"background-color":"transparent","border-width":"0px","border-left-width":"0px","border-right-width":"0px","border-top-width":"0px","border-bottom-width":"0px","border-style":"none"},"hasChild":false,"id":1718979664650,"dynamicStyles":{},"background-color":{"isTransparent":false,"isChildTransparent":false}}],"dynamicStyles":{}}],"childStyle":{},"dynamicStyles":{},"background-color":{"isTransparent":false,"isChildTransparent":false},"name":"name_edit"}],"dynamicStyles":{},"background-color":{"isTransparent":false,"isChildTransparent":false},"name":""},{"type":"flexlayout","componentName":"","componentType":"vbox","class":"sortable","direction":"vertical","align":"start","pack":"stretch","style":{"height":"100%","display":"flex","flex-direction":"row","align-items":"center"},"hasChild":false,"id":1718911380505,"childStyle":{},"fields":[{"type":"link","componentName":"","componentType":"link","class":"someClass orTwo","style":{"margin-right":"10px","color":"back"},"hasChild":true,"id":1718911380506,"dynamicStyles":{},"dynamicChildStyles":{},"name":"exam","background-color":{"isTransparent":false,"isChildTransparent":false}},{"type":"link","componentName":"","componentType":"link","class":"someClass orTwo","style":{},"hasChild":true,"id":1718911380507,"dynamicStyles":{},"dynamicChildStyles":{},"name":"key"}],"dynamicStyles":{},"background-color":{"isTransparent":false,"isChildTransparent":false},"name":"icon panel"}],"childStyle":{},"dynamicStyles":{"color":{"isDynamic":true,"dataSourceType":"global","dataSourcefieldName":"primaryBGColorText","dataSourceKey":"BRANCH_STYLES","dataSourceModelName":"Branch_Styles"}},"background-color":{"isTransparent":false,"isChildTransparent":false},"rrCSSClass":["panel_Highlight"]}],"id":1718911380502,"childStyle":{},"dynamicStyles":{}},"portraitConfig":null,"landscapeConfig":null,"pageBuilderConfig":{"1718911380502":{"listeners":{"click":{"workflow":"","submit":false},"drag":{"workflow":"","submit":false},"panelResize":{"workflow":"","submit":false}},"cssClassNamedataSourceType":""},"1718911380506":{"listeners":{"click":{"workflow":"","submit":false,"type":"workflow","success":{"type":"goTo","screenId":""}},"longPress":{"workflow":"","submit":false}},"cssClassNamedataSourceType":"","dataSourceType":"constant","dataSourcefieldName":"<i class=\"far fa-file-download\"></i>","hrefdataSourceType":"pagemodel","hrefdataSourcefieldName":"assessmentURL","imagedataSourceType":"","hoverTxtdataSourceType":"","filter":"","ellipsis":"","behavior":"newWindow"},"1718911380507":{"listeners":{"click":{"workflow":"","submit":false,"type":"workflow","success":{"type":"goTo","screenId":""}},"longPress":{"workflow":"","submit":false}},"hrefdataSourceType":"pagemodel","hrefdataSourcefieldName":"assessmentKeyURL","dataSourceType":"constant","dataSourcefieldName":"<i class=\"far fa-key\"></i>","behavior":"newWindow","imagedataSourceType":"","hoverTxtdataSourceType":"","filter":"","ellipsis":""},"1718911380504":{"listeners":{"click":{"workflow":"","submit":false},"drag":{"workflow":"","submit":false},"panelResize":{"workflow":"","submit":false}},"cssClassNamedataSourceType":""},"1718911380503":{"listeners":{"click":{"workflow":"","submit":false,"type":"workflow","success":{"type":"goTo","screenId":""}},"drag":{"workflow":"","submit":false},"panelResize":{"workflow":"","submit":false},"doubleclick":{"type":"workflow","success":{"type":"goTo","screenId":""}}},"hoverTxtdataSourceType":""},"1718979664643":{"listeners":{"click":{"workflow":"66758f828f08bdb80fbb7ad5","submit":false,"type":"workflow","success":{"type":"goTo","screenId":""}},"doubleclick":{"type":"workflow","success":{"type":"goTo","screenId":""}}},"dataSourceType":"pagemodel","dataSourcefieldName":"assessmentFormName","isRequiredKeydataSourceType":"","ellipsis":""},"1718911380505":{"listeners":{"click":{"workflow":"","submit":false,"type":"workflow","success":{"type":"goTo","screenId":""}},"drag":{"workflow":"","submit":false},"panelResize":{"workflow":"","submit":false},"doubleclick":{"type":"workflow","success":{"type":"goTo","screenId":""}}},"hoverTxtdataSourceType":""},"1718979664646":{"listeners":{"click":{"workflow":"","submit":false},"drag":{"workflow":"","submit":false},"panelResize":{"workflow":"","submit":false}},"cssClassNamedataSourceType":""},"1718979664650":{"listeners":{"click":{"workflow":"66758fe58f08bdb80fbb7adc","submit":false,"type":"workflow","success":{"type":"goTo","screenId":""}},"longPress":{"workflow":"","submit":false}},"filter":"","ellipsis":"","dataSourceType":"constant","badgedataSourceType":"","hoverTxtdataSourceType":"","dataSourcefieldName":"<i class=\"fal fa-save\"></i>"},"1718979664649":{"listeners":{"click":{"workflow":"","submit":false},"focus":{"workflow":"","submit":false,"type":"workflow","success":{"type":"goTo","screenId":""}},"blur":{"workflow":"","submit":false,"type":"workflow","success":{"type":"goTo","screenId":""}},"keyup":{"type":"workflow","success":{"type":"goTo","screenId":""}}},"dataSourceType":"pagemodel","dataSourcefieldName":"assessmentFormName","placeholderdataSourceType":"","validationRequiredErrorTextdataSourceType":"","validationMinLengthErrorTextdataSourceType":"","validationMaxLengthErrorTextdataSourceType":"","validationInputTypeErrorTextdataSourceType":""},"1718979664647":{"listeners":{"click":{"workflow":"","submit":false},"drag":{"workflow":"","submit":false},"panelResize":{"workflow":"","submit":false}}},"1718979664644":{"listeners":{"click":{"workflow":"","submit":false},"drag":{"workflow":"","submit":false},"panelResize":{"workflow":"","submit":false}}},"1718979664648":{"listeners":{"click":{"workflow":"","submit":false},"drag":{"workflow":"","submit":false},"panelResize":{"workflow":"","submit":false}}},"dataModel":"SUB_Assessment_URLs"},"gridLayoutConfig":{"cols":1,"rows":1,"gridgap":{"int":0,"unit":"em"},"autoflow":true,"explicit":{"colValues":"auto","rowValues":"auto"}},"savedId":null,"workInProgress":false,"status":null,"createdBy":null,"lastModifiedBy":null,"deleted":false,"customComponent":true,"style":false,"animation":false,"styleComponentType":null,"hidden":false,"hideDrawer":false,"lockOrientation":null,"screenShotData":null,"customComponentScreenShot":false,"eventMappings":null,"layoutRows":0,"layoutCols":0,"enableRuntimeConfiguration":false,"inputs":null,"timerWorkflowId":null,"timeInterval":0,"label":null,"leftArrowWorkflowId":null,"rightArrowWorkflowId":null,"bpmManaged":false,"category":null,"displaySeq":0,"rowCounter":0,"columnCounter":0,"aiHtml":null,"customization":null,"pageData":null}]