[{"id":"6650ef1d8f08bdb80fbb534c","companyId":"5f47ce0c8f0815394ff3bd8a","createdDate":1721058859891,"updatedDate":1721058859891,"versionId":8,"referenceId":null,"systemStatus":"P","updatedByUserId":"5f47ce0e8f0815394ff3be1b","updatedByUserName":"Josh Havens","systemStatusText":null,"userTypes":null,"requirementIds":null,"name":"Course_Builder_Module_Question_Bank_Search_List_Item_Add","sourceReferenceId":null,"sourceReferenceAppId":null,"lockedByUserId":null,"lockedByUserName":null,"publicArtifact":false,"enableOffline":false,"locked":false,"canUnlock":false,"publishComment":" ","importantPublish":false,"appId":"5f47f6258f0814ff0a91755e","folderId":"","initializer":["6650ea168f08bdb80fbb5305"],"triggerType":"uiEvent","flow":[],"createdBy":null,"lastModifiedBy":null,"objectsMap":{"1716580124915":{"id":"1716580124915","type":"startObject","value":["6650ea168f08bdb80fbb5305"],"taskName":"Start","triggerType":"uiEvent","addedToConfig":true,"painted":true,"position":{},"taskNotes":"<p><br></p>","desc":"Course_Builder_Module_Question_Bank_Search_List_Item"},"17165801249151000":{"id":"17165801249151000","parent":"1716583359338","systemExit":true,"type":"return","returnType":"exit","taskName":"Exit","label":"","addedToConfig":false,"painted":false,"position":{}},"1716580645082_end":{"id":"1716580645082_end","decisionId":"1716580645082","position":{},"type":"decisionEnd","painted":false,"addedToConfig":false},"1716580645082_success_start":{"id":"1716580645082_success_start","decisionId":"1716580645082","parent":"1716580645082","position":{},"type":"decisionSucessStart","painted":false,"addedToConfig":false},"1716580645082_failure_start":{"id":"1716580645082_failure_start","decisionId":"1716580645082","parent":"1716580645082","position":{},"type":"decisionFailureStart","painted":false,"addedToConfig":false},"1716580645082_success_end":{"id":"1716580645082_success_end","decisionId":"1716580645082","parent":"1716586603281","position":{},"type":"decisionSucessEnd","painted":false,"addedToConfig":false},"1716580645082_failure_end":{"id":"1716580645082_failure_end","decisionId":"1716580645082","parent":"1716586450651_end","position":{},"type":"decisionFailureEnd","painted":false,"addedToConfig":false},"1716580645082":{"id":"1716580645082","type":"decision","newMapping":true,"position":{},"condition":null,"serviceName":null,"serviceType":null,"operator":"and","mapping":[{"sourceType":"variable","sourceValue":"type","source":"1716580679458","sourceFieldType":"String","sourceModel":"Course_ContentModule","isSourceList":false,"targetType":"constant","targetValue":"TEST,SURVEY","target":null,"targetFieldType":null,"targetModel":"","isTargetList":null,"comparator":"in"}],"label":"","parent":"1716580679458","painted":false,"taskNotes":"<p><br></p>","addedToConfig":false},"1716580679458":{"id":"1716580679458","type":"query","position":{},"source":null,"target":null,"mapping":null,"label":"","filterBy":"criteria","searchOption":"one","operator":"and","taskName":"Read CURRENT_MODULE","parent":"1716582724905","painted":false,"taskNotes":"<p><br></p>","saveType":"global","sourceVariable":"CURRENT_MODULE","modelName":"Course_ContentModule","addedToConfig":false},"1716581516637":{"id":"1716581516637","type":"createDataObject","position":{},"condition":"API_AssessmentRequest","mapping":[{"name":"action","valueType":"constant","value":"ADD","fieldType":"String","list":false,"rr_dynamic_field_name_type":"","fromModel":""},{"name":"type","valueType":"constant","value":"QBQ_TO_ASSESSMENT","fieldType":"String","list":false,"rr_dynamic_field_name_type":"","fromModel":""},{"name":"questionId","valueType":"variable","value":"_id","fieldType":"String","list":false,"rr_dynamic_field_name_type":"","fromModel":"Assessment_Questions","source":"rr_page_data"},{"name":"assessmentId","valueType":"variable","value":"_id","fieldType":"String","list":false,"rr_dynamic_field_name_type":"","fromModel":"Assessment","source":"1716582829233"},{"name":"courseId","valueType":"variable","value":"_id","fieldType":"String","list":false,"rr_dynamic_field_name_type":"","fromModel":"Course","source":"1716582874603"}],"label":"","taskName":"API_AssessmentRequest","parent":"1716582829233","painted":false,"taskNotes":"<p><br></p>","showAllFields":false,"addedToConfig":false},"1716582724905":{"id":"1716582724905","type":"service","value":"Get Auth Header","serviceType":"internal","serviceId":"getAuthHeader","position":{},"label":"","callType":"async","taskName":"Auth Header","parent":"1716582764855","painted":false,"addAtIndexType":"constant","addAtIndex":false,"desc":"Get Auth Header","taskNotes":"<p><br></p>","addedToConfig":false},"1716582745872":{"id":"1716582745872","type":"query","position":{},"source":null,"target":null,"mapping":null,"label":"","filterBy":"criteria","searchOption":"one","operator":"and","taskName":"Read CURRENT_USER","parent":"1716580124915","painted":false,"taskNotes":"<p><br></p>","saveType":"global","sourceVariable":"CURRENT_USER","modelName":"User","addedToConfig":false},"1716582764855":{"id":"1716582764855","type":"query","position":{},"source":null,"target":null,"mapping":null,"label":"","filterBy":"criteria","searchOption":"one","operator":"and","taskName":"Read SYSTEM_INFO","parent":"1716582874603","painted":false,"taskNotes":"<p><br></p>","saveType":"global","sourceVariable":"SYSTEM_INFO","modelName":"Lookup_SystemInfo","addedToConfig":false},"1716582829233":{"id":"1716582829233","type":"query","position":{},"source":null,"target":null,"mapping":null,"label":"","filterBy":"criteria","searchOption":"one","operator":"and","taskName":"Read CURRENT_ASSESSMENT","parent":"1716580645082_success_start","painted":false,"taskNotes":"<p><br></p>","saveType":"global","sourceVariable":"CURRENT_ASSESSMENT","modelName":"Assessment","addedToConfig":false},"1716582874603":{"id":"1716582874603","type":"query","position":{},"source":null,"target":null,"mapping":null,"label":"","filterBy":"criteria","searchOption":"one","operator":"and","taskName":"Read CURRENT_COURSE","parent":"1716582745872","painted":false,"taskNotes":"<p><br></p>","saveType":"global","sourceVariable":"CURRENT_COURSE","modelName":"Course","addedToConfig":false},"1716582907380":{"id":"1716582907380","type":"createDataObject","position":{},"condition":"API_MainRequest","mapping":[{"name":"authHeader","valueType":"variable","value":null,"fieldType":"String","list":false,"rr_dynamic_field_name_type":"","source":"1716582724905"},{"name":"data","valueType":"variable","value":"rr_this_object","fieldType":"Object","list":false,"rr_dynamic_field_name_type":"","fromModel":"API_AssessmentRequest","source":"1716581516637"},{"name":"rr_id","valueType":"variable","value":"tenantId","fieldType":"String","list":false,"rr_dynamic_field_name_type":"","fromModel":"Lookup_SystemInfo","source":"1716582764855"},{"name":"service","valueType":"constant","value":"5f47f79e8f0814ff0a917587","fieldType":"String","list":false,"rr_dynamic_field_name_type":"","fromModel":""}],"label":"","taskName":"API_MainRequest","parent":"1716581516637","painted":false,"taskNotes":"<p><br></p>","addedToConfig":false},"1716582959277":{"id":"1716582959277","type":"workflow","position":{},"workflowId":"65aaf8fc8f0887f52e616e81","workflowName":"Web Services :: API_MainWrapper","workflowType":"serverFlow","label":"","taskName":"Visual Logic Component","parent":"1716582907380","painted":false,"taskNotes":"<p><br></p>","callType":"sync","inputTask":"1716582907380","inputValue":null,"outputDataModel":"API_MainResponse","addedToConfig":false},"1716583210157_end":{"id":"1716583210157_end","decisionId":"1716583210157","position":{},"type":"decisionEnd","painted":false,"addedToConfig":false,"taskNotes":"<p><br></p>"},"1716583210157_success_start":{"id":"1716583210157_success_start","decisionId":"1716583210157","parent":"1716583210157","position":{},"type":"decisionSucessStart","painted":false,"addedToConfig":false},"1716583210157_failure_start":{"id":"1716583210157_failure_start","decisionId":"1716583210157","parent":"1716583210157","position":{},"type":"decisionFailureStart","painted":false,"addedToConfig":false},"1716583210157_success_end":{"id":"1716583210157_success_end","decisionId":"1716583210157","parent":"1716583213789","position":{},"type":"decisionSucessEnd","painted":false,"addedToConfig":false},"1716583210157_failure_end":{"id":"1716583210157_failure_end","decisionId":"1716583210157","parent":"1716583210157_failure_start","position":{},"type":"decisionFailureEnd","painted":false,"addedToConfig":false},"1716583210157":{"id":"1716583210157","type":"decision","newMapping":true,"position":{},"condition":null,"serviceName":null,"serviceType":null,"operator":"and","mapping":[{"sourceType":"variable","sourceValue":"status","source":"1716582959277","sourceFieldType":"String","sourceModel":"API_MainResponse","isSourceList":false,"targetType":"constant","targetValue":"SUCCESS","target":null,"targetFieldType":null,"targetModel":"","isTargetList":null,"comparator":"containsignorecase"}],"label":"","parent":"1716582959277","painted":false,"taskNotes":"<p><br></p>","addedToConfig":false},"1716583213789":{"id":"1716583213789","type":"persist","position":{},"source":"1716583216648","target":null,"mapping":null,"label":"","taskName":"CURRENT_QUESTION_LIST","parent":"1716583216648","taskNotes":"<p><br></p>","saveType":"global","variable":"CURRENT_QUESTION_LIST","modelName":"Assessment_Questions","addedToConfig":false,"painted":false},"1716583216648":{"id":"1716583216648","type":"service","value":"Get Value","serviceType":"internal","serviceId":"getValueFromObj","position":{},"label":"","callType":"async","taskName":"Get Value","parent":"1716583210157_success_start","painted":false,"addAtIndexType":"constant","addAtIndex":false,"desc":"Get Value","taskNotes":"<p><br></p>","inputTask":"1716582959277","inputValue":null,"targetVariable":"list","modelName":"Assessment_Questions","addedToConfig":false},"1716583359338":{"id":"1716583359338","type":"service","value":"Close Modal","serviceType":"internal","serviceId":"closeModal","position":{},"label":"","callType":"async","taskName":"Local Service","parent":"1716583385635","painted":false,"addAtIndexType":"constant","addAtIndex":false,"desc":"Close Modal","taskNotes":"<p><br></p>","addedToConfig":false},"1716583385635":{"id":"1716583385635","type":"delete","position":{},"source":null,"target":null,"mapping":null,"label":"","filterBy":"criteria","searchOption":"one","operator":"and","taskName":"Remove QUESTION_BANK_MAIN","parent":"1716580645082_end","painted":false,"taskNotes":"<p><br></p>","saveType":"global","sourceVariable":"QUESTION_BANK_MAIN","addedToConfig":false},"1716586237896":{"id":"1716586237896","type":"createDataObject","position":{},"condition":"API_MainRequest","mapping":[{"name":"authHeader","valueType":"variable","value":null,"fieldType":"String","list":false,"rr_dynamic_field_name_type":"","source":"1716582724905"},{"name":"data","valueType":"variable","value":"rr_this_object","fieldType":"Object","list":false,"rr_dynamic_field_name_type":"","fromModel":"API_CourseContentRequest","source":"1716586242401"},{"name":"rr_id","valueType":"variable","value":"tenantId","fieldType":"String","list":false,"rr_dynamic_field_name_type":"","fromModel":"Lookup_SystemInfo","source":"1716582764855"},{"name":"service","valueType":"constant","value":"5f47f79e8f0814ff0a917578","fieldType":"String","list":false,"rr_dynamic_field_name_type":"","fromModel":""}],"label":"","taskName":"API_MainRequest","parent":"1716586242401","painted":false,"taskNotes":"<p><br></p>","addedToConfig":false},"1716586242401":{"id":"1716586242401","type":"createDataObject","position":{},"condition":"API_CourseContentRequest","mapping":[{"name":"action","valueType":"constant","value":"ADD","fieldType":"String","list":false,"rr_dynamic_field_name_type":"","fromModel":""},{"name":"type","valueType":"constant","value":"QUESTION_MODULE","fieldType":"String","list":false,"rr_dynamic_field_name_type":"","fromModel":""},{"name":"contentId","valueType":"variable","value":"_id","fieldType":"String","list":false,"rr_dynamic_field_name_type":"","fromModel":"Course_ContentModule","source":"1716580679458"},{"name":"object","valueType":"variable","value":"rr_this_object","fieldType":"Object","list":false,"rr_dynamic_field_name_type":"","fromModel":"Assessment_Questions","source":"rr_page_data"},{"name":"courseId","valueType":"variable","value":"_id","fieldType":"String","list":false,"rr_dynamic_field_name_type":"","fromModel":"Course","source":"1716582874603"}],"label":"","taskName":"Create Model Record","parent":"1716580645082_failure_start","painted":false,"taskNotes":"<p><br></p>","showAllFields":false,"addedToConfig":false},"1716586436043":{"id":"1716586436043","type":"workflow","position":{},"workflowId":"65aaf8fc8f0887f52e616e81","workflowName":"Web Services :: API_MainWrapper","workflowType":"serverFlow","label":"","taskName":"Visual Logic Component","parent":"1716586237896","painted":false,"taskNotes":"<p><br></p>","callType":"sync","inputTask":"1716586237896","inputValue":null,"outputDataModel":"API_MainResponse","addedToConfig":false},"1716586450651":{"id":"1716586450651","type":"decision","newMapping":true,"position":{},"condition":null,"serviceName":null,"serviceType":null,"operator":"and","mapping":[{"sourceType":"variable","sourceValue":"status","source":"1716586436043","sourceFieldType":"String","sourceModel":"API_MainResponse","isSourceList":false,"targetType":"constant","targetValue":"SUCCESS","target":null,"targetFieldType":null,"targetModel":"","isTargetList":null,"comparator":"containsignorecase"}],"label":"","parent":"1716586436043","painted":false,"taskNotes":"<p><br></p>","addedToConfig":false},"1716586450651_end":{"id":"1716586450651_end","decisionId":"1716586450651","position":{},"type":"decisionEnd","painted":false,"addedToConfig":false},"1716586450651_success_start":{"id":"1716586450651_success_start","decisionId":"1716586450651","parent":"1716586450651","position":{},"type":"decisionSucessStart","painted":false,"addedToConfig":false},"1716586450651_failure_start":{"id":"1716586450651_failure_start","decisionId":"1716586450651","parent":"1716586450651","position":{},"type":"decisionFailureStart","painted":false,"addedToConfig":false},"1716586450651_success_end":{"id":"1716586450651_success_end","decisionId":"1716586450651","parent":"1716586450653","position":{},"type":"decisionSucessEnd","painted":false,"addedToConfig":false},"1716586450651_failure_end":{"id":"1716586450651_failure_end","decisionId":"1716586450651","parent":"1716586450651_failure_start","position":{},"type":"decisionFailureEnd","painted":false,"addedToConfig":false},"1716586450653":{"id":"1716586450653","type":"service","value":"Add to List","serviceType":"internal","serviceId":"addToList","position":{},"label":"","callType":"async","taskName":"Add to List","parent":"1716589488740","painted":false,"addAtIndexType":"constant","addAtIndex":false,"desc":"Add to List","taskNotes":"<p><br></p>","inputTask":"1716589488740","inputValue":null,"targetVariable":"list","modelName":"Assessment_Questions","addedToConfig":false,"targetTask":"1716580679458","targetValue":"learningConfirmation"},"1716586603281":{"id":"1716586603281","type":"rrUiComponent","position":{},"label":"","taskName":"Manipulate UI Component","screenId":null,"parent":"1716583210157_end","painted":false,"customComponent":"","animationImageType":"","taskNotes":"<p><br></p>","actionType":"refreshComponent","componentNameType":"constant","addedToConfig":false,"componentName":"assessment_questions"},"1716589488740":{"id":"1716589488740","type":"service","value":"Get Value","serviceType":"internal","serviceId":"getValueFromObj","position":{},"label":"","callType":"async","taskName":"Get Value","parent":"1716586450651_success_start","painted":false,"addAtIndexType":"constant","addAtIndex":false,"desc":"Get Value","taskNotes":"<p><br></p>","inputTask":"1716586436043","inputValue":null,"targetVariable":"object","modelName":"Assessment_Questions","addedToConfig":false}},"decisionsMap":{"1716580645082":{"success":"1716580645082_success_start","failure":"1716580645082_failure_start","successEnd":"1716580645082_success_end","failureEnd":"1716580645082_failure_end","end":"1716580645082_end","root":true},"1716583210157":{"success":"1716583210157_success_start","failure":"1716583210157_failure_start","successEnd":"1716583210157_success_end","failureEnd":"1716583210157_failure_end","end":"1716583210157_end","root":false},"1716586450651":{"root":false,"success":"1716586450651_success_start","failure":"1716586450651_failure_start","successEnd":"1716586450651_success_end","failureEnd":"1716586450651_failure_end","end":"1716586450651_end"}},"active":false,"scheduler":false,"savedId":null,"workInProgress":false,"uiFLow":true,"startTaskId":"1716580124915","shouldSecure":false,"allowExecutionForAll":false,"testCase":false,"testSuite":false,"sequence":1,"internal":false,"triggeredFromBpm":false,"inputModel":null,"outputModel":null,"appName":null},
{"id":"6669bb548f08bdb80fbb6a9c","companyId":"5f47ce0c8f0815394ff3bd8a","createdDate":1718205970507,"updatedDate":1718205970507,"versionId":2,"referenceId":null,"systemStatus":"P","updatedByUserId":"5f4d87898f086f27a2ab1466","updatedByUserName":"Sean Stevens","systemStatusText":null,"userTypes":null,"requirementIds":null,"name":"Course_Builder_Module_Assessment_Settings_Copy_Assessment","sourceReferenceId":null,"sourceReferenceAppId":null,"lockedByUserId":null,"lockedByUserName":null,"publicArtifact":false,"enableOffline":false,"locked":false,"canUnlock":false,"publishComment":" ","importantPublish":false,"appId":"5f47f6258f0814ff0a91755e","folderId":"","initializer":["605a090a8f0800820d2effc5"],"triggerType":"uiEvent","flow":[],"createdBy":null,"lastModifiedBy":null,"objectsMap":{"1718205266391":{"id":"1718205266391","type":"startObject","value":["605a090a8f0800820d2effc5"],"taskName":"Start","triggerType":"uiEvent","addedToConfig":true,"painted":true,"position":{},"taskNotes":"<p><br></p>","desc":"Course_Builder_Module_Assessment_Settings"},"17182052663911000":{"id":"17182052663911000","parent":"1718205918308","systemExit":true,"type":"return","returnType":"exit","taskName":"Exit","label":"","addedToConfig":false,"painted":false,"position":{}},"1718205301988":{"id":"1718205301988","type":"service","value":"Copy to clipboard","serviceType":"internal","serviceId":"copyToClipboard","position":{},"label":"","callType":"async","taskName":"Local Service","parent":"1718205340841","painted":false,"addAtIndexType":"constant","addAtIndex":false,"desc":"Copy to clipboard","taskNotes":"<p><br></p>","inputTask":"1718205340841","inputValue":"_id","addedToConfig":false},"1718205340841":{"id":"1718205340841","type":"query","position":{},"source":null,"target":null,"mapping":null,"label":"","filterBy":"criteria","searchOption":"one","operator":"and","taskName":"Read CURRENT_ASSESSMENT","parent":"1718205266391","painted":false,"taskNotes":"<p><br></p>","saveType":"global","sourceVariable":"CURRENT_ASSESSMENT","modelName":"Assessment","addedToConfig":false},"1718205909795":{"id":"1718205909795","type":"createDataObject","position":{},"condition":"User_Notifications","mapping":[{"name":"notificationTitle","valueType":"constant","value":"Copied!","fieldType":"String","list":false,"rr_dynamic_field_name_type":"","fromModel":""},{"name":"notificationContent","valueType":"variable","value":"_id","fieldType":"String","list":false,"rr_dynamic_field_name_type":"","fromModel":"Assessment","source":"1718205340841"}],"label":"","taskName":"Create User_Notification","parent":"1718205301988","painted":false,"taskNotes":"<p><br></p>","addedToConfig":false},"1718205918308":{"id":"1718205918308","type":"workflow","position":{},"workflowId":"624c94bf8f086fcdafe53052","workflowName":"System_Confirmation_Save_Click","workflowType":"uiFlow","label":"","taskName":"Visual Logic Component","parent":"1718205909795","painted":false,"taskNotes":"<p><br></p>","inputTask":"1718205909795","inputValue":null,"addedToConfig":false}},"decisionsMap":{},"active":false,"scheduler":false,"savedId":null,"workInProgress":false,"uiFLow":true,"startTaskId":"1718205266391","shouldSecure":false,"allowExecutionForAll":false,"testCase":false,"testSuite":false,"sequence":1,"internal":false,"triggeredFromBpm":false,"inputModel":null,"outputModel":null,"appName":null},
{"id":"6669c4f48f08bdb80fbb6b7d","companyId":"5f47ce0c8f0815394ff3bd8a","createdDate":1718208116327,"updatedDate":1718208116327,"versionId":1,"referenceId":null,"systemStatus":"P","updatedByUserId":"5fa999cf8f08eee59b0a70e1","updatedByUserName":"Mark Bonham","systemStatusText":null,"userTypes":null,"requirementIds":null,"name":"Course_Builder_Assessment_Options_Modal_Confirm","sourceReferenceId":null,"sourceReferenceAppId":null,"lockedByUserId":null,"lockedByUserName":null,"publicArtifact":false,"enableOffline":false,"locked":false,"canUnlock":false,"publishComment":"g","importantPublish":false,"appId":"5f47f6258f0814ff0a91755e","folderId":"","initializer":null,"triggerType":"workflow","flow":[],"createdBy":null,"lastModifiedBy":null,"objectsMap":{"1618935380452":{"id":"1618935380452","type":"startObject","value":null,"taskName":"Start","triggerType":"workflow","addedToConfig":true,"painted":true,"position":{},"taskNotes":"<p><br></p>","modelName":"Menu_Items","desc":"Menu_Items"},"16189353804521000":{"id":"16189353804521000","parent":"1618935445851","systemExit":true,"type":"return","returnType":"exit","taskName":"Exit","label":"","addedToConfig":false,"painted":false,"position":{}},"1618935389386":{"id":"1618935389386","type":"persist","position":{},"source":"constant","target":null,"mapping":null,"label":"","taskName":"Write","parent":"1618935380452","taskNotes":"<p><br></p>","saveType":"global","variable":"ADD_MODULE_TEST_CONFIRM","sourceVariable":"true","modelName":"rr_primitive_string","addedToConfig":false,"painted":false},"1618935445851":{"id":"1618935445851","type":"workflow","position":{},"workflowId":"5f47f8728f0814ff0a9176fe","workflowName":"Course_Section_Add_Module","workflowType":"uiFlow","label":"","taskName":"Visual Logic Component","parent":"1618935389386","painted":false,"callType":"","taskNotes":"<p><br></p>","addedToConfig":false,"inputTask":"rr_page_data","inputValue":null}},"decisionsMap":{},"active":false,"scheduler":false,"savedId":null,"workInProgress":false,"uiFLow":true,"startTaskId":"1618935380452","shouldSecure":false,"allowExecutionForAll":false,"testCase":false,"testSuite":false,"sequence":1,"internal":false,"triggeredFromBpm":false,"inputModel":"Menu_Items","outputModel":null,"appName":null},
{"id":"6669d49e8f08bdb80fbb6c1c","companyId":"5f47ce0c8f0815394ff3bd8a","createdDate":1720813789212,"updatedDate":1720813789212,"versionId":14,"referenceId":null,"systemStatus":"P","updatedByUserId":"5fa999cf8f08eee59b0a70e1","updatedByUserName":"Mark Bonham","systemStatusText":null,"userTypes":null,"requirementIds":null,"name":"Course_Builder_Get_Assessment_Copy","sourceReferenceId":null,"sourceReferenceAppId":null,"lockedByUserId":null,"lockedByUserName":null,"publicArtifact":false,"enableOffline":false,"locked":false,"canUnlock":false,"publishComment":"df","importantPublish":false,"appId":"5f47f6258f0814ff0a91755e","folderId":"","initializer":["5f47f8728f0814ff0a91765d"],"triggerType":"uiEvent","flow":[],"createdBy":null,"lastModifiedBy":null,"objectsMap":{"1718211740307":{"id":"1718211740307","type":"startObject","value":["5f47f8728f0814ff0a91765d"],"taskName":"Start","triggerType":"uiEvent","addedToConfig":true,"painted":true,"position":{},"taskNotes":"<p><br></p>","desc":"Course_Builder_Module_Assessment"},"17182117403071000":{"id":"17182117403071000","parent":"1719241606165_end","systemExit":true,"type":"return","returnType":"exit","taskName":"Exit","label":"","addedToConfig":false,"painted":false,"position":{}},"1718211753102":{"id":"1718211753102","type":"createDataObject","position":{},"condition":"API_AssessmentRequest","mapping":[{"name":"object","valueType":"variable","value":"rr_this_object","fieldType":"Object","list":false,"rr_dynamic_field_name_type":"","fromModel":"Course_ContentModule","source":"rr_page_data"},{"name":"assessmentId","valueType":"variable","value":"_id","fieldType":"String","list":false,"rr_dynamic_field_name_type":"","fromModel":"Course_ContentModule","source":"rr_page_data"},{"name":"branchId","valueType":"variable","value":"_id","fieldType":"String","list":false,"rr_dynamic_field_name_type":"","fromModel":"Branch","source":"1718212539606"},{"name":"type","valueType":"constant","value":"ASSESSMENT_COPY","fieldType":"String","list":false,"rr_dynamic_field_name_type":"","fromModel":""},{"name":"assessmentSubmittedId","valueType":"variable","value":"sysContainerId","fieldType":"String","list":false,"rr_dynamic_field_name_type":"","source":"1718211908791","fromModel":"Assessment"},{"name":"action","valueType":"constant","value":"EDIT","fieldType":"String","list":false,"rr_dynamic_field_name_type":"","fromModel":""}],"label":"","taskName":"API_Assessment_Request","parent":"1718212239812","painted":false,"taskNotes":"<p><br></p>","addedToConfig":false},"1718211755505":{"id":"1718211755505","type":"createDataObject","position":{},"condition":"API_MainRequest","mapping":[{"name":"rr_id","valueType":"variable","value":"tenantId","fieldType":"String","list":false,"rr_dynamic_field_name_type":"","fromModel":"Lookup_SystemInfo","source":"1720813745010"},{"name":"service","valueType":"constant","value":"5f47f79e8f0814ff0a917587","fieldType":"String","list":false,"rr_dynamic_field_name_type":"","fromModel":""},{"name":"data","valueType":"variable","value":"rr_this_object","fieldType":"Object","list":false,"rr_dynamic_field_name_type":"","fromModel":"API_AssessmentRequest","source":"1718211753102"},{"name":"authHeader","valueType":"variable","value":null,"fieldType":"String","list":false,"rr_dynamic_field_name_type":"","source":"1718212239812"}],"label":"","taskName":"API_Main_Request","parent":"1718211753102","painted":false,"taskNotes":"<p><br></p>","addedToConfig":false,"showAllFields":false},"1718211761506":{"id":"1718211761506","type":"workflow","position":{},"workflowId":"65aaf8fc8f0887f52e616e81","workflowName":"Web Services :: API_MainWrapper","workflowType":"serverFlow","label":"","taskName":"API_MainWrapper","parent":"1718211755505","painted":false,"taskNotes":"<p><br></p>","callType":"sync","inputTask":"1718211755505","inputValue":null,"addedToConfig":false,"outputDataModel":"API_MainResponse"},"1718211908791":{"id":"1718211908791","type":"query","position":{},"source":null,"target":null,"mapping":null,"label":"","filterBy":"criteria","searchOption":"one","operator":"and","taskName":"Read Current Assessment","parent":"1720813745010","painted":false,"addedToConfig":false,"taskNotes":"<p><br></p>","saveType":"global","sourceVariable":"CURRENT_ASSESSMENT","modelName":"Assessment"},"1718212239812":{"id":"1718212239812","type":"service","value":"Get Auth Header","serviceType":"internal","serviceId":"getAuthHeader","position":{},"label":"","callType":"async","taskName":"Get Auth Header","parent":"1718212539606","painted":false,"addAtIndexType":"constant","addAtIndex":false,"desc":"Get Auth Header","taskNotes":"<p><br></p>","addedToConfig":false},"1718212539606":{"id":"1718212539606","type":"query","position":{},"source":null,"target":null,"mapping":null,"label":"","filterBy":"criteria","searchOption":"one","operator":"and","taskName":"Read Current Branch","parent":"1718211908791","painted":false,"taskNotes":"<p><br></p>","saveType":"global","sourceVariable":"CURRENT_BRANCH","modelName":"Branch","addedToConfig":false},"1719241606165_end":{"id":"1719241606165_end","decisionId":"1719241606165","position":{},"type":"decisionEnd","painted":false,"addedToConfig":false},"1719241606165_success_start":{"id":"1719241606165_success_start","decisionId":"1719241606165","parent":"1719241606165","position":{},"type":"decisionSucessStart","painted":false,"addedToConfig":false},"1719241606165_failure_start":{"id":"1719241606165_failure_start","decisionId":"1719241606165","parent":"1719241606165","position":{},"type":"decisionFailureStart","painted":false,"addedToConfig":false},"1719241606165_success_end":{"id":"1719241606165_success_end","decisionId":"1719241606165","parent":"1719241849639","position":{},"type":"decisionSucessEnd","painted":false,"addedToConfig":false},"1719241606165_failure_end":{"id":"1719241606165_failure_end","decisionId":"1719241606165","parent":"1719241606165_failure_start","position":{},"type":"decisionFailureEnd","painted":false,"addedToConfig":false},"1719241606165":{"id":"1719241606165","type":"decision","newMapping":true,"position":{},"condition":null,"serviceName":null,"serviceType":null,"operator":"and","mapping":[{"sourceType":"variable","sourceValue":"status","source":"1718211761506","sourceFieldType":"String","sourceModel":"API_MainResponse","isSourceList":false,"targetType":"constant","targetValue":"SUCCESS","target":null,"targetFieldType":null,"targetModel":"","isTargetList":null,"comparator":"containsignorecase"}],"label":"","parent":"1718211761506","painted":false,"taskNotes":"<p><br></p>","addedToConfig":false},"1719241786053":{"id":"1719241786053","type":"service","value":"Get Value","serviceType":"internal","serviceId":"getValueFromObj","position":{},"label":"","callType":"async","taskName":"GET Questions","parent":"1719241606165_success_start","painted":false,"addAtIndexType":"constant","addAtIndex":false,"desc":"Get Value","taskNotes":"<p><br></p>","inputTask":"1718211761506","inputValue":null,"targetVariable":"list","modelName":"Assessment_Questions","addedToConfig":false},"1719241828110":{"id":"1719241828110","type":"rrUiComponent","position":{},"label":"","taskName":"Hide Import Field","screenId":["605a090a8f0800820d2effc5"],"parent":"1719262395754","painted":false,"customComponent":"","animationImageType":"","taskNotes":"<p><br></p>","actionType":"hide","rrComponentHierarchy":"1718211625385","rrComponentHierarchyType":"flexlayout","addedToConfig":false},"1719241849639":{"id":"1719241849639","type":"rrUiComponent","position":{},"label":"","taskName":"Show Setting toggle","screenId":["605a090a8f0800820d2effc5"],"parent":"1719241828110","painted":false,"customComponent":"","animationImageType":"","taskNotes":"<p><br></p>","actionType":"show","rrComponentHierarchy":"1719006834598","rrComponentHierarchyType":"flexlayout","addedToConfig":false},"1719262395754":{"id":"1719262395754","type":"persist","position":{},"source":"1719241786053","target":null,"mapping":null,"label":"","taskName":"Write CURRENT_QUESTION_LIST","parent":"1719241786053","taskNotes":"<p><br></p>","saveType":"global","modelName":"Assessment_Questions","variable":"CURRENT_QUESTION_LIST","addedToConfig":false,"painted":false},"1720813745010":{"id":"1720813745010","type":"query","position":{"top":293,"left":1022},"source":null,"target":null,"mapping":null,"label":"","filterBy":"criteria","searchOption":"one","operator":"and","taskName":"Read SYSTEM_INFO","parent":"1718211740307","painted":false,"taskNotes":"<p><br></p>","saveType":"global","sourceVariable":"SYSTEM_INFO","modelName":"Lookup_SystemInfo","addedToConfig":false}},"decisionsMap":{"1719241606165":{"success":"1719241606165_success_start","failure":"1719241606165_failure_start","successEnd":"1719241606165_success_end","failureEnd":"1719241606165_failure_end","end":"1719241606165_end","root":true}},"active":false,"scheduler":false,"savedId":null,"workInProgress":false,"uiFLow":true,"startTaskId":"1718211740307","shouldSecure":false,"allowExecutionForAll":false,"testCase":false,"testSuite":false,"sequence":1,"internal":false,"triggeredFromBpm":false,"inputModel":null,"outputModel":null,"appName":null},
{"id":"667319fd8f08bdb80fbb7300","companyId":"5f47ce0c8f0815394ff3bd8a","createdDate":1718997273678,"updatedDate":1718997273678,"versionId":10,"referenceId":null,"systemStatus":"P","updatedByUserId":"5f4d87978f086f27a2ab1467","updatedByUserName":"Chris Lamberth","systemStatusText":null,"userTypes":null,"requirementIds":null,"name":"Course_Builder_Module_Assessment_PDF_Export","sourceReferenceId":null,"sourceReferenceAppId":null,"lockedByUserId":null,"lockedByUserName":null,"publicArtifact":false,"enableOffline":false,"locked":false,"canUnlock":false,"publishComment":" ","importantPublish":false,"appId":"5f47f6258f0814ff0a91755e","folderId":"","initializer":["66747f118f08bdb80fbb778a"],"triggerType":"uiEvent","flow":[],"createdBy":null,"lastModifiedBy":null,"objectsMap":{"1718819325351":{"id":"1718819325351","type":"startObject","value":["66747f118f08bdb80fbb778a"],"taskName":"Start","triggerType":"uiEvent","addedToConfig":true,"painted":true,"position":{},"taskNotes":"<p><br></p>","desc":"Course_Builder_Module_Assessment_Print_Modal"},"17188193253511000":{"id":"17188193253511000","parent":"1718821619679_end","systemExit":true,"type":"return","returnType":"exit","taskName":"Exit","label":"","addedToConfig":false,"painted":false,"position":{},"taskNotes":"<p><br></p>","customComponent":"66747f118f08bdb80fbb778a","desc":"Exit Workflow","modalWidth":"600px","modalHeight":"500px"},"1718820548452":{"id":"1718820548452","type":"service","value":"Get Auth Header","serviceType":"internal","serviceId":"getAuthHeader","position":{},"label":"","callType":"async","taskName":"Auth Header","parent":"1718821982389","painted":false,"addAtIndexType":"constant","addAtIndex":false,"desc":"Get Auth Header","taskNotes":"<p><br></p>","addedToConfig":false},"1718820565902":{"id":"1718820565902","type":"createDataObject","position":{},"condition":"API_AssessmentRequest","mapping":[{"name":"userSearchInput1","valueType":"variable","value":"userSearchInput1","fieldType":"String","list":false,"rr_dynamic_field_name_type":"","fromModel":"TR_Main_Dashboard","source":"rr_page_data"},{"name":"action","valueType":"constant","value":"GET","fieldType":"String","list":false,"rr_dynamic_field_name_type":"","fromModel":""},{"name":"type","valueType":"constant","value":"PDF_EXPORT","fieldType":"String","list":false,"rr_dynamic_field_name_type":"","fromModel":""},{"name":"assessmentId","valueType":"variable","value":"_id","fieldType":"String","list":false,"rr_dynamic_field_name_type":"","fromModel":"Assessment","source":"1718821982389"},{"name":"moduleId","valueType":"variable","value":"_id","fieldType":"String","list":false,"rr_dynamic_field_name_type":"","fromModel":"Course_ContentModule","source":"1718822131808"}],"label":"","taskName":"API_AssessmentRequest","parent":"1718820548452","painted":false,"taskNotes":"<p><br></p>","addedToConfig":false,"showAllFields":false},"1718820569176":{"id":"1718820569176","type":"createDataObject","position":{},"condition":"API_MainRequest","mapping":[{"name":"rr_id","valueType":"variable","value":"tenantId","fieldType":"String","list":false,"rr_dynamic_field_name_type":"","fromModel":"Lookup_SystemInfo","source":"1718892882013"},{"name":"authHeader","valueType":"variable","value":null,"fieldType":"String","list":false,"rr_dynamic_field_name_type":"","source":"1718820548452"},{"name":"data","valueType":"variable","value":"rr_this_object","fieldType":"Object","list":false,"rr_dynamic_field_name_type":"","fromModel":"API_AssessmentRequest","source":"1718820565902"},{"name":"service","valueType":"constant","value":"5f47f79e8f0814ff0a917587","fieldType":"String","list":false,"rr_dynamic_field_name_type":"","fromModel":""}],"label":"","taskName":"API_MainRequest","parent":"1718820565902","painted":false,"taskNotes":"<p><br></p>","addedToConfig":false},"1718820770103":{"id":"1718820770103","type":"workflow","position":{},"workflowId":"65aaf8fc8f0887f52e616e81","workflowName":"Web Services :: API_MainWrapper","workflowType":"serverFlow","label":"","taskName":"Visual Logic Component","parent":"1718820569176","painted":false,"taskNotes":"<p><br></p>","callType":"sync","inputTask":"1718820569176","inputValue":null,"outputDataModel":"API_MainResponse","addedToConfig":false},"1718821619679_end":{"id":"1718821619679_end","decisionId":"1718821619679","position":{},"type":"decisionEnd","painted":false,"addedToConfig":false},"1718821619679_success_start":{"id":"1718821619679_success_start","decisionId":"1718821619679","parent":"1718821619679","position":{},"type":"decisionSucessStart","painted":false,"addedToConfig":false},"1718821619679_failure_start":{"id":"1718821619679_failure_start","decisionId":"1718821619679","parent":"1718821619679","position":{},"type":"decisionFailureStart","painted":false,"addedToConfig":false},"1718821619679_success_end":{"id":"1718821619679_success_end","decisionId":"1718821619679","parent":"1718997236040","position":{},"type":"decisionSucessEnd","painted":false,"addedToConfig":false},"1718821619679_failure_end":{"id":"1718821619679_failure_end","decisionId":"1718821619679","parent":"1718821619679_failure_start","position":{},"type":"decisionFailureEnd","painted":false,"addedToConfig":false},"1718821619679":{"id":"1718821619679","type":"decision","newMapping":true,"position":{},"condition":null,"serviceName":null,"serviceType":null,"operator":"and","mapping":[{"sourceType":"variable","sourceValue":"status","source":"1718820770103","sourceFieldType":"String","sourceModel":"API_MainResponse","isSourceList":false,"targetType":"constant","targetValue":"SUCCESS","target":null,"targetFieldType":null,"targetModel":"","isTargetList":null,"comparator":"containsignorecase"}],"label":"","parent":"1718820770103","painted":false,"taskNotes":"<p><br></p>","addedToConfig":false},"1718821982389":{"id":"1718821982389","type":"query","position":{},"source":null,"target":null,"mapping":null,"label":"","filterBy":"criteria","searchOption":"one","operator":"and","taskName":"Read CURRENT_ASSESSMENT","parent":"1718822131808","painted":false,"taskNotes":"<p><br></p>","saveType":"global","sourceVariable":"CURRENT_ASSESSMENT","modelName":"Assessment","addedToConfig":false},"1718822131808":{"id":"1718822131808","type":"query","position":{},"source":null,"target":null,"mapping":null,"label":"","filterBy":"criteria","searchOption":"one","operator":"and","taskName":"Read CURRENT_MODULE","parent":"1718892882013","painted":false,"taskNotes":"<p><br></p>","saveType":"global","sourceVariable":"CURRENT_MODULE","modelName":"Course_ContentModule","addedToConfig":false},"1718892882013":{"id":"1718892882013","type":"query","position":{},"source":null,"target":null,"mapping":null,"label":"","filterBy":"criteria","searchOption":"one","operator":"and","taskName":"Read SYSTEM_INFO","parent":"1718819325351","painted":false,"taskNotes":"<p><br></p>","saveType":"global","sourceVariable":"SYSTEM_INFO","modelName":"Lookup_SystemInfo","addedToConfig":false},"1718910602116":{"id":"1718910602116","type":"dataTransfer","position":{},"source":"mddui_page_input_data","sourceType":"page","sourceVariable":"","targetType":"page","target":"1718821982389","targetVariable":null,"resultVariable":null,"mapping":[{"name":"printFileURLs","valueType":"variable","value":"printFileURLs","fieldType":"SUB_Assessment_URLs","list":true,"rr_dynamic_field_name_type":"","fromModel":"Assessment","source":"1718910649728"}],"label":"","taskName":"Update Model in Memory","parent":"1718910649728","painted":false,"taskNotes":"<p><br></p>","condition":"Assessment","addedToConfig":false},"1718910649728":{"id":"1718910649728","type":"service","value":"Get Value","serviceType":"internal","serviceId":"getValueFromObj","position":{},"label":"","callType":"async","taskName":"Local Service","parent":"1718821619679_success_start","painted":false,"addAtIndexType":"constant","addAtIndex":false,"desc":"Get Value","taskNotes":"<p><br></p>","inputTask":"1718820770103","inputValue":null,"targetVariable":"object","modelName":"Assessment","addedToConfig":false},"1718997236040":{"id":"1718997236040","type":"dataTransfer","position":{"top":415,"left":363},"source":"mddui_page_input_data","sourceType":"page","sourceVariable":"","targetType":"page","target":"rr_page_data","targetVariable":null,"resultVariable":null,"mapping":[{"name":"userSearchInput1","valueType":"empty","value":null,"fieldType":"String","list":false,"rr_dynamic_field_name_type":"","fromModel":""}],"label":"","taskName":"Update Model in Memory","parent":"1718910602116","painted":false,"taskNotes":"<p><br></p>","condition":"TR_Main_Dashboard","addedToConfig":false}},"decisionsMap":{"1718821619679":{"success":"1718821619679_success_start","failure":"1718821619679_failure_start","successEnd":"1718821619679_success_end","failureEnd":"1718821619679_failure_end","end":"1718821619679_end","root":true}},"active":false,"scheduler":false,"savedId":null,"workInProgress":false,"uiFLow":true,"startTaskId":"1718819325351","shouldSecure":false,"allowExecutionForAll":false,"testCase":false,"testSuite":false,"sequence":1,"internal":false,"triggeredFromBpm":false,"inputModel":null,"outputModel":null,"appName":null},
{"id":"66758f828f08bdb80fbb7ad5","companyId":"5f47ce0c8f0815394ff3bd8a","createdDate":1718980574659,"updatedDate":1718980574659,"versionId":0,"referenceId":null,"systemStatus":"P","updatedByUserId":"5f4d87978f086f27a2ab1467","updatedByUserName":"Chris Lamberth","systemStatusText":null,"userTypes":null,"requirementIds":null,"name":"Course_Builder_Module_Assessment_Print_Modal_List_Item_Name_Edit","sourceReferenceId":null,"sourceReferenceAppId":null,"lockedByUserId":null,"lockedByUserName":null,"publicArtifact":false,"enableOffline":false,"locked":false,"canUnlock":false,"publishComment":" ","importantPublish":false,"appId":"5f47f6258f0814ff0a91755e","folderId":"","initializer":["667481918f08bdb80fbb7797"],"triggerType":"uiEvent","flow":[],"createdBy":null,"lastModifiedBy":null,"objectsMap":{"1718980482242":{"id":"1718980482242","type":"startObject","value":["667481918f08bdb80fbb7797"],"taskName":"Start","triggerType":"uiEvent","addedToConfig":true,"painted":true,"position":{},"taskNotes":"<p><br></p>","desc":"Course_Builder_Module_Assessment_Print_Modal_List_Item"},"17189804822421000":{"id":"17189804822421000","parent":"1718980549307","systemExit":true,"type":"return","returnType":"exit","taskName":"Exit","label":"","addedToConfig":false,"painted":false,"position":{}},"1718980501554":{"id":"1718980501554","type":"rrUiComponent","position":{"top":335.0694580078125,"left":513},"label":"","taskName":"Hide Name panel","screenId":["667481918f08bdb80fbb7797"],"parent":"1718980482242","painted":false,"customComponent":"","animationImageType":"","taskNotes":"<p><br></p>","actionType":"hide","pageTitleType":"constant","dontChangeTitle":true,"rrComponentHierarchy":"1718979664644","rrComponentHierarchyType":"flexlayout","addedToConfig":false},"1718980549307":{"id":"1718980549307","type":"rrUiComponent","position":{"top":335.0694580078125,"left":513},"label":"","taskName":"Show Name panel","screenId":["667481918f08bdb80fbb7797"],"parent":"1718980501554","painted":false,"customComponent":"","animationImageType":"","taskNotes":"<p><br></p>","actionType":"show","pageTitleType":"constant","dontChangeTitle":true,"rrComponentHierarchy":"1718979664646","rrComponentHierarchyType":"flexlayout","addedToConfig":false}},"decisionsMap":{},"active":false,"scheduler":false,"savedId":null,"workInProgress":false,"uiFLow":true,"startTaskId":"1718980482242","shouldSecure":false,"allowExecutionForAll":false,"testCase":false,"testSuite":false,"sequence":1,"internal":false,"triggeredFromBpm":false,"inputModel":null,"outputModel":null,"appName":null},
{"id":"66758fe58f08bdb80fbb7adc","companyId":"5f47ce0c8f0815394ff3bd8a","createdDate":1718988587103,"updatedDate":1718988587103,"versionId":3,"referenceId":null,"systemStatus":"P","updatedByUserId":"5f4d87978f086f27a2ab1467","updatedByUserName":"Chris Lamberth","systemStatusText":null,"userTypes":null,"requirementIds":null,"name":"Course_Builder_Module_Assessment_Print_Modal_List_Item_Name_Save","sourceReferenceId":null,"sourceReferenceAppId":null,"lockedByUserId":null,"lockedByUserName":null,"publicArtifact":false,"enableOffline":false,"locked":false,"canUnlock":false,"publishComment":" ","importantPublish":false,"appId":"5f47f6258f0814ff0a91755e","folderId":"","initializer":["667481918f08bdb80fbb7797"],"triggerType":"uiEvent","flow":[],"createdBy":null,"lastModifiedBy":null,"objectsMap":{"1718980482242":{"id":"1718980482242","type":"startObject","value":["667481918f08bdb80fbb7797"],"taskName":"Start","triggerType":"uiEvent","addedToConfig":true,"painted":true,"position":{},"taskNotes":"<p><br></p>","desc":"Course_Builder_Module_Assessment_Print_Modal_List_Item"},"17189804822421000":{"id":"17189804822421000","parent":"1718981090775_end","systemExit":true,"type":"return","returnType":"exit","taskName":"Exit","label":"","addedToConfig":false,"painted":false,"position":{}},"1718980777707":{"id":"1718980777707","type":"service","value":"Get Auth Header","serviceType":"internal","serviceId":"getAuthHeader","position":{},"label":"","callType":"async","taskName":"Auth Header","parent":"1718980482242","painted":false,"addAtIndexType":"constant","addAtIndex":false,"desc":"Get Auth Header","taskNotes":"<p><br></p>","addedToConfig":false},"1718980791715":{"id":"1718980791715","type":"createDataObject","position":{},"condition":"API_AssessmentRequest","mapping":[{"name":"action","valueType":"constant","value":"EDIT","fieldType":"String","list":false,"rr_dynamic_field_name_type":"","fromModel":""},{"name":"type","valueType":"constant","value":"ASSESSMENT","fieldType":"String","list":false,"rr_dynamic_field_name_type":"","fromModel":""},{"name":"object","valueType":"variable","value":"rr_this_object","fieldType":"Object","list":false,"rr_dynamic_field_name_type":"","fromModel":"Assessment","source":"1718980799075"},{"name":"assessmentId","valueType":"variable","value":"_id","fieldType":"String","list":false,"rr_dynamic_field_name_type":"","fromModel":"Assessment","source":"1718980799075"}],"label":"","taskName":"API_AssessmentRequest","parent":"1718980799075","painted":false,"taskNotes":"<p><br></p>","showAllFields":false,"addedToConfig":false},"1718980794947":{"id":"1718980794947","type":"createDataObject","position":{},"condition":"API_MainRequest","mapping":[{"name":"rr_id","valueType":"variable","value":"tenantId","fieldType":"String","list":false,"rr_dynamic_field_name_type":"","fromModel":"Lookup_SystemInfo","source":"1718988538036"},{"name":"authHeader","valueType":"variable","value":null,"fieldType":"String","list":false,"rr_dynamic_field_name_type":"","source":"1718980777707"},{"name":"data","valueType":"variable","value":"rr_this_object","fieldType":"Object","list":false,"rr_dynamic_field_name_type":"","fromModel":"API_AssessmentRequest","source":"1718980791715"},{"name":"service","valueType":"constant","value":"5f47f79e8f0814ff0a917587","fieldType":"String","list":false,"rr_dynamic_field_name_type":"","fromModel":""}],"label":"","taskName":"API_MainRequest","parent":"1718980791715","painted":false,"taskNotes":"<p><br></p>","addedToConfig":false},"1718980799075":{"id":"1718980799075","type":"query","position":{},"source":null,"target":null,"mapping":null,"label":"","filterBy":"criteria","searchOption":"one","operator":"and","taskName":"Read CURRENT_ASSESSMENT","parent":"1718988538036","painted":false,"taskNotes":"<p><br></p>","saveType":"global","sourceVariable":"CURRENT_ASSESSMENT","modelName":"Assessment","addedToConfig":false},"1718981036584":{"id":"1718981036584","type":"workflow","position":{},"workflowId":"5f47f8728f0814ff0a9176f6","workflowName":"Main_Web_Service_Caller","workflowType":"serverFlow","label":"","taskName":"Visual Logic Component","parent":"1718980794947","painted":false,"taskNotes":"<p><br></p>","callType":"sync","inputTask":"1718980794947","inputValue":null,"outputDataModel":"API_MainResponse","addedToConfig":false},"1718981090775_end":{"id":"1718981090775_end","decisionId":"1718981090775","position":{},"type":"decisionEnd","painted":false,"addedToConfig":false},"1718981090775_success_start":{"id":"1718981090775_success_start","decisionId":"1718981090775","parent":"1718981090775","position":{},"type":"decisionSucessStart","painted":false,"addedToConfig":false},"1718981090775_failure_start":{"id":"1718981090775_failure_start","decisionId":"1718981090775","parent":"1718981090775","position":{},"type":"decisionFailureStart","painted":false,"addedToConfig":false},"1718981090775_success_end":{"id":"1718981090775_success_end","decisionId":"1718981090775","parent":"1718981119991","position":{},"type":"decisionSucessEnd","painted":false,"addedToConfig":false},"1718981090775_failure_end":{"id":"1718981090775_failure_end","decisionId":"1718981090775","parent":"1718981090775_failure_start","position":{},"type":"decisionFailureEnd","painted":false,"addedToConfig":false},"1718981090775":{"id":"1718981090775","type":"decision","newMapping":true,"position":{},"condition":null,"serviceName":null,"serviceType":null,"operator":"and","mapping":[{"sourceType":"variable","sourceValue":"status","source":"1718981036584","sourceFieldType":"String","sourceModel":"API_MainResponse","isSourceList":false,"targetType":"constant","targetValue":"SUCCESS","target":null,"targetFieldType":null,"targetModel":"","isTargetList":null,"comparator":"containsignorecase"}],"label":"","parent":"1718981036584","painted":false,"taskNotes":"<p><br></p>","addedToConfig":false},"1718981114672":{"id":"1718981114672","type":"rrUiComponent","position":{},"label":"","taskName":"Show Name panel","screenId":["667481918f08bdb80fbb7797"],"parent":"1718981090775_success_start","painted":false,"customComponent":"","animationImageType":"","taskNotes":"<p><br></p>","actionType":"show","pageTitleType":"constant","dontChangeTitle":true,"rrComponentHierarchy":"1718979664644","rrComponentHierarchyType":"flexlayout","addedToConfig":false},"1718981119991":{"id":"1718981119991","type":"rrUiComponent","position":{},"label":"","taskName":"Hide Name panel","screenId":["667481918f08bdb80fbb7797"],"parent":"1718981114672","painted":false,"customComponent":"","animationImageType":"","taskNotes":"<p><br></p>","actionType":"hide","pageTitleType":"constant","dontChangeTitle":true,"rrComponentHierarchy":"1718979664646","rrComponentHierarchyType":"flexlayout","addedToConfig":false},"1718988538036":{"id":"1718988538036","type":"query","position":{"top":233.09030151367188,"left":452},"source":null,"target":null,"mapping":null,"label":"","filterBy":"criteria","searchOption":"one","operator":"and","taskName":"Read SYSTEM_INFO","parent":"1718980777707","painted":false,"taskNotes":"<p><br></p>","saveType":"global","sourceVariable":"SYSTEM_INFO","modelName":"Lookup_SystemInfo","addedToConfig":false}},"decisionsMap":{"1718981090775":{"success":"1718981090775_success_start","failure":"1718981090775_failure_start","successEnd":"1718981090775_success_end","failureEnd":"1718981090775_failure_end","end":"1718981090775_end","root":true}},"active":false,"scheduler":false,"savedId":null,"workInProgress":false,"uiFLow":true,"startTaskId":"1718980482242","shouldSecure":false,"allowExecutionForAll":false,"testCase":false,"testSuite":false,"sequence":1,"internal":false,"triggeredFromBpm":false,"inputModel":null,"outputModel":null,"appName":null},
{"id":"667987258f08bdb80fbb7fee","companyId":"5f47ce0c8f0815394ff3bd8a","createdDate":1719240634523,"updatedDate":1719240634523,"versionId":0,"referenceId":null,"systemStatus":"P","updatedByUserId":"5f4d87978f086f27a2ab1467","updatedByUserName":"Chris Lamberth","systemStatusText":null,"userTypes":null,"requirementIds":null,"name":"Course_Builder_Module_Assessment_Settings_Show_Import_Field","sourceReferenceId":null,"sourceReferenceAppId":null,"lockedByUserId":null,"lockedByUserName":null,"publicArtifact":false,"enableOffline":false,"locked":false,"canUnlock":false,"publishComment":" ","importantPublish":false,"appId":"5f47f6258f0814ff0a91755e","folderId":"","initializer":["605a090a8f0800820d2effc5"],"triggerType":"uiEvent","flow":[],"createdBy":null,"lastModifiedBy":null,"objectsMap":{"1719240485457":{"id":"1719240485457","type":"startObject","value":["605a090a8f0800820d2effc5"],"taskName":"Start","triggerType":"uiEvent","addedToConfig":true,"painted":true,"position":{},"taskNotes":"<p><br></p>","desc":"Course_Builder_Module_Assessment_Settings"},"17192404854571000":{"id":"17192404854571000","parent":"1719240573336","systemExit":true,"type":"return","returnType":"exit","taskName":"Exit","label":"","addedToConfig":false,"painted":false,"position":{}},"1719240513640":{"id":"1719240513640","type":"rrUiComponent","position":{"top":435,"left":862},"label":"","taskName":"Hide Setting toggle","screenId":["605a090a8f0800820d2effc5"],"parent":"1719240485457","painted":false,"customComponent":"","animationImageType":"","taskNotes":"<p><br></p>","actionType":"hide","rrComponentHierarchy":"1719006834598","rrComponentHierarchyType":"flexlayout","addedToConfig":false},"1719240573336":{"id":"1719240573336","type":"rrUiComponent","position":{"top":435,"left":862},"label":"","taskName":"Show Import Field","screenId":["605a090a8f0800820d2effc5"],"parent":"1719240513640","painted":false,"customComponent":"","animationImageType":"","taskNotes":"<p><br></p>","actionType":"show","rrComponentHierarchy":"1718211625385","rrComponentHierarchyType":"flexlayout","addedToConfig":false}},"decisionsMap":{},"active":false,"scheduler":false,"savedId":null,"workInProgress":false,"uiFLow":true,"startTaskId":"1719240485457","shouldSecure":false,"allowExecutionForAll":false,"testCase":false,"testSuite":false,"sequence":1,"internal":false,"triggeredFromBpm":false,"inputModel":null,"outputModel":null,"appName":null},
{"id":"66798dd28f08bdb80fbb806a","companyId":"5f47ce0c8f0815394ff3bd8a","createdDate":1719242230683,"updatedDate":1719242230683,"versionId":0,"referenceId":null,"systemStatus":"P","updatedByUserId":"5f4d87978f086f27a2ab1467","updatedByUserName":"Chris Lamberth","systemStatusText":null,"userTypes":null,"requirementIds":null,"name":"Course_Builder_Module_Assessment_Settings_Hide_Import_Field","sourceReferenceId":null,"sourceReferenceAppId":null,"lockedByUserId":null,"lockedByUserName":null,"publicArtifact":false,"enableOffline":false,"locked":false,"canUnlock":false,"publishComment":" ","importantPublish":false,"appId":"5f47f6258f0814ff0a91755e","folderId":"","initializer":["605a090a8f0800820d2effc5"],"triggerType":"uiEvent","flow":[],"createdBy":null,"lastModifiedBy":null,"objectsMap":{"1719240485457":{"id":"1719240485457","type":"startObject","value":["605a090a8f0800820d2effc5"],"taskName":"Start","triggerType":"uiEvent","addedToConfig":true,"painted":true,"position":{},"taskNotes":"<p><br></p>","desc":"Course_Builder_Module_Assessment_Settings"},"17192404854571000":{"id":"17192404854571000","parent":"1719240573336","systemExit":true,"type":"return","returnType":"exit","taskName":"Exit","label":"","addedToConfig":false,"painted":false,"position":{}},"1719240513640":{"id":"1719240513640","type":"rrUiComponent","position":{},"label":"","taskName":"Show Setting toggle","screenId":["605a090a8f0800820d2effc5"],"parent":"1719240485457","painted":false,"customComponent":"","animationImageType":"","taskNotes":"<p><br></p>","actionType":"show","rrComponentHierarchy":"1719006834598","rrComponentHierarchyType":"flexlayout","addedToConfig":false},"1719240573336":{"id":"1719240573336","type":"rrUiComponent","position":{},"label":"","taskName":"Hide Import Field","screenId":["605a090a8f0800820d2effc5"],"parent":"1719240513640","painted":false,"customComponent":"","animationImageType":"","taskNotes":"<p><br></p>","actionType":"hide","rrComponentHierarchy":"1718211625385","rrComponentHierarchyType":"flexlayout","addedToConfig":false}},"decisionsMap":{},"active":false,"scheduler":false,"savedId":null,"workInProgress":false,"uiFLow":true,"startTaskId":"1719240485457","shouldSecure":false,"allowExecutionForAll":false,"testCase":false,"testSuite":false,"sequence":1,"internal":false,"triggeredFromBpm":false,"inputModel":null,"outputModel":null,"appName":null}]