[{"id":"60ec667a8f08542a275ea2c2","companyId":"5f47ce0c8f0815394ff3bd8a","createdDate":1718912948311,"updatedDate":1718912948311,"versionId":14,"referenceId":null,"systemStatus":"P","updatedByUserId":"5fa999cf8f08eee59b0a70e1","updatedByUserName":"Mark Bonham","systemStatusText":null,"userTypes":null,"requirementIds":null,"name":"API_User_Add","sourceReferenceId":null,"sourceReferenceAppId":null,"lockedByUserId":null,"lockedByUserName":null,"publicArtifact":false,"enableOffline":false,"locked":false,"canUnlock":false,"publishComment":"Import User added","importantPublish":false,"appId":"5f47f6158f0814ff0a917552","folderId":"","initializer":null,"triggerType":"workflow","flow":[],"createdBy":null,"lastModifiedBy":null,"objectsMap":{"1626105465650":{"id":"1626105465650","type":"startObject","value":null,"taskName":"Start","triggerType":"workflow","addedToConfig":true,"painted":true,"position":{},"taskNotes":"<p><br></p>","modelName":"API_UserRequest","desc":"API_UserRequest","output":"API_MainResponse"},"16261054656501000":{"id":"16261054656501000","parent":"1626105507528switchEnd","systemExit":true,"type":"return","returnType":"return","taskName":"Exit","label":"","addedToConfig":false,"painted":false,"position":{},"taskNotes":"<p><br></p>","desc":"Return","outputTask":"1626105479386"},"1626105479386":{"id":"1626105479386","type":"createDataObject","position":{},"condition":"API_MainResponse","mapping":[{"name":"status","valueType":"constant","value":"SUCCESS - API_User_Add","fieldType":"String","list":false,"rr_dynamic_field_name_type":"","fromModel":""}],"label":"","taskName":"API_MainResponse","parent":"1626105465650","painted":false,"taskNotes":"<p><br></p>","addedToConfig":false},"1626105507528switchEnd":{"id":"1626105507528switchEnd","switchId":"1626105507528","parent":"1718912283751caseEnd","position":{},"type":"switchEnd","taskName":"Switch End","painted":false,"addedToConfig":false},"1626105507528":{"id":"1626105507528","type":"wfSwitch","position":{},"label":"","expressionType":"variable","taskName":"actionType","parent":"1626105479386","painted":false,"taskNotes":"<p><br></p>","inputTask":"rr_page_data","inputValue":"actionType","addedToConfig":false},"1626105518809caseEnd":{"id":"1626105518809caseEnd","caseId":"1626105518809","switchId":"1626105507528","parent":"1626105587153","position":{},"type":"caseEnd","taskName":"Break","painted":false,"addedToConfig":false,"taskNotes":"<p><br></p>"},"1626105518809":{"id":"1626105518809","switchId":"1626105507528","type":"wfCase","position":{},"label":"","operator":"equals","taskName":"PAYMENT_TRANSACTION","parent":"1626105507528","painted":false,"taskNotes":"<p><br></p>","isCaseDefault":false,"caseValue":"PAYMENT_TRANSACTION","addedToConfig":false},"1626105565659":{"id":"1626105565659","type":"workflow","position":{},"workflowId":"60ec67098f08542a275ea2ce","workflowName":"API_User_Add_PaymentTransaction","workflowType":"serverFlow","label":"","taskName":"API_User_Add_PaymentTransaction","parent":"1626105518809","painted":false,"callType":"sync","taskNotes":"<p><br></p>","inputTask":"rr_page_data","inputValue":null,"outputDataModel":"API_MainResponse","addedToConfig":false},"1626105587153":{"id":"1626105587153","type":"dataTransfer","position":{},"source":"mddui_page_input_data","sourceType":"page","sourceVariable":"rr_page_data","targetType":"page","target":"1626105479386","targetVariable":null,"resultVariable":null,"mapping":[{"name":"rr_this_object","valueType":"variable","value":"rr_this_object","fieldType":null,"list":null,"rr_dynamic_field_name_type":"","fromModel":"API_MainResponse","source":"1626105565659"}],"label":"","taskName":"Update Model in Memory","parent":"1626105565659","painted":false,"taskNotes":"<p><br></p>","condition":"API_MainResponse","addedToConfig":false},"1626201673208":{"id":"1626201673208","switchId":"1626105507528","type":"wfCase","position":{},"label":"","operator":"equals","taskName":"TRANSACTION_ITEM","parent":"1626105518809caseEnd","painted":false,"taskNotes":"<p><br></p>","isCaseDefault":false,"caseValue":"TRANSACTION_ITEM","addedToConfig":false},"1626201673208caseEnd":{"id":"1626201673208caseEnd","caseId":"1626201673208","switchId":"1626105507528","parent":"1626201673211","position":{},"type":"caseEnd","taskName":"Break","painted":false,"addedToConfig":false,"taskNotes":"<p><br></p>"},"1626201673209":{"id":"1626201673209","type":"workflow","position":{},"workflowId":"60eca83e8f08542a275ea476","workflowName":"API_User_Add_TransactionItem","workflowType":"serverFlow","label":"","taskName":"API_User_Add_TransactionItem","parent":"1626201673208","painted":false,"callType":"sync","taskNotes":"<p><br></p>","inputTask":"rr_page_data","inputValue":null,"outputDataModel":"API_MainResponse","addedToConfig":false},"1626201673211":{"id":"1626201673211","type":"dataTransfer","position":{},"source":"mddui_page_input_data","sourceType":"page","sourceVariable":"rr_page_data","targetType":"page","target":"1626105479386","targetVariable":null,"resultVariable":null,"mapping":[{"name":"rr_this_object","valueType":"variable","value":"rr_this_object","fieldType":null,"list":null,"rr_dynamic_field_name_type":"","fromModel":"API_MainResponse","source":"1626201673209"}],"label":"","taskName":"Update Model in Memory","parent":"1626201673209","painted":false,"taskNotes":"<p><br></p>","condition":"API_MainResponse","addedToConfig":false},"1626229617478":{"id":"1626229617478","switchId":"1626105507528","type":"wfCase","position":{},"label":"","operator":"equals","taskName":"PAYMENT_PROFILE","parent":"1626467605631caseEnd","painted":false,"taskNotes":"<p><br></p>","isCaseDefault":false,"caseValue":"PAYMENT_PROFILE","addedToConfig":false},"1626229617478caseEnd":{"id":"1626229617478caseEnd","caseId":"1626229617478","switchId":"1626105507528","parent":"1626229617480","position":{},"type":"caseEnd","taskName":"Break","painted":false,"addedToConfig":false,"taskNotes":"<p><br></p>"},"1626229617479":{"id":"1626229617479","type":"workflow","position":{},"workflowId":"60ee4b228f08542a275eb06d","workflowName":"API_User_Add_PaymentProfile","workflowType":"serverFlow","label":"","taskName":"API_User_Add_PaymentProfile","parent":"1626229617478","painted":false,"callType":"sync","taskNotes":"<p><br></p>","inputTask":"rr_page_data","inputValue":null,"outputDataModel":"API_MainResponse","addedToConfig":false},"1626229617480":{"id":"1626229617480","type":"dataTransfer","position":{},"source":"mddui_page_input_data","sourceType":"page","sourceVariable":"rr_page_data","targetType":"page","target":"1626105479386","targetVariable":null,"resultVariable":null,"mapping":[{"name":"rr_this_object","valueType":"variable","value":"rr_this_object","fieldType":null,"list":null,"rr_dynamic_field_name_type":"","fromModel":"API_MainResponse","source":"1626229617479"}],"label":"","taskName":"Update Model in Memory","parent":"1626229617479","painted":false,"taskNotes":"<p><br></p>","condition":"API_MainResponse","addedToConfig":false},"1626467605631":{"id":"1626467605631","switchId":"1626105507528","type":"wfCase","position":{},"label":"","operator":"equals","taskName":"TRANSACTION_ITEM_REFUND","parent":"1709065427387caseEnd","painted":false,"taskNotes":"<p><br></p>","isCaseDefault":false,"caseValue":"TRANSACTION_ITEM_REFUND","addedToConfig":false},"1626467605631caseEnd":{"id":"1626467605631caseEnd","caseId":"1626467605631","switchId":"1626105507528","parent":"1626467605633","position":{},"type":"caseEnd","taskName":"Break","painted":false,"addedToConfig":false,"taskNotes":"<p><br></p>"},"1626467605632":{"id":"1626467605632","type":"workflow","position":{},"workflowId":"60f1da728f0820d8ee8cf463","workflowName":"API_User_Add_TransactionItemRefund","workflowType":"serverFlow","label":"","taskName":"API_User_Add_TransactionItemRefund","parent":"1626467605631","painted":false,"callType":"sync","taskNotes":"<p><br></p>","inputTask":"rr_page_data","inputValue":null,"outputDataModel":"API_MainResponse","addedToConfig":false},"1626467605633":{"id":"1626467605633","type":"dataTransfer","position":{},"source":"mddui_page_input_data","sourceType":"page","sourceVariable":"rr_page_data","targetType":"page","target":"1626105479386","targetVariable":null,"resultVariable":null,"mapping":[{"name":"rr_this_object","valueType":"variable","value":"rr_this_object","fieldType":null,"list":null,"rr_dynamic_field_name_type":"","fromModel":"API_MainResponse","source":"1626467605632"}],"label":"","taskName":"Update Model in Memory","parent":"1626467605632","painted":false,"taskNotes":"<p><br></p>","condition":"API_MainResponse","addedToConfig":false},"1650479710224":{"id":"1650479710224","switchId":"1626105507528","type":"wfCase","position":{},"label":"","operator":"equals","taskName":"USER_TAG","parent":"1626229617478caseEnd","painted":false,"taskNotes":"<p><br></p>","isCaseDefault":false,"caseValue":"USER_TAG","addedToConfig":false},"1650479710224caseEnd":{"id":"1650479710224caseEnd","caseId":"1650479710224","switchId":"1626105507528","parent":"1650479710227","position":{},"type":"caseEnd","taskName":"Break","painted":false,"addedToConfig":false,"taskNotes":"<p><br></p>"},"1650479710226":{"id":"1650479710226","type":"workflow","position":{},"workflowId":"6260523b8f08bf10ebb6d98a","workflowName":"API_User_Add_UserTag","workflowType":"serverFlow","label":"","taskName":"API_User_Add_UserTag","parent":"1650479710224","painted":false,"callType":"sync","taskNotes":"<p><br></p>","inputTask":"rr_page_data","inputValue":null,"outputDataModel":"API_MainResponse","addedToConfig":false},"1650479710227":{"id":"1650479710227","type":"dataTransfer","position":{},"source":"mddui_page_input_data","sourceType":"page","sourceVariable":"rr_page_data","targetType":"page","target":"1626105479386","targetVariable":null,"resultVariable":null,"mapping":[{"name":"rr_this_object","valueType":"variable","value":"rr_this_object","fieldType":null,"list":null,"rr_dynamic_field_name_type":"","fromModel":"API_MainResponse","source":"1650479710226"}],"label":"","taskName":"Update Model in Memory","parent":"1650479710226","painted":false,"taskNotes":"<p><br></p>","condition":"API_MainResponse","addedToConfig":false},"1670528856379":{"id":"1670528856379","switchId":"1626105507528","type":"wfCase","position":{},"label":"","operator":"equals","taskName":"CLICK_LOG","parent":"1650479710224caseEnd","painted":false,"taskNotes":"<p><br></p>","isCaseDefault":false,"caseValue":"CLICK_LOG","addedToConfig":false},"1670528856379caseEnd":{"id":"1670528856379caseEnd","caseId":"1670528856379","switchId":"1626105507528","parent":"1670528856382","position":{},"type":"caseEnd","taskName":"Break","painted":false,"addedToConfig":false,"taskNotes":"<p><br></p>"},"1670528856381":{"id":"1670528856381","type":"workflow","position":{},"workflowId":"63923f718f08ae70b13c145d","workflowName":"API_User_Add_ClickLog","workflowType":"serverFlow","label":"","taskName":"API_User_Add_ClickLog","parent":"1670528856379","painted":false,"callType":"sync","taskNotes":"<p><br></p>","inputTask":"rr_page_data","inputValue":null,"outputDataModel":"API_MainResponse","addedToConfig":false},"1670528856382":{"id":"1670528856382","type":"dataTransfer","position":{},"source":"mddui_page_input_data","sourceType":"page","sourceVariable":"rr_page_data","targetType":"page","target":"1626105479386","targetVariable":null,"resultVariable":null,"mapping":[{"name":"rr_this_object","valueType":"variable","value":"rr_this_object","fieldType":null,"list":null,"rr_dynamic_field_name_type":"","fromModel":"API_MainResponse","source":"1670528856381"}],"label":"","taskName":"Update Model in Memory","parent":"1670528856381","painted":false,"taskNotes":"<p><br></p>","condition":"API_MainResponse","addedToConfig":false},"1699482815359":{"id":"1699482815359","switchId":"1626105507528","type":"wfCase","position":{},"label":"","operator":"equals","taskName":"USER_URL","parent":"1670528856379caseEnd","painted":false,"taskNotes":"<p><br></p>","isCaseDefault":false,"caseValue":"USER_URL","addedToConfig":false},"1699482815359caseEnd":{"id":"1699482815359caseEnd","caseId":"1699482815359","switchId":"1626105507528","parent":"1699482815362","position":{},"type":"caseEnd","taskName":"Break","painted":false,"addedToConfig":false,"taskNotes":"<p><br></p>"},"1699482815361":{"id":"1699482815361","type":"workflow","position":{},"workflowId":"63743d038f08128776b12433","workflowName":"API_User_Add_UserURL","workflowType":"serverFlow","label":"","taskName":"API_User_Add_UserURL","parent":"1699482815359","painted":false,"callType":"sync","taskNotes":"<p><br></p>","inputTask":"rr_page_data","inputValue":null,"outputDataModel":"API_MainResponse","addedToConfig":false},"1699482815362":{"id":"1699482815362","type":"dataTransfer","position":{},"source":"mddui_page_input_data","sourceType":"page","sourceVariable":"rr_page_data","targetType":"page","target":"1626105479386","targetVariable":null,"resultVariable":null,"mapping":[{"name":"rr_this_object","valueType":"variable","value":"rr_this_object","fieldType":null,"list":null,"rr_dynamic_field_name_type":"","fromModel":"API_MainResponse","source":"1699482815361"}],"label":"","taskName":"Update Model in Memory","parent":"1699482815361","painted":false,"taskNotes":"<p><br></p>","condition":"API_MainResponse","addedToConfig":false},"1709065427387":{"id":"1709065427387","switchId":"1626105507528","type":"wfCase","position":{},"label":"","operator":"equals","taskName":"CUSTOM_TRANSACTION_ITEM","parent":"1626201673208caseEnd","painted":false,"taskNotes":"<p><br></p>","isCaseDefault":false,"caseValue":"CUSTOM_TRANSACTION_ITEM","addedToConfig":false},"1709065427387caseEnd":{"id":"1709065427387caseEnd","caseId":"1709065427387","switchId":"1626105507528","parent":"1709065427390","position":{},"type":"caseEnd","taskName":"Break","painted":false,"addedToConfig":false,"taskNotes":"<p><br></p>"},"1709065427388":{"id":"1709065427388","type":"workflow","position":{},"workflowId":"65de29e28f0887c2fc6f9bc3","workflowName":"API_User_Add_CustomTransactionItem","workflowType":"serverFlow","label":"","taskName":"API_User_Add_CustomTransactionItem","parent":"1709065427387","painted":false,"callType":"sync","taskNotes":"<p><br></p>","inputTask":"rr_page_data","inputValue":null,"outputDataModel":"API_MainResponse","addedToConfig":false},"1709065427390":{"id":"1709065427390","type":"dataTransfer","position":{},"source":"mddui_page_input_data","sourceType":"page","sourceVariable":"rr_page_data","targetType":"page","target":"1626105479386","targetVariable":null,"resultVariable":null,"mapping":[{"name":"rr_this_object","valueType":"variable","value":"rr_this_object","fieldType":null,"list":null,"rr_dynamic_field_name_type":"","fromModel":"API_MainResponse","source":"1709065427388"}],"label":"","taskName":"Update Model in Memory","parent":"1709065427388","painted":false,"taskNotes":"<p><br></p>","condition":"API_MainResponse","addedToConfig":false},"1718912283751":{"id":"1718912283751","switchId":"1626105507528","type":"wfCase","position":{},"label":"","operator":"equals","taskName":"IMPORT_USER","parent":"1699482815359caseEnd","painted":false,"taskNotes":"<p><br></p>","isCaseDefault":false,"caseValue":"IMPORT_USER","addedToConfig":false},"1718912283751caseEnd":{"id":"1718912283751caseEnd","caseId":"1718912283751","switchId":"1626105507528","parent":"1718912283754","position":{},"type":"caseEnd","taskName":"Break","painted":false,"addedToConfig":false,"taskNotes":"<p><br></p>"},"1718912283753":{"id":"1718912283753","type":"workflow","position":{},"workflowId":"66733d268f08bdb80fbb737a","workflowName":"API_UserRequest_Import_User","workflowType":"serverFlow","label":"","taskName":"API_User_Add_Import_User","parent":"1718912283751","painted":false,"callType":"sync","taskNotes":"<p><br></p>","inputTask":"rr_page_data","inputValue":null,"outputDataModel":"API_MainResponse","addedToConfig":false},"1718912283754":{"id":"1718912283754","type":"dataTransfer","position":{},"source":"mddui_page_input_data","sourceType":"page","sourceVariable":"rr_page_data","targetType":"page","target":"1626105479386","targetVariable":null,"resultVariable":null,"mapping":[{"name":"rr_this_object","valueType":"variable","value":"rr_this_object","fieldType":null,"list":null,"rr_dynamic_field_name_type":"","fromModel":"API_MainResponse","source":"1718912283753"}],"label":"","taskName":"Update Model in Memory","parent":"1718912283753","painted":false,"taskNotes":"<p><br></p>","condition":"API_MainResponse","addedToConfig":false}},"decisionsMap":{},"active":false,"scheduler":false,"savedId":null,"workInProgress":false,"uiFLow":false,"startTaskId":"1626105465650","shouldSecure":false,"allowExecutionForAll":false,"testCase":false,"testSuite":false,"sequence":1,"internal":false,"triggeredFromBpm":false,"inputModel":"API_UserRequest","outputModel":"API_MainResponse","appName":null},
{"id":"664bb5d18f08144d3d67b08a","companyId":"5f47ce0c8f0815394ff3bd8a","createdDate":1716237840430,"updatedDate":1716237840430,"versionId":0,"referenceId":null,"systemStatus":"P","updatedByUserId":"5f4d87978f086f27a2ab1467","updatedByUserName":"Chris Lamberth","systemStatusText":null,"userTypes":null,"requirementIds":null,"name":"API_User_Add_CSV_Import_User","sourceReferenceId":null,"sourceReferenceAppId":null,"lockedByUserId":null,"lockedByUserName":null,"publicArtifact":false,"enableOffline":false,"locked":false,"canUnlock":false,"publishComment":" ","importantPublish":false,"appId":"5f47f6158f0814ff0a917552","folderId":"","initializer":null,"triggerType":"workflow","flow":[],"createdBy":null,"lastModifiedBy":null,"objectsMap":{"1716237777411":{"id":"1716237777411","type":"startObject","value":null,"taskName":"Start","triggerType":"workflow","addedToConfig":true,"painted":true,"position":{},"taskNotes":"<p><br></p>","modelName":"API_UserRequest","desc":"API_UserRequest","output":"API_MainResponse"},"17162377774111000":{"id":"17162377774111000","parent":"1716237804392","systemExit":true,"type":"return","returnType":"return","taskName":"Exit","label":"","addedToConfig":false,"painted":false,"position":{},"taskNotes":"<p><br></p>","desc":"Return","outputTask":"1716237804392"},"1716237804392":{"id":"1716237804392","type":"createDataObject","position":{"top":399,"left":865},"condition":"API_MainResponse","mapping":[{"name":"status","valueType":"constant","value":"SUCCESS - API_User_Add_CSV_Import_User","fieldType":"String","list":false,"rr_dynamic_field_name_type":"","fromModel":""}],"label":"","taskName":"API_MainResponse","parent":"1716237777411","painted":false,"taskNotes":"<p><br></p>","addedToConfig":false}},"decisionsMap":{},"active":false,"scheduler":false,"savedId":null,"workInProgress":false,"uiFLow":false,"startTaskId":"1716237777411","shouldSecure":false,"allowExecutionForAll":false,"testCase":false,"testSuite":false,"sequence":1,"internal":false,"triggeredFromBpm":false,"inputModel":"API_UserRequest","outputModel":"API_MainResponse","appName":null}]