[{"id":"66f1c5452a7a96224a53ea9c","companyId":null,"createdDate":1727120709972,"updatedDate":1728052888371,"versionId":0,"referenceId":null,"systemStatus":null,"updatedByUserId":null,"updatedByUserName":null,"systemStatusText":null,"userTypes":null,"requirementIds":null,"name":"2024_Q3_Features_Essentials","sourceReferenceId":null,"sourceReferenceAppId":null,"lockedByUserId":null,"lockedByUserName":null,"publicArtifact":false,"enableOffline":false,"locked":false,"canUnlock":false,"publishComment":null,"importantPublish":false,"appId":"5f47f6258f0814ff0a91755e","type":"fldr","parentId":"66e8a5108f087b8dfd31cadf","childId":null},
{"id":"66f1c5cf2a7a96224a53eab4","companyId":null,"createdDate":1727126505106,"updatedDate":1727126505106,"versionId":0,"referenceId":null,"systemStatus":null,"updatedByUserId":null,"updatedByUserName":null,"systemStatusText":null,"userTypes":null,"requirementIds":null,"name":"Instructor Courses","sourceReferenceId":null,"sourceReferenceAppId":null,"lockedByUserId":null,"lockedByUserName":null,"publicArtifact":false,"enableOffline":false,"locked":false,"canUnlock":false,"publishComment":null,"importantPublish":false,"appId":"5f47f6258f0814ff0a91755e","type":"fldr","parentId":"66f1c5452a7a96224a53ea9c","childId":null},
{"id":"66f2cb4a2a7a96224a53fc39","companyId":null,"createdDate":1727187786560,"updatedDate":1728052888307,"versionId":0,"referenceId":null,"systemStatus":null,"updatedByUserId":null,"updatedByUserName":null,"systemStatusText":null,"userTypes":null,"requirementIds":null,"name":"Branch_Sub-Tenant","sourceReferenceId":null,"sourceReferenceAppId":null,"lockedByUserId":null,"lockedByUserName":null,"publicArtifact":false,"enableOffline":false,"locked":false,"canUnlock":false,"publishComment":null,"importantPublish":false,"appId":"5f47f6258f0814ff0a91755e","type":"fldr","parentId":"66f1c5452a7a96224a53ea9c","childId":null},
{"id":"66f1c5f42a7a96224a53eab5","companyId":null,"createdDate":1727126505107,"updatedDate":1727126505107,"versionId":0,"referenceId":null,"systemStatus":null,"updatedByUserId":null,"updatedByUserName":null,"systemStatusText":null,"userTypes":null,"requirementIds":null,"name":null,"sourceReferenceId":null,"sourceReferenceAppId":null,"lockedByUserId":null,"lockedByUserName":null,"publicArtifact":false,"enableOffline":false,"locked":false,"canUnlock":false,"publishComment":null,"importantPublish":false,"appId":"5f47f6258f0814ff0a91755e","type":"wf","parentId":"66f1c5cf2a7a96224a53eab4","childId":"5f8754d38f0840cd96e3b8ee"},
{"id":"66f1c5f42a7a96224a53eab6","companyId":null,"createdDate":1727126505108,"updatedDate":1727126505108,"versionId":0,"referenceId":null,"systemStatus":null,"updatedByUserId":null,"updatedByUserName":null,"systemStatusText":null,"userTypes":null,"requirementIds":null,"name":null,"sourceReferenceId":null,"sourceReferenceAppId":null,"lockedByUserId":null,"lockedByUserName":null,"publicArtifact":false,"enableOffline":false,"locked":false,"canUnlock":false,"publishComment":null,"importantPublish":false,"appId":"5f47f6258f0814ff0a91755e","type":"wf","parentId":"66f1c5cf2a7a96224a53eab4","childId":"6271840e8f08bf10ebb6f125"},
{"id":"66f1c5f42a7a96224a53eab7","companyId":null,"createdDate":1727126505108,"updatedDate":1727126505108,"versionId":0,"referenceId":null,"systemStatus":null,"updatedByUserId":null,"updatedByUserName":null,"systemStatusText":null,"userTypes":null,"requirementIds":null,"name":null,"sourceReferenceId":null,"sourceReferenceAppId":null,"lockedByUserId":null,"lockedByUserName":null,"publicArtifact":false,"enableOffline":false,"locked":false,"canUnlock":false,"publishComment":null,"importantPublish":false,"appId":"5f47f6258f0814ff0a91755e","type":"wf","parentId":"66f1c5cf2a7a96224a53eab4","childId":"6272a61c8f08bf10ebb6f2b1"},
{"id":"66f1c5f42a7a96224a53eab8","companyId":null,"createdDate":1727126505109,"updatedDate":1727126505109,"versionId":0,"referenceId":null,"systemStatus":null,"updatedByUserId":null,"updatedByUserName":null,"systemStatusText":null,"userTypes":null,"requirementIds":null,"name":null,"sourceReferenceId":null,"sourceReferenceAppId":null,"lockedByUserId":null,"lockedByUserName":null,"publicArtifact":false,"enableOffline":false,"locked":false,"canUnlock":false,"publishComment":null,"importantPublish":false,"appId":"5f47f6258f0814ff0a91755e","type":"wf","parentId":"66f1c5cf2a7a96224a53eab4","childId":"66f18e4b2a7a96224a53e6d5"},
{"id":"66f1c5f42a7a96224a53eab9","companyId":null,"createdDate":1727126505110,"updatedDate":1727126505110,"versionId":0,"referenceId":null,"systemStatus":null,"updatedByUserId":null,"updatedByUserName":null,"systemStatusText":null,"userTypes":null,"requirementIds":null,"name":null,"sourceReferenceId":null,"sourceReferenceAppId":null,"lockedByUserId":null,"lockedByUserName":null,"publicArtifact":false,"enableOffline":false,"locked":false,"canUnlock":false,"publishComment":null,"importantPublish":false,"appId":"5f47f6258f0814ff0a91755e","type":"wf","parentId":"66f1c5cf2a7a96224a53eab4","childId":"66ec3d002a7a96224a53d61d"},
{"id":"66f1c5f42a7a96224a53eaba","companyId":null,"createdDate":1727126505110,"updatedDate":1727126505110,"versionId":0,"referenceId":null,"systemStatus":null,"updatedByUserId":null,"updatedByUserName":null,"systemStatusText":null,"userTypes":null,"requirementIds":null,"name":null,"sourceReferenceId":null,"sourceReferenceAppId":null,"lockedByUserId":null,"lockedByUserName":null,"publicArtifact":false,"enableOffline":false,"locked":false,"canUnlock":false,"publishComment":null,"importantPublish":false,"appId":"5f47f6258f0814ff0a91755e","type":"wf","parentId":"66f1c5cf2a7a96224a53eab4","childId":"66f191542a7a96224a53e6e5"},
{"id":"66f1c5f42a7a96224a53eabb","companyId":null,"createdDate":1727126505111,"updatedDate":1727126505111,"versionId":0,"referenceId":null,"systemStatus":null,"updatedByUserId":null,"updatedByUserName":null,"systemStatusText":null,"userTypes":null,"requirementIds":null,"name":null,"sourceReferenceId":null,"sourceReferenceAppId":null,"lockedByUserId":null,"lockedByUserName":null,"publicArtifact":false,"enableOffline":false,"locked":false,"canUnlock":false,"publishComment":null,"importantPublish":false,"appId":"5f47f6258f0814ff0a91755e","type":"wf","parentId":"66f1c5cf2a7a96224a53eab4","childId":"66eda3432a7a96224a53de83"},
{"id":"66f1c5f42a7a96224a53eabc","companyId":null,"createdDate":1727126505112,"updatedDate":1727126505112,"versionId":0,"referenceId":null,"systemStatus":null,"updatedByUserId":null,"updatedByUserName":null,"systemStatusText":null,"userTypes":null,"requirementIds":null,"name":null,"sourceReferenceId":null,"sourceReferenceAppId":null,"lockedByUserId":null,"lockedByUserName":null,"publicArtifact":false,"enableOffline":false,"locked":false,"canUnlock":false,"publishComment":null,"importantPublish":false,"appId":"5f47f6258f0814ff0a91755e","type":"wf","parentId":"66f1c5cf2a7a96224a53eab4","childId":"66ec489e2a7a96224a53d675"},
{"id":"66f1c5f42a7a96224a53eabd","companyId":null,"createdDate":1727126505112,"updatedDate":1727126505112,"versionId":0,"referenceId":null,"systemStatus":null,"updatedByUserId":null,"updatedByUserName":null,"systemStatusText":null,"userTypes":null,"requirementIds":null,"name":null,"sourceReferenceId":null,"sourceReferenceAppId":null,"lockedByUserId":null,"lockedByUserName":null,"publicArtifact":false,"enableOffline":false,"locked":false,"canUnlock":false,"publishComment":null,"importantPublish":false,"appId":"5f47f6258f0814ff0a91755e","type":"wf","parentId":"66f1c5cf2a7a96224a53eab4","childId":"66ec87e12a7a96224a53da94"},
{"id":"66f1c5f42a7a96224a53eabe","companyId":null,"createdDate":1727126505113,"updatedDate":1727126505113,"versionId":0,"referenceId":null,"systemStatus":null,"updatedByUserId":null,"updatedByUserName":null,"systemStatusText":null,"userTypes":null,"requirementIds":null,"name":null,"sourceReferenceId":null,"sourceReferenceAppId":null,"lockedByUserId":null,"lockedByUserName":null,"publicArtifact":false,"enableOffline":false,"locked":false,"canUnlock":false,"publishComment":null,"importantPublish":false,"appId":"5f47f6258f0814ff0a91755e","type":"wf","parentId":"66f1c5cf2a7a96224a53eab4","childId":"66ec96c32a7a96224a53daed"},
{"id":"66f1c5f42a7a96224a53eabf","companyId":null,"createdDate":1727126505113,"updatedDate":1727126505113,"versionId":0,"referenceId":null,"systemStatus":null,"updatedByUserId":null,"updatedByUserName":null,"systemStatusText":null,"userTypes":null,"requirementIds":null,"name":null,"sourceReferenceId":null,"sourceReferenceAppId":null,"lockedByUserId":null,"lockedByUserName":null,"publicArtifact":false,"enableOffline":false,"locked":false,"canUnlock":false,"publishComment":null,"importantPublish":false,"appId":"5f47f6258f0814ff0a91755e","type":"wf","parentId":"66f1c5cf2a7a96224a53eab4","childId":"66ed98912a7a96224a53dd8c"},
{"id":"66f1c5f42a7a96224a53eac0","companyId":null,"createdDate":1727126505114,"updatedDate":1727126505114,"versionId":0,"referenceId":null,"systemStatus":null,"updatedByUserId":null,"updatedByUserName":null,"systemStatusText":null,"userTypes":null,"requirementIds":null,"name":null,"sourceReferenceId":null,"sourceReferenceAppId":null,"lockedByUserId":null,"lockedByUserName":null,"publicArtifact":false,"enableOffline":false,"locked":false,"canUnlock":false,"publishComment":null,"importantPublish":false,"appId":"5f47f6258f0814ff0a91755e","type":"wf","parentId":"66f1c5cf2a7a96224a53eab4","childId":"66edd82c2a7a96224a53e12d"},
{"id":"66f1c6002a7a96224a53eac1","companyId":null,"createdDate":1727126505115,"updatedDate":1727126505115,"versionId":0,"referenceId":null,"systemStatus":null,"updatedByUserId":null,"updatedByUserName":null,"systemStatusText":null,"userTypes":null,"requirementIds":null,"name":null,"sourceReferenceId":null,"sourceReferenceAppId":null,"lockedByUserId":null,"lockedByUserName":null,"publicArtifact":false,"enableOffline":false,"locked":false,"canUnlock":false,"publishComment":null,"importantPublish":false,"appId":"5f47f6258f0814ff0a91755e","type":"cc","parentId":"66f1c5cf2a7a96224a53eab4","childId":"627180208f08bf10ebb6f0be"},
{"id":"66f1c6002a7a96224a53eac2","companyId":null,"createdDate":1727126505115,"updatedDate":1727126505115,"versionId":0,"referenceId":null,"systemStatus":null,"updatedByUserId":null,"updatedByUserName":null,"systemStatusText":null,"userTypes":null,"requirementIds":null,"name":null,"sourceReferenceId":null,"sourceReferenceAppId":null,"lockedByUserId":null,"lockedByUserName":null,"publicArtifact":false,"enableOffline":false,"locked":false,"canUnlock":false,"publishComment":null,"importantPublish":false,"appId":"5f47f6258f0814ff0a91755e","type":"cc","parentId":"66f1c5cf2a7a96224a53eab4","childId":"66ec37dd2a7a96224a53d5d3"},
{"id":"66f1c6002a7a96224a53eac3","companyId":null,"createdDate":1727126505116,"updatedDate":1727126505116,"versionId":0,"referenceId":null,"systemStatus":null,"updatedByUserId":null,"updatedByUserName":null,"systemStatusText":null,"userTypes":null,"requirementIds":null,"name":null,"sourceReferenceId":null,"sourceReferenceAppId":null,"lockedByUserId":null,"lockedByUserName":null,"publicArtifact":false,"enableOffline":false,"locked":false,"canUnlock":false,"publishComment":null,"importantPublish":false,"appId":"5f47f6258f0814ff0a91755e","type":"cc","parentId":"66f1c5cf2a7a96224a53eab4","childId":"66eda1b62a7a96224a53de53"},
{"id":"66f1c6002a7a96224a53eac4","companyId":null,"createdDate":1727126505116,"updatedDate":1727126505116,"versionId":0,"referenceId":null,"systemStatus":null,"updatedByUserId":null,"updatedByUserName":null,"systemStatusText":null,"userTypes":null,"requirementIds":null,"name":null,"sourceReferenceId":null,"sourceReferenceAppId":null,"lockedByUserId":null,"lockedByUserName":null,"publicArtifact":false,"enableOffline":false,"locked":false,"canUnlock":false,"publishComment":null,"importantPublish":false,"appId":"5f47f6258f0814ff0a91755e","type":"cc","parentId":"66f1c5cf2a7a96224a53eab4","childId":"66ed93ad2a7a96224a53dd81"},
{"id":"66f1c6002a7a96224a53eac5","companyId":null,"createdDate":1727126505117,"updatedDate":1727126505117,"versionId":0,"referenceId":null,"systemStatus":null,"updatedByUserId":null,"updatedByUserName":null,"systemStatusText":null,"userTypes":null,"requirementIds":null,"name":null,"sourceReferenceId":null,"sourceReferenceAppId":null,"lockedByUserId":null,"lockedByUserName":null,"publicArtifact":false,"enableOffline":false,"locked":false,"canUnlock":false,"publishComment":null,"importantPublish":false,"appId":"5f47f6258f0814ff0a91755e","type":"cc","parentId":"66f1c5cf2a7a96224a53eab4","childId":"66ec38b92a7a96224a53d5e5"},
{"id":"66f1c6002a7a96224a53eac6","companyId":null,"createdDate":1727126505118,"updatedDate":1727126505118,"versionId":0,"referenceId":null,"systemStatus":null,"updatedByUserId":null,"updatedByUserName":null,"systemStatusText":null,"userTypes":null,"requirementIds":null,"name":null,"sourceReferenceId":null,"sourceReferenceAppId":null,"lockedByUserId":null,"lockedByUserName":null,"publicArtifact":false,"enableOffline":false,"locked":false,"canUnlock":false,"publishComment":null,"importantPublish":false,"appId":"5f47f6258f0814ff0a91755e","type":"cc","parentId":"66f1c5cf2a7a96224a53eab4","childId":"66ec4bb52a7a96224a53d685"},
{"id":"66f1c6002a7a96224a53eac7","companyId":null,"createdDate":1727126505118,"updatedDate":1727126505118,"versionId":0,"referenceId":null,"systemStatus":null,"updatedByUserId":null,"updatedByUserName":null,"systemStatusText":null,"userTypes":null,"requirementIds":null,"name":null,"sourceReferenceId":null,"sourceReferenceAppId":null,"lockedByUserId":null,"lockedByUserName":null,"publicArtifact":false,"enableOffline":false,"locked":false,"canUnlock":false,"publishComment":null,"importantPublish":false,"appId":"5f47f6258f0814ff0a91755e","type":"cc","parentId":"66f1c5cf2a7a96224a53eab4","childId":"66ec4b872a7a96224a53d67d"},
{"id":"66f2e08e2a7a96224a53fdc4","companyId":null,"createdDate":1727193230715,"updatedDate":1728052888308,"versionId":0,"referenceId":null,"systemStatus":null,"updatedByUserId":null,"updatedByUserName":null,"systemStatusText":null,"userTypes":null,"requirementIds":null,"name":null,"sourceReferenceId":null,"sourceReferenceAppId":null,"lockedByUserId":null,"lockedByUserName":null,"publicArtifact":false,"enableOffline":false,"locked":false,"canUnlock":false,"publishComment":null,"importantPublish":false,"appId":"5f47f6258f0814ff0a91755e","type":"wf","parentId":"66f2cb4a2a7a96224a53fc39","childId":"66f2e08d2a7a96224a53fdc2"},
{"id":"66f315012a7a96224a54041c","companyId":null,"createdDate":1727206657333,"updatedDate":1728052888308,"versionId":0,"referenceId":null,"systemStatus":null,"updatedByUserId":null,"updatedByUserName":null,"systemStatusText":null,"userTypes":null,"requirementIds":null,"name":null,"sourceReferenceId":null,"sourceReferenceAppId":null,"lockedByUserId":null,"lockedByUserName":null,"publicArtifact":false,"enableOffline":false,"locked":false,"canUnlock":false,"publishComment":null,"importantPublish":false,"appId":"5f47f6258f0814ff0a91755e","type":"wf","parentId":"66f2cb4a2a7a96224a53fc39","childId":"66f315002a7a96224a54041a"},
{"id":"66f32d6e2a7a96224a5405e1","companyId":null,"createdDate":1727212910646,"updatedDate":1728052888309,"versionId":0,"referenceId":null,"systemStatus":null,"updatedByUserId":null,"updatedByUserName":null,"systemStatusText":null,"userTypes":null,"requirementIds":null,"name":null,"sourceReferenceId":null,"sourceReferenceAppId":null,"lockedByUserId":null,"lockedByUserName":null,"publicArtifact":false,"enableOffline":false,"locked":false,"canUnlock":false,"publishComment":null,"importantPublish":false,"appId":"5f47f6258f0814ff0a91755e","type":"wf","parentId":"66f2cb4a2a7a96224a53fc39","childId":"634ef6468f0854ad71c01bf3"},
{"id":"66f32d6e2a7a96224a5405e2","companyId":null,"createdDate":1727212910657,"updatedDate":1728052888310,"versionId":0,"referenceId":null,"systemStatus":null,"updatedByUserId":null,"updatedByUserName":null,"systemStatusText":null,"userTypes":null,"requirementIds":null,"name":null,"sourceReferenceId":null,"sourceReferenceAppId":null,"lockedByUserId":null,"lockedByUserName":null,"publicArtifact":false,"enableOffline":false,"locked":false,"canUnlock":false,"publishComment":null,"importantPublish":false,"appId":"5f47f6258f0814ff0a91755e","type":"wf","parentId":"66f2cb4a2a7a96224a53fc39","childId":"636578308f08128776b1027d"},
{"id":"66f32d6e2a7a96224a5405e3","companyId":null,"createdDate":1727212910668,"updatedDate":1728052888310,"versionId":0,"referenceId":null,"systemStatus":null,"updatedByUserId":null,"updatedByUserName":null,"systemStatusText":null,"userTypes":null,"requirementIds":null,"name":null,"sourceReferenceId":null,"sourceReferenceAppId":null,"lockedByUserId":null,"lockedByUserName":null,"publicArtifact":false,"enableOffline":false,"locked":false,"canUnlock":false,"publishComment":null,"importantPublish":false,"appId":"5f47f6258f0814ff0a91755e","type":"wf","parentId":"66f2cb4a2a7a96224a53fc39","childId":"5f47f8728f0814ff0a917786"},
{"id":"66f462c42a7a96224a540c65","companyId":null,"createdDate":1727292100080,"updatedDate":1728052888311,"versionId":0,"referenceId":null,"systemStatus":null,"updatedByUserId":null,"updatedByUserName":null,"systemStatusText":null,"userTypes":null,"requirementIds":null,"name":null,"sourceReferenceId":null,"sourceReferenceAppId":null,"lockedByUserId":null,"lockedByUserName":null,"publicArtifact":false,"enableOffline":false,"locked":false,"canUnlock":false,"publishComment":null,"importantPublish":false,"appId":"5f47f6258f0814ff0a91755e","type":"cc","parentId":"66f2cb4a2a7a96224a53fc39","childId":"6349ba648f0854ad71c015c5"},
{"id":"66f473e92a7a96224a540dd3","companyId":null,"createdDate":1727296489013,"updatedDate":1728052888312,"versionId":0,"referenceId":null,"systemStatus":null,"updatedByUserId":null,"updatedByUserName":null,"systemStatusText":null,"userTypes":null,"requirementIds":null,"name":null,"sourceReferenceId":null,"sourceReferenceAppId":null,"lockedByUserId":null,"lockedByUserName":null,"publicArtifact":false,"enableOffline":false,"locked":false,"canUnlock":false,"publishComment":null,"importantPublish":false,"appId":"5f47f6258f0814ff0a91755e","type":"wf","parentId":"66f2cb4a2a7a96224a53fc39","childId":"66f473e82a7a96224a540dd1"},
{"id":"66f4772d2a7a96224a540e0e","companyId":null,"createdDate":1727297325177,"updatedDate":1728052888312,"versionId":0,"referenceId":null,"systemStatus":null,"updatedByUserId":null,"updatedByUserName":null,"systemStatusText":null,"userTypes":null,"requirementIds":null,"name":null,"sourceReferenceId":null,"sourceReferenceAppId":null,"lockedByUserId":null,"lockedByUserName":null,"publicArtifact":false,"enableOffline":false,"locked":false,"canUnlock":false,"publishComment":null,"importantPublish":false,"appId":"5f47f6258f0814ff0a91755e","type":"wf","parentId":"66f2cb4a2a7a96224a53fc39","childId":"63657aa98f08128776b102f7"},
{"id":"66f4772d2a7a96224a540e0f","companyId":null,"createdDate":1727297325188,"updatedDate":1728052888313,"versionId":0,"referenceId":null,"systemStatus":null,"updatedByUserId":null,"updatedByUserName":null,"systemStatusText":null,"userTypes":null,"requirementIds":null,"name":null,"sourceReferenceId":null,"sourceReferenceAppId":null,"lockedByUserId":null,"lockedByUserName":null,"publicArtifact":false,"enableOffline":false,"locked":false,"canUnlock":false,"publishComment":null,"importantPublish":false,"appId":"5f47f6258f0814ff0a91755e","type":"wf","parentId":"66f2cb4a2a7a96224a53fc39","childId":"634f068f8f0854ad71c01dc3"},
{"id":"66f4772d2a7a96224a540e10","companyId":null,"createdDate":1727297325199,"updatedDate":1728052888314,"versionId":0,"referenceId":null,"systemStatus":null,"updatedByUserId":null,"updatedByUserName":null,"systemStatusText":null,"userTypes":null,"requirementIds":null,"name":null,"sourceReferenceId":null,"sourceReferenceAppId":null,"lockedByUserId":null,"lockedByUserName":null,"publicArtifact":false,"enableOffline":false,"locked":false,"canUnlock":false,"publishComment":null,"importantPublish":false,"appId":"5f47f6258f0814ff0a91755e","type":"wf","parentId":"66f2cb4a2a7a96224a53fc39","childId":"6356fa758f0854ad71c027f4"},
{"id":"66f4772d2a7a96224a540e11","companyId":null,"createdDate":1727297325210,"updatedDate":1728052888314,"versionId":0,"referenceId":null,"systemStatus":null,"updatedByUserId":null,"updatedByUserName":null,"systemStatusText":null,"userTypes":null,"requirementIds":null,"name":null,"sourceReferenceId":null,"sourceReferenceAppId":null,"lockedByUserId":null,"lockedByUserName":null,"publicArtifact":false,"enableOffline":false,"locked":false,"canUnlock":false,"publishComment":null,"importantPublish":false,"appId":"5f47f6258f0814ff0a91755e","type":"wf","parentId":"66f2cb4a2a7a96224a53fc39","childId":"63580f7d8f0854ad71c02979"},
{"id":"66f4774e2a7a96224a540e12","companyId":null,"createdDate":1727297358688,"updatedDate":1728052888315,"versionId":0,"referenceId":null,"systemStatus":null,"updatedByUserId":null,"updatedByUserName":null,"systemStatusText":null,"userTypes":null,"requirementIds":null,"name":null,"sourceReferenceId":null,"sourceReferenceAppId":null,"lockedByUserId":null,"lockedByUserName":null,"publicArtifact":false,"enableOffline":false,"locked":false,"canUnlock":false,"publishComment":null,"importantPublish":false,"appId":"5f47f6258f0814ff0a91755e","type":"cc","parentId":"66f2cb4a2a7a96224a53fc39","childId":"636579e48f08128776b102cc"},
{"id":"66f4774e2a7a96224a540e13","companyId":null,"createdDate":1727297358700,"updatedDate":1728052888315,"versionId":0,"referenceId":null,"systemStatus":null,"updatedByUserId":null,"updatedByUserName":null,"systemStatusText":null,"userTypes":null,"requirementIds":null,"name":null,"sourceReferenceId":null,"sourceReferenceAppId":null,"lockedByUserId":null,"lockedByUserName":null,"publicArtifact":false,"enableOffline":false,"locked":false,"canUnlock":false,"publishComment":null,"importantPublish":false,"appId":"5f47f6258f0814ff0a91755e","type":"cc","parentId":"66f2cb4a2a7a96224a53fc39","childId":"634ed2928f0854ad71c01986"},
{"id":"66f480892a7a96224a540edc","companyId":null,"createdDate":1727299721704,"updatedDate":1728052888316,"versionId":0,"referenceId":null,"systemStatus":null,"updatedByUserId":null,"updatedByUserName":null,"systemStatusText":null,"userTypes":null,"requirementIds":null,"name":null,"sourceReferenceId":null,"sourceReferenceAppId":null,"lockedByUserId":null,"lockedByUserName":null,"publicArtifact":false,"enableOffline":false,"locked":false,"canUnlock":false,"publishComment":null,"importantPublish":false,"appId":"5f47f6258f0814ff0a91755e","type":"qry","parentId":"66f2cb4a2a7a96224a53fc39","childId":"66f480892a7a96224a540eda"},
{"id":"66f480fe2a7a96224a540f19","companyId":null,"createdDate":1727299838672,"updatedDate":1728052888317,"versionId":0,"referenceId":null,"systemStatus":null,"updatedByUserId":null,"updatedByUserName":null,"systemStatusText":null,"userTypes":null,"requirementIds":null,"name":null,"sourceReferenceId":null,"sourceReferenceAppId":null,"lockedByUserId":null,"lockedByUserName":null,"publicArtifact":false,"enableOffline":false,"locked":false,"canUnlock":false,"publishComment":null,"importantPublish":false,"appId":"5f47f6258f0814ff0a91755e","type":"cc","parentId":"66f2cb4a2a7a96224a53fc39","childId":"66f480fe2a7a96224a540f17"},
{"id":"66f481202a7a96224a540f20","companyId":null,"createdDate":1727299872294,"updatedDate":1728052888317,"versionId":0,"referenceId":null,"systemStatus":null,"updatedByUserId":null,"updatedByUserName":null,"systemStatusText":null,"userTypes":null,"requirementIds":null,"name":null,"sourceReferenceId":null,"sourceReferenceAppId":null,"lockedByUserId":null,"lockedByUserName":null,"publicArtifact":false,"enableOffline":false,"locked":false,"canUnlock":false,"publishComment":null,"importantPublish":false,"appId":"5f47f6258f0814ff0a91755e","type":"cc","parentId":"66f2cb4a2a7a96224a53fc39","childId":"66f4811f2a7a96224a540f1e"},
{"id":"66f481ac2a7a96224a540f50","companyId":null,"createdDate":1727300012681,"updatedDate":1728052888318,"versionId":0,"referenceId":null,"systemStatus":null,"updatedByUserId":null,"updatedByUserName":null,"systemStatusText":null,"userTypes":null,"requirementIds":null,"name":null,"sourceReferenceId":null,"sourceReferenceAppId":null,"lockedByUserId":null,"lockedByUserName":null,"publicArtifact":false,"enableOffline":false,"locked":false,"canUnlock":false,"publishComment":null,"importantPublish":false,"appId":"5f47f6258f0814ff0a91755e","type":"wf","parentId":"66f2cb4a2a7a96224a53fc39","childId":"5f47f8728f0814ff0a917781"},
{"id":"66f486482a7a96224a540f90","companyId":null,"createdDate":1727301192533,"updatedDate":1728052888319,"versionId":0,"referenceId":null,"systemStatus":null,"updatedByUserId":null,"updatedByUserName":null,"systemStatusText":null,"userTypes":null,"requirementIds":null,"name":null,"sourceReferenceId":null,"sourceReferenceAppId":null,"lockedByUserId":null,"lockedByUserName":null,"publicArtifact":false,"enableOffline":false,"locked":false,"canUnlock":false,"publishComment":null,"importantPublish":false,"appId":"5f47f6258f0814ff0a91755e","type":"cc","parentId":"66f2cb4a2a7a96224a53fc39","childId":"5f47f8728f0814ff0a9176c5"},
{"id":"66f569512a7a96224a541017","companyId":null,"createdDate":1727359313028,"updatedDate":1728052888319,"versionId":0,"referenceId":null,"systemStatus":null,"updatedByUserId":null,"updatedByUserName":null,"systemStatusText":null,"userTypes":null,"requirementIds":null,"name":null,"sourceReferenceId":null,"sourceReferenceAppId":null,"lockedByUserId":null,"lockedByUserName":null,"publicArtifact":false,"enableOffline":false,"locked":false,"canUnlock":false,"publishComment":null,"importantPublish":false,"appId":"5f47f6258f0814ff0a91755e","type":"cc","parentId":"66f2cb4a2a7a96224a53fc39","childId":"5f47f8728f0814ff0a9176b7"},
{"id":"66f5a8382a7a96224a54162d","companyId":null,"createdDate":1727375416445,"updatedDate":1728052888320,"versionId":0,"referenceId":null,"systemStatus":null,"updatedByUserId":null,"updatedByUserName":null,"systemStatusText":null,"userTypes":null,"requirementIds":null,"name":null,"sourceReferenceId":null,"sourceReferenceAppId":null,"lockedByUserId":null,"lockedByUserName":null,"publicArtifact":false,"enableOffline":false,"locked":false,"canUnlock":false,"publishComment":null,"importantPublish":false,"appId":"5f47f6258f0814ff0a91755e","type":"cc","parentId":"66f2cb4a2a7a96224a53fc39","childId":"5f47f8728f0814ff0a9176c7"},
{"id":"66f5afb62a7a96224a5416fa","companyId":null,"createdDate":1727377334107,"updatedDate":1728052888320,"versionId":0,"referenceId":null,"systemStatus":null,"updatedByUserId":null,"updatedByUserName":null,"systemStatusText":null,"userTypes":null,"requirementIds":null,"name":null,"sourceReferenceId":null,"sourceReferenceAppId":null,"lockedByUserId":null,"lockedByUserName":null,"publicArtifact":false,"enableOffline":false,"locked":false,"canUnlock":false,"publishComment":null,"importantPublish":false,"appId":"5f47f6258f0814ff0a91755e","type":"wf","parentId":"66f2cb4a2a7a96224a53fc39","childId":"66f5afb52a7a96224a5416f8"},
{"id":"66f62cb12a7a96224a541b93","companyId":null,"createdDate":1727409329062,"updatedDate":1728052888321,"versionId":0,"referenceId":null,"systemStatus":null,"updatedByUserId":null,"updatedByUserName":null,"systemStatusText":null,"userTypes":null,"requirementIds":null,"name":null,"sourceReferenceId":null,"sourceReferenceAppId":null,"lockedByUserId":null,"lockedByUserName":null,"publicArtifact":false,"enableOffline":false,"locked":false,"canUnlock":false,"publishComment":null,"importantPublish":false,"appId":"5f47f6258f0814ff0a91755e","type":"wf","parentId":"66f2cb4a2a7a96224a53fc39","childId":"66f6166f2a7a96224a541a48"},
{"id":"66f62cb12a7a96224a541b94","companyId":null,"createdDate":1727409329073,"updatedDate":1728052888322,"versionId":0,"referenceId":null,"systemStatus":null,"updatedByUserId":null,"updatedByUserName":null,"systemStatusText":null,"userTypes":null,"requirementIds":null,"name":null,"sourceReferenceId":null,"sourceReferenceAppId":null,"lockedByUserId":null,"lockedByUserName":null,"publicArtifact":false,"enableOffline":false,"locked":false,"canUnlock":false,"publishComment":null,"importantPublish":false,"appId":"5f47f6258f0814ff0a91755e","type":"wf","parentId":"66f2cb4a2a7a96224a53fc39","childId":"60aea2428f0852da1b6ef362"},
{"id":"66f62cb12a7a96224a541b95","companyId":null,"createdDate":1727409329084,"updatedDate":1728052888322,"versionId":0,"referenceId":null,"systemStatus":null,"updatedByUserId":null,"updatedByUserName":null,"systemStatusText":null,"userTypes":null,"requirementIds":null,"name":null,"sourceReferenceId":null,"sourceReferenceAppId":null,"lockedByUserId":null,"lockedByUserName":null,"publicArtifact":false,"enableOffline":false,"locked":false,"canUnlock":false,"publishComment":null,"importantPublish":false,"appId":"5f47f6258f0814ff0a91755e","type":"wf","parentId":"66f2cb4a2a7a96224a53fc39","childId":"636579668f08128776b102c2"},
{"id":"66f62cb12a7a96224a541b96","companyId":null,"createdDate":1727409329095,"updatedDate":1728052888323,"versionId":0,"referenceId":null,"systemStatus":null,"updatedByUserId":null,"updatedByUserName":null,"systemStatusText":null,"userTypes":null,"requirementIds":null,"name":null,"sourceReferenceId":null,"sourceReferenceAppId":null,"lockedByUserId":null,"lockedByUserName":null,"publicArtifact":false,"enableOffline":false,"locked":false,"canUnlock":false,"publishComment":null,"importantPublish":false,"appId":"5f47f6258f0814ff0a91755e","type":"wf","parentId":"66f2cb4a2a7a96224a53fc39","childId":"63657ea28f08128776b10324"},
{"id":"66f62cb12a7a96224a541b97","companyId":null,"createdDate":1727409329116,"updatedDate":1728052888324,"versionId":0,"referenceId":null,"systemStatus":null,"updatedByUserId":null,"updatedByUserName":null,"systemStatusText":null,"userTypes":null,"requirementIds":null,"name":null,"sourceReferenceId":null,"sourceReferenceAppId":null,"lockedByUserId":null,"lockedByUserName":null,"publicArtifact":false,"enableOffline":false,"locked":false,"canUnlock":false,"publishComment":null,"importantPublish":false,"appId":"5f47f6258f0814ff0a91755e","type":"wf","parentId":"66f2cb4a2a7a96224a53fc39","childId":"60b940e58f086700a0a8bded"},
{"id":"66f62cb12a7a96224a541b98","companyId":null,"createdDate":1727409329127,"updatedDate":1728052888324,"versionId":0,"referenceId":null,"systemStatus":null,"updatedByUserId":null,"updatedByUserName":null,"systemStatusText":null,"userTypes":null,"requirementIds":null,"name":null,"sourceReferenceId":null,"sourceReferenceAppId":null,"lockedByUserId":null,"lockedByUserName":null,"publicArtifact":false,"enableOffline":false,"locked":false,"canUnlock":false,"publishComment":null,"importantPublish":false,"appId":"5f47f6258f0814ff0a91755e","type":"wf","parentId":"66f2cb4a2a7a96224a53fc39","childId":"634ed4178f0854ad71c0199d"},
{"id":"66f62cb12a7a96224a541b99","companyId":null,"createdDate":1727409329137,"updatedDate":1728052888325,"versionId":0,"referenceId":null,"systemStatus":null,"updatedByUserId":null,"updatedByUserName":null,"systemStatusText":null,"userTypes":null,"requirementIds":null,"name":null,"sourceReferenceId":null,"sourceReferenceAppId":null,"lockedByUserId":null,"lockedByUserName":null,"publicArtifact":false,"enableOffline":false,"locked":false,"canUnlock":false,"publishComment":null,"importantPublish":false,"appId":"5f47f6258f0814ff0a91755e","type":"wf","parentId":"66f2cb4a2a7a96224a53fc39","childId":"634f12038f0854ad71c02024"},
{"id":"66f62cb12a7a96224a541b9a","companyId":null,"createdDate":1727409329158,"updatedDate":1728052888325,"versionId":0,"referenceId":null,"systemStatus":null,"updatedByUserId":null,"updatedByUserName":null,"systemStatusText":null,"userTypes":null,"requirementIds":null,"name":null,"sourceReferenceId":null,"sourceReferenceAppId":null,"lockedByUserId":null,"lockedByUserName":null,"publicArtifact":false,"enableOffline":false,"locked":false,"canUnlock":false,"publishComment":null,"importantPublish":false,"appId":"5f47f6258f0814ff0a91755e","type":"wf","parentId":"66f2cb4a2a7a96224a53fc39","childId":"66f572d62a7a96224a5411ec"},
{"id":"66f62cb12a7a96224a541b9b","companyId":null,"createdDate":1727409329169,"updatedDate":1728052888326,"versionId":0,"referenceId":null,"systemStatus":null,"updatedByUserId":null,"updatedByUserName":null,"systemStatusText":null,"userTypes":null,"requirementIds":null,"name":null,"sourceReferenceId":null,"sourceReferenceAppId":null,"lockedByUserId":null,"lockedByUserName":null,"publicArtifact":false,"enableOffline":false,"locked":false,"canUnlock":false,"publishComment":null,"importantPublish":false,"appId":"5f47f6258f0814ff0a91755e","type":"wf","parentId":"66f2cb4a2a7a96224a53fc39","childId":"66f56fc92a7a96224a5410f6"},
{"id":"66f62cb12a7a96224a541b9c","companyId":null,"createdDate":1727409329180,"updatedDate":1728052888327,"versionId":0,"referenceId":null,"systemStatus":null,"updatedByUserId":null,"updatedByUserName":null,"systemStatusText":null,"userTypes":null,"requirementIds":null,"name":null,"sourceReferenceId":null,"sourceReferenceAppId":null,"lockedByUserId":null,"lockedByUserName":null,"publicArtifact":false,"enableOffline":false,"locked":false,"canUnlock":false,"publishComment":null,"importantPublish":false,"appId":"5f47f6258f0814ff0a91755e","type":"wf","parentId":"66f2cb4a2a7a96224a53fc39","childId":"66f56d4e2a7a96224a54109b"},
{"id":"66f62cb12a7a96224a541b9d","companyId":null,"createdDate":1727409329191,"updatedDate":1728052888327,"versionId":0,"referenceId":null,"systemStatus":null,"updatedByUserId":null,"updatedByUserName":null,"systemStatusText":null,"userTypes":null,"requirementIds":null,"name":null,"sourceReferenceId":null,"sourceReferenceAppId":null,"lockedByUserId":null,"lockedByUserName":null,"publicArtifact":false,"enableOffline":false,"locked":false,"canUnlock":false,"publishComment":null,"importantPublish":false,"appId":"5f47f6258f0814ff0a91755e","type":"wf","parentId":"66f2cb4a2a7a96224a53fc39","childId":"66f56e702a7a96224a5410ee"},
{"id":"66f62cb12a7a96224a541b9e","companyId":null,"createdDate":1727409329203,"updatedDate":1728052888328,"versionId":0,"referenceId":null,"systemStatus":null,"updatedByUserId":null,"updatedByUserName":null,"systemStatusText":null,"userTypes":null,"requirementIds":null,"name":null,"sourceReferenceId":null,"sourceReferenceAppId":null,"lockedByUserId":null,"lockedByUserName":null,"publicArtifact":false,"enableOffline":false,"locked":false,"canUnlock":false,"publishComment":null,"importantPublish":false,"appId":"5f47f6258f0814ff0a91755e","type":"wf","parentId":"66f2cb4a2a7a96224a53fc39","childId":"6357f8d18f0854ad71c028aa"},
{"id":"66f62cb12a7a96224a541b9f","companyId":null,"createdDate":1727409329213,"updatedDate":1728052888329,"versionId":0,"referenceId":null,"systemStatus":null,"updatedByUserId":null,"updatedByUserName":null,"systemStatusText":null,"userTypes":null,"requirementIds":null,"name":null,"sourceReferenceId":null,"sourceReferenceAppId":null,"lockedByUserId":null,"lockedByUserName":null,"publicArtifact":false,"enableOffline":false,"locked":false,"canUnlock":false,"publishComment":null,"importantPublish":false,"appId":"5f47f6258f0814ff0a91755e","type":"wf","parentId":"66f2cb4a2a7a96224a53fc39","childId":"6356e7f88f0854ad71c0269b"},
{"id":"66f62cb12a7a96224a541ba0","companyId":null,"createdDate":1727409329234,"updatedDate":1728052888329,"versionId":0,"referenceId":null,"systemStatus":null,"updatedByUserId":null,"updatedByUserName":null,"systemStatusText":null,"userTypes":null,"requirementIds":null,"name":null,"sourceReferenceId":null,"sourceReferenceAppId":null,"lockedByUserId":null,"lockedByUserName":null,"publicArtifact":false,"enableOffline":false,"locked":false,"canUnlock":false,"publishComment":null,"importantPublish":false,"appId":"5f47f6258f0814ff0a91755e","type":"wf","parentId":"66f2cb4a2a7a96224a53fc39","childId":"60f865b98f08b530e9ba33be"},
{"id":"66f62cb12a7a96224a541ba1","companyId":null,"createdDate":1727409329245,"updatedDate":1728052888330,"versionId":0,"referenceId":null,"systemStatus":null,"updatedByUserId":null,"updatedByUserName":null,"systemStatusText":null,"userTypes":null,"requirementIds":null,"name":null,"sourceReferenceId":null,"sourceReferenceAppId":null,"lockedByUserId":null,"lockedByUserName":null,"publicArtifact":false,"enableOffline":false,"locked":false,"canUnlock":false,"publishComment":null,"importantPublish":false,"appId":"5f47f6258f0814ff0a91755e","type":"wf","parentId":"66f2cb4a2a7a96224a53fc39","childId":"60f864c78f08b530e9ba33b8"},
{"id":"66f62cb12a7a96224a541ba2","companyId":null,"createdDate":1727409329256,"updatedDate":1728052888330,"versionId":0,"referenceId":null,"systemStatus":null,"updatedByUserId":null,"updatedByUserName":null,"systemStatusText":null,"userTypes":null,"requirementIds":null,"name":null,"sourceReferenceId":null,"sourceReferenceAppId":null,"lockedByUserId":null,"lockedByUserName":null,"publicArtifact":false,"enableOffline":false,"locked":false,"canUnlock":false,"publishComment":null,"importantPublish":false,"appId":"5f47f6258f0814ff0a91755e","type":"wf","parentId":"66f2cb4a2a7a96224a53fc39","childId":"66f5732e2a7a96224a541225"},
{"id":"66f62cb12a7a96224a541ba3","companyId":null,"createdDate":1727409329266,"updatedDate":1728052888331,"versionId":0,"referenceId":null,"systemStatus":null,"updatedByUserId":null,"updatedByUserName":null,"systemStatusText":null,"userTypes":null,"requirementIds":null,"name":null,"sourceReferenceId":null,"sourceReferenceAppId":null,"lockedByUserId":null,"lockedByUserName":null,"publicArtifact":false,"enableOffline":false,"locked":false,"canUnlock":false,"publishComment":null,"importantPublish":false,"appId":"5f47f6258f0814ff0a91755e","type":"wf","parentId":"66f2cb4a2a7a96224a53fc39","childId":"66f2e8712a7a96224a53fef4"},
{"id":"66f62cb12a7a96224a541ba4","companyId":null,"createdDate":1727409329277,"updatedDate":1728052888332,"versionId":0,"referenceId":null,"systemStatus":null,"updatedByUserId":null,"updatedByUserName":null,"systemStatusText":null,"userTypes":null,"requirementIds":null,"name":null,"sourceReferenceId":null,"sourceReferenceAppId":null,"lockedByUserId":null,"lockedByUserName":null,"publicArtifact":false,"enableOffline":false,"locked":false,"canUnlock":false,"publishComment":null,"importantPublish":false,"appId":"5f47f6258f0814ff0a91755e","type":"wf","parentId":"66f2cb4a2a7a96224a53fc39","childId":"66f56fd32a7a96224a5410fc"},
{"id":"66f62cb12a7a96224a541ba5","companyId":null,"createdDate":1727409329288,"updatedDate":1728052888332,"versionId":0,"referenceId":null,"systemStatus":null,"updatedByUserId":null,"updatedByUserName":null,"systemStatusText":null,"userTypes":null,"requirementIds":null,"name":null,"sourceReferenceId":null,"sourceReferenceAppId":null,"lockedByUserId":null,"lockedByUserName":null,"publicArtifact":false,"enableOffline":false,"locked":false,"canUnlock":false,"publishComment":null,"importantPublish":false,"appId":"5f47f6258f0814ff0a91755e","type":"wf","parentId":"66f2cb4a2a7a96224a53fc39","childId":"66f571e02a7a96224a5411a7"},
{"id":"66f62cb12a7a96224a541ba6","companyId":null,"createdDate":1727409329298,"updatedDate":1728052888333,"versionId":0,"referenceId":null,"systemStatus":null,"updatedByUserId":null,"updatedByUserName":null,"systemStatusText":null,"userTypes":null,"requirementIds":null,"name":null,"sourceReferenceId":null,"sourceReferenceAppId":null,"lockedByUserId":null,"lockedByUserName":null,"publicArtifact":false,"enableOffline":false,"locked":false,"canUnlock":false,"publishComment":null,"importantPublish":false,"appId":"5f47f6258f0814ff0a91755e","type":"wf","parentId":"66f2cb4a2a7a96224a53fc39","childId":"66f570552a7a96224a541111"},
{"id":"66f62cb12a7a96224a541ba7","companyId":null,"createdDate":1727409329309,"updatedDate":1728052888334,"versionId":0,"referenceId":null,"systemStatus":null,"updatedByUserId":null,"updatedByUserName":null,"systemStatusText":null,"userTypes":null,"requirementIds":null,"name":null,"sourceReferenceId":null,"sourceReferenceAppId":null,"lockedByUserId":null,"lockedByUserName":null,"publicArtifact":false,"enableOffline":false,"locked":false,"canUnlock":false,"publishComment":null,"importantPublish":false,"appId":"5f47f6258f0814ff0a91755e","type":"wf","parentId":"66f2cb4a2a7a96224a53fc39","childId":"66f571242a7a96224a541168"},
{"id":"66f62cb12a7a96224a541ba8","companyId":null,"createdDate":1727409329320,"updatedDate":1728052888334,"versionId":0,"referenceId":null,"systemStatus":null,"updatedByUserId":null,"updatedByUserName":null,"systemStatusText":null,"userTypes":null,"requirementIds":null,"name":null,"sourceReferenceId":null,"sourceReferenceAppId":null,"lockedByUserId":null,"lockedByUserName":null,"publicArtifact":false,"enableOffline":false,"locked":false,"canUnlock":false,"publishComment":null,"importantPublish":false,"appId":"5f47f6258f0814ff0a91755e","type":"wf","parentId":"66f2cb4a2a7a96224a53fc39","childId":"66f45fc32a7a96224a540bec"},
{"id":"66f62cb12a7a96224a541ba9","companyId":null,"createdDate":1727409329351,"updatedDate":1728052888335,"versionId":0,"referenceId":null,"systemStatus":null,"updatedByUserId":null,"updatedByUserName":null,"systemStatusText":null,"userTypes":null,"requirementIds":null,"name":null,"sourceReferenceId":null,"sourceReferenceAppId":null,"lockedByUserId":null,"lockedByUserName":null,"publicArtifact":false,"enableOffline":false,"locked":false,"canUnlock":false,"publishComment":null,"importantPublish":false,"appId":"5f47f6258f0814ff0a91755e","type":"wf","parentId":"66f2cb4a2a7a96224a53fc39","childId":"66f471dd2a7a96224a540d09"},
{"id":"66f62cb12a7a96224a541baa","companyId":null,"createdDate":1727409329362,"updatedDate":1728052888335,"versionId":0,"referenceId":null,"systemStatus":null,"updatedByUserId":null,"updatedByUserName":null,"systemStatusText":null,"userTypes":null,"requirementIds":null,"name":null,"sourceReferenceId":null,"sourceReferenceAppId":null,"lockedByUserId":null,"lockedByUserName":null,"publicArtifact":false,"enableOffline":false,"locked":false,"canUnlock":false,"publishComment":null,"importantPublish":false,"appId":"5f47f6258f0814ff0a91755e","type":"wf","parentId":"66f2cb4a2a7a96224a53fc39","childId":"66f472712a7a96224a540d18"},
{"id":"66f62cb12a7a96224a541bab","companyId":null,"createdDate":1727409329373,"updatedDate":1728052888336,"versionId":0,"referenceId":null,"systemStatus":null,"updatedByUserId":null,"updatedByUserName":null,"systemStatusText":null,"userTypes":null,"requirementIds":null,"name":null,"sourceReferenceId":null,"sourceReferenceAppId":null,"lockedByUserId":null,"lockedByUserName":null,"publicArtifact":false,"enableOffline":false,"locked":false,"canUnlock":false,"publishComment":null,"importantPublish":false,"appId":"5f47f6258f0814ff0a91755e","type":"wf","parentId":"66f2cb4a2a7a96224a53fc39","childId":"66f615b12a7a96224a541a22"},
{"id":"66f62cb12a7a96224a541bac","companyId":null,"createdDate":1727409329383,"updatedDate":1728052888337,"versionId":0,"referenceId":null,"systemStatus":null,"updatedByUserId":null,"updatedByUserName":null,"systemStatusText":null,"userTypes":null,"requirementIds":null,"name":null,"sourceReferenceId":null,"sourceReferenceAppId":null,"lockedByUserId":null,"lockedByUserName":null,"publicArtifact":false,"enableOffline":false,"locked":false,"canUnlock":false,"publishComment":null,"importantPublish":false,"appId":"5f47f6258f0814ff0a91755e","type":"wf","parentId":"66f2cb4a2a7a96224a53fc39","childId":"66f582472a7a96224a54137c"},
{"id":"66f62cb12a7a96224a541bad","companyId":null,"createdDate":1727409329394,"updatedDate":1728052888337,"versionId":0,"referenceId":null,"systemStatus":null,"updatedByUserId":null,"updatedByUserName":null,"systemStatusText":null,"userTypes":null,"requirementIds":null,"name":null,"sourceReferenceId":null,"sourceReferenceAppId":null,"lockedByUserId":null,"lockedByUserName":null,"publicArtifact":false,"enableOffline":false,"locked":false,"canUnlock":false,"publishComment":null,"importantPublish":false,"appId":"5f47f6258f0814ff0a91755e","type":"wf","parentId":"66f2cb4a2a7a96224a53fc39","childId":"5f47f8728f0814ff0a9177b2"},
{"id":"66f62cb12a7a96224a541bae","companyId":null,"createdDate":1727409329405,"updatedDate":1728052888338,"versionId":0,"referenceId":null,"systemStatus":null,"updatedByUserId":null,"updatedByUserName":null,"systemStatusText":null,"userTypes":null,"requirementIds":null,"name":null,"sourceReferenceId":null,"sourceReferenceAppId":null,"lockedByUserId":null,"lockedByUserName":null,"publicArtifact":false,"enableOffline":false,"locked":false,"canUnlock":false,"publishComment":null,"importantPublish":false,"appId":"5f47f6258f0814ff0a91755e","type":"wf","parentId":"66f2cb4a2a7a96224a53fc39","childId":"5f61141b8f082b9cdc658d66"},
{"id":"66f62cb12a7a96224a541baf","companyId":null,"createdDate":1727409329416,"updatedDate":1728052888339,"versionId":0,"referenceId":null,"systemStatus":null,"updatedByUserId":null,"updatedByUserName":null,"systemStatusText":null,"userTypes":null,"requirementIds":null,"name":null,"sourceReferenceId":null,"sourceReferenceAppId":null,"lockedByUserId":null,"lockedByUserName":null,"publicArtifact":false,"enableOffline":false,"locked":false,"canUnlock":false,"publishComment":null,"importantPublish":false,"appId":"5f47f6258f0814ff0a91755e","type":"wf","parentId":"66f2cb4a2a7a96224a53fc39","childId":"5f5a51aa8f082b9cdc658b21"},
{"id":"66f62cb12a7a96224a541bb0","companyId":null,"createdDate":1727409329426,"updatedDate":1728052888339,"versionId":0,"referenceId":null,"systemStatus":null,"updatedByUserId":null,"updatedByUserName":null,"systemStatusText":null,"userTypes":null,"requirementIds":null,"name":null,"sourceReferenceId":null,"sourceReferenceAppId":null,"lockedByUserId":null,"lockedByUserName":null,"publicArtifact":false,"enableOffline":false,"locked":false,"canUnlock":false,"publishComment":null,"importantPublish":false,"appId":"5f47f6258f0814ff0a91755e","type":"wf","parentId":"66f2cb4a2a7a96224a53fc39","childId":"5f47f8728f0814ff0a9177b3"},
{"id":"66f62cb12a7a96224a541bb1","companyId":null,"createdDate":1727409329437,"updatedDate":1728052888340,"versionId":0,"referenceId":null,"systemStatus":null,"updatedByUserId":null,"updatedByUserName":null,"systemStatusText":null,"userTypes":null,"requirementIds":null,"name":null,"sourceReferenceId":null,"sourceReferenceAppId":null,"lockedByUserId":null,"lockedByUserName":null,"publicArtifact":false,"enableOffline":false,"locked":false,"canUnlock":false,"publishComment":null,"importantPublish":false,"appId":"5f47f6258f0814ff0a91755e","type":"wf","parentId":"66f2cb4a2a7a96224a53fc39","childId":"60ba76e28f086700a0a8c4f9"},
{"id":"66f62cbe2a7a96224a541bb2","companyId":null,"createdDate":1727409342681,"updatedDate":1728052888340,"versionId":0,"referenceId":null,"systemStatus":null,"updatedByUserId":null,"updatedByUserName":null,"systemStatusText":null,"userTypes":null,"requirementIds":null,"name":null,"sourceReferenceId":null,"sourceReferenceAppId":null,"lockedByUserId":null,"lockedByUserName":null,"publicArtifact":false,"enableOffline":false,"locked":false,"canUnlock":false,"publishComment":null,"importantPublish":false,"appId":"5f47f6258f0814ff0a91755e","type":"cc","parentId":"66f2cb4a2a7a96224a53fc39","childId":"66f56d322a7a96224a54108d"},
{"id":"66f62cbe2a7a96224a541bb3","companyId":null,"createdDate":1727409342692,"updatedDate":1728052888341,"versionId":0,"referenceId":null,"systemStatus":null,"updatedByUserId":null,"updatedByUserName":null,"systemStatusText":null,"userTypes":null,"requirementIds":null,"name":null,"sourceReferenceId":null,"sourceReferenceAppId":null,"lockedByUserId":null,"lockedByUserName":null,"publicArtifact":false,"enableOffline":false,"locked":false,"canUnlock":false,"publishComment":null,"importantPublish":false,"appId":"5f47f6258f0814ff0a91755e","type":"cc","parentId":"66f2cb4a2a7a96224a53fc39","childId":"66f56d162a7a96224a541083"},
{"id":"66f62cbe2a7a96224a541bb4","companyId":null,"createdDate":1727409342702,"updatedDate":1728052888342,"versionId":0,"referenceId":null,"systemStatus":null,"updatedByUserId":null,"updatedByUserName":null,"systemStatusText":null,"userTypes":null,"requirementIds":null,"name":null,"sourceReferenceId":null,"sourceReferenceAppId":null,"lockedByUserId":null,"lockedByUserName":null,"publicArtifact":false,"enableOffline":false,"locked":false,"canUnlock":false,"publishComment":null,"importantPublish":false,"appId":"5f47f6258f0814ff0a91755e","type":"cc","parentId":"66f2cb4a2a7a96224a53fc39","childId":"66f5837d2a7a96224a5413b1"},
{"id":"66f62cbe2a7a96224a541bb5","companyId":null,"createdDate":1727409342733,"updatedDate":1728052888342,"versionId":0,"referenceId":null,"systemStatus":null,"updatedByUserId":null,"updatedByUserName":null,"systemStatusText":null,"userTypes":null,"requirementIds":null,"name":null,"sourceReferenceId":null,"sourceReferenceAppId":null,"lockedByUserId":null,"lockedByUserName":null,"publicArtifact":false,"enableOffline":false,"locked":false,"canUnlock":false,"publishComment":null,"importantPublish":false,"appId":"5f47f6258f0814ff0a91755e","type":"cc","parentId":"66f2cb4a2a7a96224a53fc39","childId":"66f2d4972a7a96224a53fc4b"},
{"id":"66f62cbe2a7a96224a541bb6","companyId":null,"createdDate":1727409342744,"updatedDate":1728052888343,"versionId":0,"referenceId":null,"systemStatus":null,"updatedByUserId":null,"updatedByUserName":null,"systemStatusText":null,"userTypes":null,"requirementIds":null,"name":null,"sourceReferenceId":null,"sourceReferenceAppId":null,"lockedByUserId":null,"lockedByUserName":null,"publicArtifact":false,"enableOffline":false,"locked":false,"canUnlock":false,"publishComment":null,"importantPublish":false,"appId":"5f47f6258f0814ff0a91755e","type":"cc","parentId":"66f2cb4a2a7a96224a53fc39","childId":"66f60aec2a7a96224a5418d0"},
{"id":"66f62cbe2a7a96224a541bb7","companyId":null,"createdDate":1727409342755,"updatedDate":1728052888343,"versionId":0,"referenceId":null,"systemStatus":null,"updatedByUserId":null,"updatedByUserName":null,"systemStatusText":null,"userTypes":null,"requirementIds":null,"name":null,"sourceReferenceId":null,"sourceReferenceAppId":null,"lockedByUserId":null,"lockedByUserName":null,"publicArtifact":false,"enableOffline":false,"locked":false,"canUnlock":false,"publishComment":null,"importantPublish":false,"appId":"5f47f6258f0814ff0a91755e","type":"cc","parentId":"66f2cb4a2a7a96224a53fc39","childId":"66f60a3c2a7a96224a5418c1"},
{"id":"66f62cbe2a7a96224a541bb8","companyId":null,"createdDate":1727409342776,"updatedDate":1728052888344,"versionId":0,"referenceId":null,"systemStatus":null,"updatedByUserId":null,"updatedByUserName":null,"systemStatusText":null,"userTypes":null,"requirementIds":null,"name":null,"sourceReferenceId":null,"sourceReferenceAppId":null,"lockedByUserId":null,"lockedByUserName":null,"publicArtifact":false,"enableOffline":false,"locked":false,"canUnlock":false,"publishComment":null,"importantPublish":false,"appId":"5f47f6258f0814ff0a91755e","type":"cc","parentId":"66f2cb4a2a7a96224a53fc39","childId":"66f5b5fa2a7a96224a5417d5"},
{"id":"66f62cbe2a7a96224a541bb9","companyId":null,"createdDate":1727409342786,"updatedDate":1728052888345,"versionId":0,"referenceId":null,"systemStatus":null,"updatedByUserId":null,"updatedByUserName":null,"systemStatusText":null,"userTypes":null,"requirementIds":null,"name":null,"sourceReferenceId":null,"sourceReferenceAppId":null,"lockedByUserId":null,"lockedByUserName":null,"publicArtifact":false,"enableOffline":false,"locked":false,"canUnlock":false,"publishComment":null,"importantPublish":false,"appId":"5f47f6258f0814ff0a91755e","type":"cc","parentId":"66f2cb4a2a7a96224a53fc39","childId":"66f5acce2a7a96224a54167b"},
{"id":"66f62cbe2a7a96224a541bba","companyId":null,"createdDate":1727409342797,"updatedDate":1728052888345,"versionId":0,"referenceId":null,"systemStatus":null,"updatedByUserId":null,"updatedByUserName":null,"systemStatusText":null,"userTypes":null,"requirementIds":null,"name":null,"sourceReferenceId":null,"sourceReferenceAppId":null,"lockedByUserId":null,"lockedByUserName":null,"publicArtifact":false,"enableOffline":false,"locked":false,"canUnlock":false,"publishComment":null,"importantPublish":false,"appId":"5f47f6258f0814ff0a91755e","type":"cc","parentId":"66f2cb4a2a7a96224a53fc39","childId":"66f471832a7a96224a540cf8"},
{"id":"66f62cbe2a7a96224a541bbb","companyId":null,"createdDate":1727409342808,"updatedDate":1728052888346,"versionId":0,"referenceId":null,"systemStatus":null,"updatedByUserId":null,"updatedByUserName":null,"systemStatusText":null,"userTypes":null,"requirementIds":null,"name":null,"sourceReferenceId":null,"sourceReferenceAppId":null,"lockedByUserId":null,"lockedByUserName":null,"publicArtifact":false,"enableOffline":false,"locked":false,"canUnlock":false,"publishComment":null,"importantPublish":false,"appId":"5f47f6258f0814ff0a91755e","type":"cc","parentId":"66f2cb4a2a7a96224a53fc39","childId":"66f5abcf2a7a96224a541641"},
{"id":"66f62cbe2a7a96224a541bbc","companyId":null,"createdDate":1727409342818,"updatedDate":1728052888347,"versionId":0,"referenceId":null,"systemStatus":null,"updatedByUserId":null,"updatedByUserName":null,"systemStatusText":null,"userTypes":null,"requirementIds":null,"name":null,"sourceReferenceId":null,"sourceReferenceAppId":null,"lockedByUserId":null,"lockedByUserName":null,"publicArtifact":false,"enableOffline":false,"locked":false,"canUnlock":false,"publishComment":null,"importantPublish":false,"appId":"5f47f6258f0814ff0a91755e","type":"cc","parentId":"66f2cb4a2a7a96224a53fc39","childId":"5f47f8728f0814ff0a9176e3"},
{"id":"66f62cbe2a7a96224a541bbd","companyId":null,"createdDate":1727409342829,"updatedDate":1728052888347,"versionId":0,"referenceId":null,"systemStatus":null,"updatedByUserId":null,"updatedByUserName":null,"systemStatusText":null,"userTypes":null,"requirementIds":null,"name":null,"sourceReferenceId":null,"sourceReferenceAppId":null,"lockedByUserId":null,"lockedByUserName":null,"publicArtifact":false,"enableOffline":false,"locked":false,"canUnlock":false,"publishComment":null,"importantPublish":false,"appId":"5f47f6258f0814ff0a91755e","type":"cc","parentId":"66f2cb4a2a7a96224a53fc39","childId":"66f5bcb52a7a96224a541826"},
{"id":"66f62cbe2a7a96224a541bbe","companyId":null,"createdDate":1727409342840,"updatedDate":1728052888348,"versionId":0,"referenceId":null,"systemStatus":null,"updatedByUserId":null,"updatedByUserName":null,"systemStatusText":null,"userTypes":null,"requirementIds":null,"name":null,"sourceReferenceId":null,"sourceReferenceAppId":null,"lockedByUserId":null,"lockedByUserName":null,"publicArtifact":false,"enableOffline":false,"locked":false,"canUnlock":false,"publishComment":null,"importantPublish":false,"appId":"5f47f6258f0814ff0a91755e","type":"cc","parentId":"66f2cb4a2a7a96224a53fc39","childId":"5fbe7d6f8f0812e96d3e3031"},
{"id":"66f62cbe2a7a96224a541bbf","companyId":null,"createdDate":1727409342861,"updatedDate":1728052888348,"versionId":0,"referenceId":null,"systemStatus":null,"updatedByUserId":null,"updatedByUserName":null,"systemStatusText":null,"userTypes":null,"requirementIds":null,"name":null,"sourceReferenceId":null,"sourceReferenceAppId":null,"lockedByUserId":null,"lockedByUserName":null,"publicArtifact":false,"enableOffline":false,"locked":false,"canUnlock":false,"publishComment":null,"importantPublish":false,"appId":"5f47f6258f0814ff0a91755e","type":"cc","parentId":"66f2cb4a2a7a96224a53fc39","childId":"60e5ce9f8f08542a275e9435"},
{"id":"66f62cbe2a7a96224a541bc0","companyId":null,"createdDate":1727409342871,"updatedDate":1728052888349,"versionId":0,"referenceId":null,"systemStatus":null,"updatedByUserId":null,"updatedByUserName":null,"systemStatusText":null,"userTypes":null,"requirementIds":null,"name":null,"sourceReferenceId":null,"sourceReferenceAppId":null,"lockedByUserId":null,"lockedByUserName":null,"publicArtifact":false,"enableOffline":false,"locked":false,"canUnlock":false,"publishComment":null,"importantPublish":false,"appId":"5f47f6258f0814ff0a91755e","type":"cc","parentId":"66f2cb4a2a7a96224a53fc39","childId":"60e5cee08f08542a275e9448"},
{"id":"66f62cbe2a7a96224a541bc1","companyId":null,"createdDate":1727409342882,"updatedDate":1728052888350,"versionId":0,"referenceId":null,"systemStatus":null,"updatedByUserId":null,"updatedByUserName":null,"systemStatusText":null,"userTypes":null,"requirementIds":null,"name":null,"sourceReferenceId":null,"sourceReferenceAppId":null,"lockedByUserId":null,"lockedByUserName":null,"publicArtifact":false,"enableOffline":false,"locked":false,"canUnlock":false,"publishComment":null,"importantPublish":false,"appId":"5f47f6258f0814ff0a91755e","type":"cc","parentId":"66f2cb4a2a7a96224a53fc39","childId":"5f47f8728f0814ff0a9176d4"},
{"id":"66f6fe022a7a96224a541d09","companyId":null,"createdDate":1727462914254,"updatedDate":1728052888350,"versionId":0,"referenceId":null,"systemStatus":null,"updatedByUserId":null,"updatedByUserName":null,"systemStatusText":null,"userTypes":null,"requirementIds":null,"name":null,"sourceReferenceId":null,"sourceReferenceAppId":null,"lockedByUserId":null,"lockedByUserName":null,"publicArtifact":false,"enableOffline":false,"locked":false,"canUnlock":false,"publishComment":null,"importantPublish":false,"appId":"5f47f6258f0814ff0a91755e","type":"wf","parentId":"66f2cb4a2a7a96224a53fc39","childId":"66f6fe012a7a96224a541d07"},
{"id":"66f702512a7a96224a541d55","companyId":null,"createdDate":1727464017161,"updatedDate":1728052888351,"versionId":0,"referenceId":null,"systemStatus":null,"updatedByUserId":null,"updatedByUserName":null,"systemStatusText":null,"userTypes":null,"requirementIds":null,"name":null,"sourceReferenceId":null,"sourceReferenceAppId":null,"lockedByUserId":null,"lockedByUserName":null,"publicArtifact":false,"enableOffline":false,"locked":false,"canUnlock":false,"publishComment":null,"importantPublish":false,"appId":"5f47f6258f0814ff0a91755e","type":"wf","parentId":"66f2cb4a2a7a96224a53fc39","childId":"66f700c62a7a96224a541d21"},
{"id":"66f702a22a7a96224a541d58","companyId":null,"createdDate":1727464098558,"updatedDate":1728052888352,"versionId":0,"referenceId":null,"systemStatus":null,"updatedByUserId":null,"updatedByUserName":null,"systemStatusText":null,"userTypes":null,"requirementIds":null,"name":null,"sourceReferenceId":null,"sourceReferenceAppId":null,"lockedByUserId":null,"lockedByUserName":null,"publicArtifact":false,"enableOffline":false,"locked":false,"canUnlock":false,"publishComment":null,"importantPublish":false,"appId":"5f47f6258f0814ff0a91755e","type":"wf","parentId":"66f2cb4a2a7a96224a53fc39","childId":"66f702a12a7a96224a541d56"},
{"id":"66f711702a7a96224a541e3b","companyId":null,"createdDate":1727467888730,"updatedDate":1728052888352,"versionId":0,"referenceId":null,"systemStatus":null,"updatedByUserId":null,"updatedByUserName":null,"systemStatusText":null,"userTypes":null,"requirementIds":null,"name":null,"sourceReferenceId":null,"sourceReferenceAppId":null,"lockedByUserId":null,"lockedByUserName":null,"publicArtifact":false,"enableOffline":false,"locked":false,"canUnlock":false,"publishComment":null,"importantPublish":false,"appId":"5f47f6258f0814ff0a91755e","type":"wf","parentId":"66f2cb4a2a7a96224a53fc39","childId":"66f7116f2a7a96224a541e39"},
{"id":"66f71f4a2a7a96224a541f72","companyId":null,"createdDate":1727471434575,"updatedDate":1728052888353,"versionId":0,"referenceId":null,"systemStatus":null,"updatedByUserId":null,"updatedByUserName":null,"systemStatusText":null,"userTypes":null,"requirementIds":null,"name":null,"sourceReferenceId":null,"sourceReferenceAppId":null,"lockedByUserId":null,"lockedByUserName":null,"publicArtifact":false,"enableOffline":false,"locked":false,"canUnlock":false,"publishComment":null,"importantPublish":false,"appId":"5f47f6258f0814ff0a91755e","type":"wf","parentId":"66f2cb4a2a7a96224a53fc39","childId":"66f4383e2a7a96224a540adb"},
{"id":"66f71f4a2a7a96224a541f73","companyId":null,"createdDate":1727471434586,"updatedDate":1728052888353,"versionId":0,"referenceId":null,"systemStatus":null,"updatedByUserId":null,"updatedByUserName":null,"systemStatusText":null,"userTypes":null,"requirementIds":null,"name":null,"sourceReferenceId":null,"sourceReferenceAppId":null,"lockedByUserId":null,"lockedByUserName":null,"publicArtifact":false,"enableOffline":false,"locked":false,"canUnlock":false,"publishComment":null,"importantPublish":false,"appId":"5f47f6258f0814ff0a91755e","type":"wf","parentId":"66f2cb4a2a7a96224a53fc39","childId":"66f2ef952a7a96224a540035"},
{"id":"66f71f4a2a7a96224a541f74","companyId":null,"createdDate":1727471434660,"updatedDate":1728052888354,"versionId":0,"referenceId":null,"systemStatus":null,"updatedByUserId":null,"updatedByUserName":null,"systemStatusText":null,"userTypes":null,"requirementIds":null,"name":null,"sourceReferenceId":null,"sourceReferenceAppId":null,"lockedByUserId":null,"lockedByUserName":null,"publicArtifact":false,"enableOffline":false,"locked":false,"canUnlock":false,"publishComment":null,"importantPublish":false,"appId":"5f47f6258f0814ff0a91755e","type":"wf","parentId":"66f2cb4a2a7a96224a53fc39","childId":"66f2da882a7a96224a53fc68"},
{"id":"66f71f592a7a96224a541f75","companyId":null,"createdDate":1727471449513,"updatedDate":1728052888355,"versionId":0,"referenceId":null,"systemStatus":null,"updatedByUserId":null,"updatedByUserName":null,"systemStatusText":null,"userTypes":null,"requirementIds":null,"name":null,"sourceReferenceId":null,"sourceReferenceAppId":null,"lockedByUserId":null,"lockedByUserName":null,"publicArtifact":false,"enableOffline":false,"locked":false,"canUnlock":false,"publishComment":null,"importantPublish":false,"appId":"5f47f6258f0814ff0a91755e","type":"cc","parentId":"66f2cb4a2a7a96224a53fc39","childId":"66f435612a7a96224a540a40"},
{"id":"66f71f592a7a96224a541f76","companyId":null,"createdDate":1727471449535,"updatedDate":1728052888355,"versionId":0,"referenceId":null,"systemStatus":null,"updatedByUserId":null,"updatedByUserName":null,"systemStatusText":null,"userTypes":null,"requirementIds":null,"name":null,"sourceReferenceId":null,"sourceReferenceAppId":null,"lockedByUserId":null,"lockedByUserName":null,"publicArtifact":false,"enableOffline":false,"locked":false,"canUnlock":false,"publishComment":null,"importantPublish":false,"appId":"5f47f6258f0814ff0a91755e","type":"cc","parentId":"66f2cb4a2a7a96224a53fc39","childId":"66f2d3c92a7a96224a53fc49"},
{"id":"66f71f592a7a96224a541f77","companyId":null,"createdDate":1727471449545,"updatedDate":1728052888356,"versionId":0,"referenceId":null,"systemStatus":null,"updatedByUserId":null,"updatedByUserName":null,"systemStatusText":null,"userTypes":null,"requirementIds":null,"name":null,"sourceReferenceId":null,"sourceReferenceAppId":null,"lockedByUserId":null,"lockedByUserName":null,"publicArtifact":false,"enableOffline":false,"locked":false,"canUnlock":false,"publishComment":null,"importantPublish":false,"appId":"5f47f6258f0814ff0a91755e","type":"cc","parentId":"66f2cb4a2a7a96224a53fc39","childId":"66f2d4972a7a96224a53fc4c"},
{"id":"66fc26c52a7a96224a54258d","companyId":null,"createdDate":1727801029521,"updatedDate":1728052888357,"versionId":0,"referenceId":null,"systemStatus":null,"updatedByUserId":null,"updatedByUserName":null,"systemStatusText":null,"userTypes":null,"requirementIds":null,"name":null,"sourceReferenceId":null,"sourceReferenceAppId":null,"lockedByUserId":null,"lockedByUserName":null,"publicArtifact":false,"enableOffline":false,"locked":false,"canUnlock":false,"publishComment":null,"importantPublish":false,"appId":"5f47f6258f0814ff0a91755e","type":"wf","parentId":"66f2cb4a2a7a96224a53fc39","childId":"66fad3f32a7a96224a54200c"},
{"id":"66fc26c52a7a96224a54258e","companyId":null,"createdDate":1727801029532,"updatedDate":1728052888357,"versionId":0,"referenceId":null,"systemStatus":null,"updatedByUserId":null,"updatedByUserName":null,"systemStatusText":null,"userTypes":null,"requirementIds":null,"name":null,"sourceReferenceId":null,"sourceReferenceAppId":null,"lockedByUserId":null,"lockedByUserName":null,"publicArtifact":false,"enableOffline":false,"locked":false,"canUnlock":false,"publishComment":null,"importantPublish":false,"appId":"5f47f6258f0814ff0a91755e","type":"wf","parentId":"66f2cb4a2a7a96224a53fc39","childId":"634ef8ba8f0854ad71c01c5e"},
{"id":"66fc26c52a7a96224a54258f","companyId":null,"createdDate":1727801029543,"updatedDate":1728052888358,"versionId":0,"referenceId":null,"systemStatus":null,"updatedByUserId":null,"updatedByUserName":null,"systemStatusText":null,"userTypes":null,"requirementIds":null,"name":null,"sourceReferenceId":null,"sourceReferenceAppId":null,"lockedByUserId":null,"lockedByUserName":null,"publicArtifact":false,"enableOffline":false,"locked":false,"canUnlock":false,"publishComment":null,"importantPublish":false,"appId":"5f47f6258f0814ff0a91755e","type":"wf","parentId":"66f2cb4a2a7a96224a53fc39","childId":"66fad6c22a7a96224a5420fe"},
{"id":"66fc26c52a7a96224a542590","companyId":null,"createdDate":1727801029564,"updatedDate":1728052888358,"versionId":0,"referenceId":null,"systemStatus":null,"updatedByUserId":null,"updatedByUserName":null,"systemStatusText":null,"userTypes":null,"requirementIds":null,"name":null,"sourceReferenceId":null,"sourceReferenceAppId":null,"lockedByUserId":null,"lockedByUserName":null,"publicArtifact":false,"enableOffline":false,"locked":false,"canUnlock":false,"publishComment":null,"importantPublish":false,"appId":"5f47f6258f0814ff0a91755e","type":"wf","parentId":"66f2cb4a2a7a96224a53fc39","childId":"6357f9978f0854ad71c028c0"},
{"id":"66fc26c52a7a96224a542591","companyId":null,"createdDate":1727801029575,"updatedDate":1728052888359,"versionId":0,"referenceId":null,"systemStatus":null,"updatedByUserId":null,"updatedByUserName":null,"systemStatusText":null,"userTypes":null,"requirementIds":null,"name":null,"sourceReferenceId":null,"sourceReferenceAppId":null,"lockedByUserId":null,"lockedByUserName":null,"publicArtifact":false,"enableOffline":false,"locked":false,"canUnlock":false,"publishComment":null,"importantPublish":false,"appId":"5f47f6258f0814ff0a91755e","type":"wf","parentId":"66f2cb4a2a7a96224a53fc39","childId":"66f726bc2a7a96224a541faa"},
{"id":"66fc26c52a7a96224a542592","companyId":null,"createdDate":1727801029586,"updatedDate":1728052888360,"versionId":0,"referenceId":null,"systemStatus":null,"updatedByUserId":null,"updatedByUserName":null,"systemStatusText":null,"userTypes":null,"requirementIds":null,"name":null,"sourceReferenceId":null,"sourceReferenceAppId":null,"lockedByUserId":null,"lockedByUserName":null,"publicArtifact":false,"enableOffline":false,"locked":false,"canUnlock":false,"publishComment":null,"importantPublish":false,"appId":"5f47f6258f0814ff0a91755e","type":"wf","parentId":"66f2cb4a2a7a96224a53fc39","childId":"66f2dbf22a7a96224a53fc76"},
{"id":"66fc26c52a7a96224a542593","companyId":null,"createdDate":1727801029637,"updatedDate":1728052888360,"versionId":0,"referenceId":null,"systemStatus":null,"updatedByUserId":null,"updatedByUserName":null,"systemStatusText":null,"userTypes":null,"requirementIds":null,"name":null,"sourceReferenceId":null,"sourceReferenceAppId":null,"lockedByUserId":null,"lockedByUserName":null,"publicArtifact":false,"enableOffline":false,"locked":false,"canUnlock":false,"publishComment":null,"importantPublish":false,"appId":"5f47f6258f0814ff0a91755e","type":"wf","parentId":"66f2cb4a2a7a96224a53fc39","childId":"66f714362a7a96224a541e9e"},
{"id":"66fc26e42a7a96224a542594","companyId":null,"createdDate":1727801060189,"updatedDate":1728052888361,"versionId":0,"referenceId":null,"systemStatus":null,"updatedByUserId":null,"updatedByUserName":null,"systemStatusText":null,"userTypes":null,"requirementIds":null,"name":null,"sourceReferenceId":null,"sourceReferenceAppId":null,"lockedByUserId":null,"lockedByUserName":null,"publicArtifact":false,"enableOffline":false,"locked":false,"canUnlock":false,"publishComment":null,"importantPublish":false,"appId":"5f47f6258f0814ff0a91755e","type":"cc","parentId":"66f2cb4a2a7a96224a53fc39","childId":"636577d88f08128776b10260"},
{"id":"66fdb5c42a7a96224a542e96","companyId":null,"createdDate":1727903172213,"updatedDate":1728052888361,"versionId":0,"referenceId":null,"systemStatus":null,"updatedByUserId":null,"updatedByUserName":null,"systemStatusText":null,"userTypes":null,"requirementIds":null,"name":null,"sourceReferenceId":null,"sourceReferenceAppId":null,"lockedByUserId":null,"lockedByUserName":null,"publicArtifact":false,"enableOffline":false,"locked":false,"canUnlock":false,"publishComment":null,"importantPublish":false,"appId":"5f47f6258f0814ff0a91755e","type":"wf","parentId":"66f2cb4a2a7a96224a53fc39","childId":"5f47f8728f0814ff0a917799"},
{"id":"66ff04532a7a96224a5430ce","companyId":null,"createdDate":1727988819840,"updatedDate":1728052888362,"versionId":0,"referenceId":null,"systemStatus":null,"updatedByUserId":null,"updatedByUserName":null,"systemStatusText":null,"userTypes":null,"requirementIds":null,"name":null,"sourceReferenceId":null,"sourceReferenceAppId":null,"lockedByUserId":null,"lockedByUserName":null,"publicArtifact":false,"enableOffline":false,"locked":false,"canUnlock":false,"publishComment":null,"importantPublish":false,"appId":"5f47f6258f0814ff0a91755e","type":"wf","parentId":"66f2cb4a2a7a96224a53fc39","childId":"66f6be9e2a7a96224a541bd1"},
{"id":"66ff04e82a7a96224a5430d2","companyId":null,"createdDate":1727988968784,"updatedDate":1728052888363,"versionId":0,"referenceId":null,"systemStatus":null,"updatedByUserId":null,"updatedByUserName":null,"systemStatusText":null,"userTypes":null,"requirementIds":null,"name":null,"sourceReferenceId":null,"sourceReferenceAppId":null,"lockedByUserId":null,"lockedByUserName":null,"publicArtifact":false,"enableOffline":false,"locked":false,"canUnlock":false,"publishComment":null,"importantPublish":false,"appId":"5f47f6258f0814ff0a91755e","type":"wf","parentId":"66f2cb4a2a7a96224a53fc39","childId":"60aff98e8f0852da1b6ef80d"},
{"id":"66ff04e82a7a96224a5430d3","companyId":null,"createdDate":1727988968959,"updatedDate":1728052888363,"versionId":0,"referenceId":null,"systemStatus":null,"updatedByUserId":null,"updatedByUserName":null,"systemStatusText":null,"userTypes":null,"requirementIds":null,"name":null,"sourceReferenceId":null,"sourceReferenceAppId":null,"lockedByUserId":null,"lockedByUserName":null,"publicArtifact":false,"enableOffline":false,"locked":false,"canUnlock":false,"publishComment":null,"importantPublish":false,"appId":"5f47f6258f0814ff0a91755e","type":"wf","parentId":"66f2cb4a2a7a96224a53fc39","childId":"66f32f572a7a96224a540604"},
{"id":"66ff04e92a7a96224a5430d4","companyId":null,"createdDate":1727988969011,"updatedDate":1728052888364,"versionId":0,"referenceId":null,"systemStatus":null,"updatedByUserId":null,"updatedByUserName":null,"systemStatusText":null,"userTypes":null,"requirementIds":null,"name":null,"sourceReferenceId":null,"sourceReferenceAppId":null,"lockedByUserId":null,"lockedByUserName":null,"publicArtifact":false,"enableOffline":false,"locked":false,"canUnlock":false,"publishComment":null,"importantPublish":false,"appId":"5f47f6258f0814ff0a91755e","type":"wf","parentId":"66f2cb4a2a7a96224a53fc39","childId":"5f47f8728f0814ff0a917780"},
{"id":"66ff04e92a7a96224a5430d5","companyId":null,"createdDate":1727988969022,"updatedDate":1728052888365,"versionId":0,"referenceId":null,"systemStatus":null,"updatedByUserId":null,"updatedByUserName":null,"systemStatusText":null,"userTypes":null,"requirementIds":null,"name":null,"sourceReferenceId":null,"sourceReferenceAppId":null,"lockedByUserId":null,"lockedByUserName":null,"publicArtifact":false,"enableOffline":false,"locked":false,"canUnlock":false,"publishComment":null,"importantPublish":false,"appId":"5f47f6258f0814ff0a91755e","type":"wf","parentId":"66f2cb4a2a7a96224a53fc39","childId":"5ff71d7f8f08e7114da139c3"},
{"id":"66ff04e92a7a96224a5430d6","companyId":null,"createdDate":1727988969033,"updatedDate":1728052888365,"versionId":0,"referenceId":null,"systemStatus":null,"updatedByUserId":null,"updatedByUserName":null,"systemStatusText":null,"userTypes":null,"requirementIds":null,"name":null,"sourceReferenceId":null,"sourceReferenceAppId":null,"lockedByUserId":null,"lockedByUserName":null,"publicArtifact":false,"enableOffline":false,"locked":false,"canUnlock":false,"publishComment":null,"importantPublish":false,"appId":"5f47f6258f0814ff0a91755e","type":"wf","parentId":"66f2cb4a2a7a96224a53fc39","childId":"606b6c538f08c245e75c49a0"},
{"id":"66ff04e92a7a96224a5430d7","companyId":null,"createdDate":1727988969044,"updatedDate":1728052888366,"versionId":0,"referenceId":null,"systemStatus":null,"updatedByUserId":null,"updatedByUserName":null,"systemStatusText":null,"userTypes":null,"requirementIds":null,"name":null,"sourceReferenceId":null,"sourceReferenceAppId":null,"lockedByUserId":null,"lockedByUserName":null,"publicArtifact":false,"enableOffline":false,"locked":false,"canUnlock":false,"publishComment":null,"importantPublish":false,"appId":"5f47f6258f0814ff0a91755e","type":"wf","parentId":"66f2cb4a2a7a96224a53fc39","childId":"5ff634c48f08e7114da13982"},
{"id":"66ff04e92a7a96224a5430d8","companyId":null,"createdDate":1727988969055,"updatedDate":1728052888366,"versionId":0,"referenceId":null,"systemStatus":null,"updatedByUserId":null,"updatedByUserName":null,"systemStatusText":null,"userTypes":null,"requirementIds":null,"name":null,"sourceReferenceId":null,"sourceReferenceAppId":null,"lockedByUserId":null,"lockedByUserName":null,"publicArtifact":false,"enableOffline":false,"locked":false,"canUnlock":false,"publishComment":null,"importantPublish":false,"appId":"5f47f6258f0814ff0a91755e","type":"wf","parentId":"66f2cb4a2a7a96224a53fc39","childId":"5f47f8728f0814ff0a9177b4"},
{"id":"66ff04e92a7a96224a5430d9","companyId":null,"createdDate":1727988969066,"updatedDate":1728052888367,"versionId":0,"referenceId":null,"systemStatus":null,"updatedByUserId":null,"updatedByUserName":null,"systemStatusText":null,"userTypes":null,"requirementIds":null,"name":null,"sourceReferenceId":null,"sourceReferenceAppId":null,"lockedByUserId":null,"lockedByUserName":null,"publicArtifact":false,"enableOffline":false,"locked":false,"canUnlock":false,"publishComment":null,"importantPublish":false,"appId":"5f47f6258f0814ff0a91755e","type":"wf","parentId":"66f2cb4a2a7a96224a53fc39","childId":"6234b8618f08d0c053101c80"},
{"id":"66ff050e2a7a96224a5430da","companyId":null,"createdDate":1727989006687,"updatedDate":1728052888368,"versionId":0,"referenceId":null,"systemStatus":null,"updatedByUserId":null,"updatedByUserName":null,"systemStatusText":null,"userTypes":null,"requirementIds":null,"name":null,"sourceReferenceId":null,"sourceReferenceAppId":null,"lockedByUserId":null,"lockedByUserName":null,"publicArtifact":false,"enableOffline":false,"locked":false,"canUnlock":false,"publishComment":null,"importantPublish":false,"appId":"5f47f6258f0814ff0a91755e","type":"wf","parentId":"66f2cb4a2a7a96224a53fc39","childId":"5f47f8728f0814ff0a9177ba"},
{"id":"66ff053e2a7a96224a5430db","companyId":null,"createdDate":1727989054853,"updatedDate":1728052888368,"versionId":0,"referenceId":null,"systemStatus":null,"updatedByUserId":null,"updatedByUserName":null,"systemStatusText":null,"userTypes":null,"requirementIds":null,"name":null,"sourceReferenceId":null,"sourceReferenceAppId":null,"lockedByUserId":null,"lockedByUserName":null,"publicArtifact":false,"enableOffline":false,"locked":false,"canUnlock":false,"publishComment":null,"importantPublish":false,"appId":"5f47f6258f0814ff0a91755e","type":"cc","parentId":"66f2cb4a2a7a96224a53fc39","childId":"66fc245e2a7a96224a542515"},
{"id":"66ff053e2a7a96224a5430dc","companyId":null,"createdDate":1727989054874,"updatedDate":1728052888369,"versionId":0,"referenceId":null,"systemStatus":null,"updatedByUserId":null,"updatedByUserName":null,"systemStatusText":null,"userTypes":null,"requirementIds":null,"name":null,"sourceReferenceId":null,"sourceReferenceAppId":null,"lockedByUserId":null,"lockedByUserName":null,"publicArtifact":false,"enableOffline":false,"locked":false,"canUnlock":false,"publishComment":null,"importantPublish":false,"appId":"5f47f6258f0814ff0a91755e","type":"cc","parentId":"66f2cb4a2a7a96224a53fc39","childId":"66fc14a12a7a96224a542382"},
{"id":"66ff053e2a7a96224a5430dd","companyId":null,"createdDate":1727989054895,"updatedDate":1728052888370,"versionId":0,"referenceId":null,"systemStatus":null,"updatedByUserId":null,"updatedByUserName":null,"systemStatusText":null,"userTypes":null,"requirementIds":null,"name":null,"sourceReferenceId":null,"sourceReferenceAppId":null,"lockedByUserId":null,"lockedByUserName":null,"publicArtifact":false,"enableOffline":false,"locked":false,"canUnlock":false,"publishComment":null,"importantPublish":false,"appId":"5f47f6258f0814ff0a91755e","type":"cc","parentId":"66f2cb4a2a7a96224a53fc39","childId":"66fc23b22a7a96224a542500"},
{"id":"66ff053e2a7a96224a5430de","companyId":null,"createdDate":1727989054917,"updatedDate":1728052888370,"versionId":0,"referenceId":null,"systemStatus":null,"updatedByUserId":null,"updatedByUserName":null,"systemStatusText":null,"userTypes":null,"requirementIds":null,"name":null,"sourceReferenceId":null,"sourceReferenceAppId":null,"lockedByUserId":null,"lockedByUserName":null,"publicArtifact":false,"enableOffline":false,"locked":false,"canUnlock":false,"publishComment":null,"importantPublish":false,"appId":"5f47f6258f0814ff0a91755e","type":"cc","parentId":"66f2cb4a2a7a96224a53fc39","childId":"66fc13122a7a96224a542355"},
{"id":"66e8a5108f087b8dfd31cadf","companyId":null,"createdDate":1726522640160,"updatedDate":1728052888371,"versionId":0,"referenceId":null,"systemStatus":null,"updatedByUserId":null,"updatedByUserName":null,"systemStatusText":null,"userTypes":null,"requirementIds":null,"name":"2024_Q3","sourceReferenceId":null,"sourceReferenceAppId":null,"lockedByUserId":null,"lockedByUserName":null,"publicArtifact":false,"enableOffline":false,"locked":false,"canUnlock":false,"publishComment":null,"importantPublish":false,"appId":"5f47f6258f0814ff0a91755e","type":"fldr","parentId":"5f47f6258f0814ff0a91755e","childId":null}]