[{"id":"667305f88f08bdb80fbb7264","companyId":"5f47ce0c8f0815394ff3bd8a","createdDate":1718814200695,"updatedDate":1720725184703,"versionId":0,"referenceId":null,"systemStatus":null,"updatedByUserId":"5f47ce0e8f0815394ff3be1b","updatedByUserName":"Josh Havens","systemStatusText":null,"userTypes":[],"requirementIds":[],"name":"Staging_User_Import","sourceReferenceId":null,"sourceReferenceAppId":null,"lockedByUserId":null,"lockedByUserName":null,"publicArtifact":false,"enableOffline":false,"locked":false,"canUnlock":false,"publishComment":null,"importantPublish":false,"sysModel":false,"subDomainModel":false,"transientModel":false,"bpmManagedModel":false,"listModel":false,"label":null,"bpmFieldNames":null,"appId":["5f47f6158f0814ff0a917552"],"fields":[{"id":null,"companyId":null,"createdDate":0,"updatedDate":0,"versionId":0,"referenceId":null,"systemStatus":null,"updatedByUserId":null,"updatedByUserName":null,"systemStatusText":null,"fieldName":"countryCode","type":"String","referenceModel":null,"index":false,"subModel":false,"list":false,"required":false,"typeModel":null,"systemField":false,"s3URL":false,"encryptionType":0,"unique":false,"autoIncrement":false,"length":0,"dbFieldName":null,"dbOrdinalPosition":0,"dbType":null,"dbConstraintName":null,"relatedDBTableName":null,"relatedDBTableImportedIdName":null,"defaultValueType":0,"defaultValue":null,"defaultValueUserModel":null,"defaultValueRelationName":null,"defaultValueRelatedModel":null,"defaultValueField":null,"cognitiveProperties":{"entityTypes":[],"newType":false,"newTypeName":null,"subType":null,"dictionaryItem":false,"speechType":null,"mention":false,"mentionType":null,"mentionClass":null,"entityRelationships":null,"sampleQuestions":null},"implementedTypeModelId":null,"fieldLabel":null,"min":0,"max":0,"minMaxValidation":false,"wholeNumber":false,"noPastDates":false,"noFutureDates":false,"implementedTypeModel":null,"sampleData":null},{"id":null,"companyId":null,"createdDate":0,"updatedDate":0,"versionId":0,"referenceId":null,"systemStatus":null,"updatedByUserId":null,"updatedByUserName":null,"systemStatusText":null,"fieldName":"createdBy","type":"String","referenceModel":null,"index":false,"subModel":false,"list":false,"required":false,"typeModel":null,"systemField":true,"s3URL":false,"encryptionType":0,"unique":false,"autoIncrement":false,"length":0,"dbFieldName":null,"dbOrdinalPosition":0,"dbType":null,"dbConstraintName":null,"relatedDBTableName":null,"relatedDBTableImportedIdName":null,"defaultValueType":0,"defaultValue":null,"defaultValueUserModel":null,"defaultValueRelationName":null,"defaultValueRelatedModel":null,"defaultValueField":null,"cognitiveProperties":null,"implementedTypeModelId":null,"fieldLabel":null,"min":0,"max":0,"minMaxValidation":false,"wholeNumber":false,"noPastDates":false,"noFutureDates":false,"implementedTypeModel":null,"sampleData":null},{"id":null,"companyId":null,"createdDate":0,"updatedDate":0,"versionId":0,"referenceId":null,"systemStatus":null,"updatedByUserId":null,"updatedByUserName":null,"systemStatusText":null,"fieldName":"createdByName","type":"String","referenceModel":null,"index":false,"subModel":false,"list":false,"required":false,"typeModel":null,"systemField":true,"s3URL":false,"encryptionType":0,"unique":false,"autoIncrement":false,"length":0,"dbFieldName":null,"dbOrdinalPosition":0,"dbType":null,"dbConstraintName":null,"relatedDBTableName":null,"relatedDBTableImportedIdName":null,"defaultValueType":0,"defaultValue":null,"defaultValueUserModel":null,"defaultValueRelationName":null,"defaultValueRelatedModel":null,"defaultValueField":null,"cognitiveProperties":null,"implementedTypeModelId":null,"fieldLabel":null,"min":0,"max":0,"minMaxValidation":false,"wholeNumber":false,"noPastDates":false,"noFutureDates":false,"implementedTypeModel":null,"sampleData":null},{"id":null,"companyId":null,"createdDate":0,"updatedDate":0,"versionId":0,"referenceId":null,"systemStatus":null,"updatedByUserId":null,"updatedByUserName":null,"systemStatusText":null,"fieldName":"createdDate","type":"Date","referenceModel":null,"index":false,"subModel":false,"list":false,"required":false,"typeModel":null,"systemField":true,"s3URL":false,"encryptionType":0,"unique":false,"autoIncrement":false,"length":0,"dbFieldName":null,"dbOrdinalPosition":0,"dbType":null,"dbConstraintName":null,"relatedDBTableName":null,"relatedDBTableImportedIdName":null,"defaultValueType":0,"defaultValue":null,"defaultValueUserModel":null,"defaultValueRelationName":null,"defaultValueRelatedModel":null,"defaultValueField":null,"cognitiveProperties":null,"implementedTypeModelId":null,"fieldLabel":null,"min":0,"max":0,"minMaxValidation":false,"wholeNumber":false,"noPastDates":false,"noFutureDates":false,"implementedTypeModel":null,"sampleData":null},{"id":null,"companyId":null,"createdDate":0,"updatedDate":0,"versionId":0,"referenceId":null,"systemStatus":null,"updatedByUserId":null,"updatedByUserName":null,"systemStatusText":null,"fieldName":"CSV_URL","type":"Object","referenceModel":null,"index":false,"subModel":true,"list":false,"required":false,"typeModel":null,"systemField":false,"s3URL":false,"encryptionType":0,"unique":false,"autoIncrement":false,"length":0,"dbFieldName":null,"dbOrdinalPosition":0,"dbType":null,"dbConstraintName":null,"relatedDBTableName":null,"relatedDBTableImportedIdName":null,"defaultValueType":0,"defaultValue":null,"defaultValueUserModel":null,"defaultValueRelationName":null,"defaultValueRelatedModel":null,"defaultValueField":null,"cognitiveProperties":{"entityTypes":[],"newType":false,"newTypeName":null,"subType":null,"dictionaryItem":false,"speechType":null,"mention":false,"mentionType":null,"mentionClass":null,"entityRelationships":null,"sampleQuestions":null},"implementedTypeModelId":null,"fieldLabel":null,"min":0,"max":0,"minMaxValidation":false,"wholeNumber":false,"noPastDates":false,"noFutureDates":false,"implementedTypeModel":null,"sampleData":null},{"id":null,"companyId":null,"createdDate":0,"updatedDate":0,"versionId":0,"referenceId":null,"systemStatus":null,"updatedByUserId":null,"updatedByUserName":null,"systemStatusText":null,"fieldName":"email","type":"String","referenceModel":null,"index":false,"subModel":false,"list":false,"required":false,"typeModel":null,"systemField":false,"s3URL":false,"encryptionType":0,"unique":false,"autoIncrement":false,"length":0,"dbFieldName":null,"dbOrdinalPosition":0,"dbType":null,"dbConstraintName":null,"relatedDBTableName":null,"relatedDBTableImportedIdName":null,"defaultValueType":0,"defaultValue":null,"defaultValueUserModel":null,"defaultValueRelationName":null,"defaultValueRelatedModel":null,"defaultValueField":null,"cognitiveProperties":{"entityTypes":[],"newType":false,"newTypeName":null,"subType":null,"dictionaryItem":false,"speechType":null,"mention":false,"mentionType":null,"mentionClass":null,"entityRelationships":null,"sampleQuestions":null},"implementedTypeModelId":null,"fieldLabel":null,"min":0,"max":0,"minMaxValidation":false,"wholeNumber":false,"noPastDates":false,"noFutureDates":false,"implementedTypeModel":null,"sampleData":null},{"id":null,"companyId":null,"createdDate":0,"updatedDate":0,"versionId":0,"referenceId":null,"systemStatus":null,"updatedByUserId":null,"updatedByUserName":null,"systemStatusText":null,"fieldName":"firstName","type":"String","referenceModel":null,"index":false,"subModel":false,"list":false,"required":false,"typeModel":null,"systemField":false,"s3URL":false,"encryptionType":0,"unique":false,"autoIncrement":false,"length":0,"dbFieldName":null,"dbOrdinalPosition":0,"dbType":null,"dbConstraintName":null,"relatedDBTableName":null,"relatedDBTableImportedIdName":null,"defaultValueType":0,"defaultValue":null,"defaultValueUserModel":null,"defaultValueRelationName":null,"defaultValueRelatedModel":null,"defaultValueField":null,"cognitiveProperties":{"entityTypes":[],"newType":false,"newTypeName":null,"subType":null,"dictionaryItem":false,"speechType":null,"mention":false,"mentionType":null,"mentionClass":null,"entityRelationships":null,"sampleQuestions":null},"implementedTypeModelId":null,"fieldLabel":null,"min":0,"max":0,"minMaxValidation":false,"wholeNumber":false,"noPastDates":false,"noFutureDates":false,"implementedTypeModel":null,"sampleData":null},{"id":null,"companyId":null,"createdDate":0,"updatedDate":0,"versionId":0,"referenceId":null,"systemStatus":null,"updatedByUserId":null,"updatedByUserName":null,"systemStatusText":null,"fieldName":"language","type":"String","referenceModel":null,"index":false,"subModel":false,"list":false,"required":false,"typeModel":null,"systemField":false,"s3URL":false,"encryptionType":0,"unique":false,"autoIncrement":false,"length":0,"dbFieldName":null,"dbOrdinalPosition":0,"dbType":null,"dbConstraintName":null,"relatedDBTableName":null,"relatedDBTableImportedIdName":null,"defaultValueType":0,"defaultValue":null,"defaultValueUserModel":null,"defaultValueRelationName":null,"defaultValueRelatedModel":null,"defaultValueField":null,"cognitiveProperties":{"entityTypes":[],"newType":false,"newTypeName":null,"subType":null,"dictionaryItem":false,"speechType":null,"mention":false,"mentionType":null,"mentionClass":null,"entityRelationships":null,"sampleQuestions":null},"implementedTypeModelId":null,"fieldLabel":null,"min":0,"max":0,"minMaxValidation":false,"wholeNumber":false,"noPastDates":false,"noFutureDates":false,"implementedTypeModel":null,"sampleData":null},{"id":null,"companyId":null,"createdDate":0,"updatedDate":0,"versionId":0,"referenceId":null,"systemStatus":null,"updatedByUserId":null,"updatedByUserName":null,"systemStatusText":null,"fieldName":"lastName","type":"String","referenceModel":null,"index":false,"subModel":false,"list":false,"required":false,"typeModel":null,"systemField":false,"s3URL":false,"encryptionType":0,"unique":false,"autoIncrement":false,"length":0,"dbFieldName":null,"dbOrdinalPosition":0,"dbType":null,"dbConstraintName":null,"relatedDBTableName":null,"relatedDBTableImportedIdName":null,"defaultValueType":0,"defaultValue":null,"defaultValueUserModel":null,"defaultValueRelationName":null,"defaultValueRelatedModel":null,"defaultValueField":null,"cognitiveProperties":{"entityTypes":[],"newType":false,"newTypeName":null,"subType":null,"dictionaryItem":false,"speechType":null,"mention":false,"mentionType":null,"mentionClass":null,"entityRelationships":null,"sampleQuestions":null},"implementedTypeModelId":null,"fieldLabel":null,"min":0,"max":0,"minMaxValidation":false,"wholeNumber":false,"noPastDates":false,"noFutureDates":false,"implementedTypeModel":null,"sampleData":null},{"id":null,"companyId":null,"createdDate":0,"updatedDate":0,"versionId":0,"referenceId":null,"systemStatus":null,"updatedByUserId":null,"updatedByUserName":null,"systemStatusText":null,"fieldName":"phoneNumber","type":"String","referenceModel":null,"index":false,"subModel":false,"list":false,"required":false,"typeModel":null,"systemField":false,"s3URL":false,"encryptionType":0,"unique":false,"autoIncrement":false,"length":0,"dbFieldName":null,"dbOrdinalPosition":0,"dbType":null,"dbConstraintName":null,"relatedDBTableName":null,"relatedDBTableImportedIdName":null,"defaultValueType":0,"defaultValue":null,"defaultValueUserModel":null,"defaultValueRelationName":null,"defaultValueRelatedModel":null,"defaultValueField":null,"cognitiveProperties":{"entityTypes":[],"newType":false,"newTypeName":null,"subType":null,"dictionaryItem":false,"speechType":null,"mention":false,"mentionType":null,"mentionClass":null,"entityRelationships":null,"sampleQuestions":null},"implementedTypeModelId":null,"fieldLabel":null,"min":0,"max":0,"minMaxValidation":false,"wholeNumber":false,"noPastDates":false,"noFutureDates":false,"implementedTypeModel":null,"sampleData":null},{"id":"6643857a8f08b3f554015b57","companyId":"5f47ce0c8f0815394ff3bd8a","createdDate":1715701114197,"updatedDate":1715701114197,"versionId":0,"referenceId":null,"systemStatus":null,"updatedByUserId":"5f47ce0e8f0815394ff3be1b","updatedByUserName":"Josh Havens","systemStatusText":null,"fieldName":"role","type":"String","referenceModel":null,"index":false,"subModel":false,"list":false,"required":false,"typeModel":null,"systemField":false,"s3URL":false,"encryptionType":0,"unique":false,"autoIncrement":false,"length":0,"dbFieldName":null,"dbOrdinalPosition":0,"dbType":null,"dbConstraintName":null,"relatedDBTableName":null,"relatedDBTableImportedIdName":null,"defaultValueType":0,"defaultValue":null,"defaultValueUserModel":null,"defaultValueRelationName":null,"defaultValueRelatedModel":null,"defaultValueField":null,"cognitiveProperties":null,"implementedTypeModelId":null,"fieldLabel":null,"min":0,"max":0,"minMaxValidation":false,"wholeNumber":false,"noPastDates":false,"noFutureDates":false,"implementedTypeModel":null,"sampleData":null},{"id":null,"companyId":null,"createdDate":0,"updatedDate":0,"versionId":0,"referenceId":null,"systemStatus":null,"updatedByUserId":null,"updatedByUserName":null,"systemStatusText":null,"fieldName":"sysContainerId","type":"String","referenceModel":null,"index":true,"subModel":false,"list":false,"required":false,"typeModel":null,"systemField":true,"s3URL":false,"encryptionType":0,"unique":false,"autoIncrement":false,"length":0,"dbFieldName":null,"dbOrdinalPosition":0,"dbType":null,"dbConstraintName":null,"relatedDBTableName":null,"relatedDBTableImportedIdName":null,"defaultValueType":0,"defaultValue":null,"defaultValueUserModel":null,"defaultValueRelationName":null,"defaultValueRelatedModel":null,"defaultValueField":null,"cognitiveProperties":null,"implementedTypeModelId":null,"fieldLabel":null,"min":0,"max":0,"minMaxValidation":false,"wholeNumber":false,"noPastDates":false,"noFutureDates":false,"implementedTypeModel":null,"sampleData":null},{"id":null,"companyId":null,"createdDate":0,"updatedDate":0,"versionId":0,"referenceId":null,"systemStatus":null,"updatedByUserId":null,"updatedByUserName":null,"systemStatusText":null,"fieldName":"sysFeedback","type":"SysStateTransitionFeedback","referenceModel":null,"index":false,"subModel":false,"list":false,"required":false,"typeModel":null,"systemField":true,"s3URL":false,"encryptionType":0,"unique":false,"autoIncrement":false,"length":0,"dbFieldName":null,"dbOrdinalPosition":0,"dbType":null,"dbConstraintName":null,"relatedDBTableName":null,"relatedDBTableImportedIdName":null,"defaultValueType":0,"defaultValue":null,"defaultValueUserModel":null,"defaultValueRelationName":null,"defaultValueRelatedModel":null,"defaultValueField":null,"cognitiveProperties":null,"implementedTypeModelId":null,"fieldLabel":null,"min":0,"max":0,"minMaxValidation":false,"wholeNumber":false,"noPastDates":false,"noFutureDates":false,"implementedTypeModel":null,"sampleData":null},{"id":null,"companyId":null,"createdDate":0,"updatedDate":0,"versionId":0,"referenceId":null,"systemStatus":null,"updatedByUserId":null,"updatedByUserName":null,"systemStatusText":null,"fieldName":"sysImage","type":"String","referenceModel":null,"index":false,"subModel":false,"list":false,"required":false,"typeModel":null,"systemField":true,"s3URL":false,"encryptionType":0,"unique":false,"autoIncrement":false,"length":0,"dbFieldName":null,"dbOrdinalPosition":0,"dbType":null,"dbConstraintName":null,"relatedDBTableName":null,"relatedDBTableImportedIdName":null,"defaultValueType":0,"defaultValue":null,"defaultValueUserModel":null,"defaultValueRelationName":null,"defaultValueRelatedModel":null,"defaultValueField":null,"cognitiveProperties":null,"implementedTypeModelId":null,"fieldLabel":null,"min":0,"max":0,"minMaxValidation":false,"wholeNumber":false,"noPastDates":false,"noFutureDates":false,"implementedTypeModel":null,"sampleData":null},{"id":null,"companyId":null,"createdDate":0,"updatedDate":0,"versionId":0,"referenceId":null,"systemStatus":null,"updatedByUserId":null,"updatedByUserName":null,"systemStatusText":null,"fieldName":"sysName","type":"String","referenceModel":null,"index":false,"subModel":false,"list":false,"required":false,"typeModel":null,"systemField":true,"s3URL":false,"encryptionType":0,"unique":false,"autoIncrement":false,"length":0,"dbFieldName":null,"dbOrdinalPosition":0,"dbType":null,"dbConstraintName":null,"relatedDBTableName":null,"relatedDBTableImportedIdName":null,"defaultValueType":0,"defaultValue":null,"defaultValueUserModel":null,"defaultValueRelationName":null,"defaultValueRelatedModel":null,"defaultValueField":null,"cognitiveProperties":null,"implementedTypeModelId":null,"fieldLabel":null,"min":0,"max":0,"minMaxValidation":false,"wholeNumber":false,"noPastDates":false,"noFutureDates":false,"implementedTypeModel":null,"sampleData":null},{"id":null,"companyId":null,"createdDate":0,"updatedDate":0,"versionId":0,"referenceId":null,"systemStatus":null,"updatedByUserId":null,"updatedByUserName":null,"systemStatusText":null,"fieldName":"sysState","type":"String","referenceModel":null,"index":false,"subModel":false,"list":false,"required":false,"typeModel":null,"systemField":true,"s3URL":false,"encryptionType":0,"unique":false,"autoIncrement":false,"length":0,"dbFieldName":null,"dbOrdinalPosition":0,"dbType":null,"dbConstraintName":null,"relatedDBTableName":null,"relatedDBTableImportedIdName":null,"defaultValueType":0,"defaultValue":null,"defaultValueUserModel":null,"defaultValueRelationName":null,"defaultValueRelatedModel":null,"defaultValueField":null,"cognitiveProperties":null,"implementedTypeModelId":null,"fieldLabel":null,"min":0,"max":0,"minMaxValidation":false,"wholeNumber":false,"noPastDates":false,"noFutureDates":false,"implementedTypeModel":null,"sampleData":null},{"id":null,"companyId":null,"createdDate":0,"updatedDate":0,"versionId":0,"referenceId":null,"systemStatus":null,"updatedByUserId":null,"updatedByUserName":null,"systemStatusText":null,"fieldName":"title","type":"String","referenceModel":null,"index":false,"subModel":false,"list":false,"required":false,"typeModel":null,"systemField":false,"s3URL":false,"encryptionType":0,"unique":false,"autoIncrement":false,"length":0,"dbFieldName":null,"dbOrdinalPosition":0,"dbType":null,"dbConstraintName":null,"relatedDBTableName":null,"relatedDBTableImportedIdName":null,"defaultValueType":0,"defaultValue":null,"defaultValueUserModel":null,"defaultValueRelationName":null,"defaultValueRelatedModel":null,"defaultValueField":null,"cognitiveProperties":{"entityTypes":[],"newType":false,"newTypeName":null,"subType":null,"dictionaryItem":false,"speechType":null,"mention":false,"mentionType":null,"mentionClass":null,"entityRelationships":null,"sampleQuestions":null},"implementedTypeModelId":null,"fieldLabel":null,"min":0,"max":0,"minMaxValidation":false,"wholeNumber":false,"noPastDates":false,"noFutureDates":false,"implementedTypeModel":null,"sampleData":null},{"id":null,"companyId":null,"createdDate":0,"updatedDate":0,"versionId":0,"referenceId":null,"systemStatus":null,"updatedByUserId":null,"updatedByUserName":null,"systemStatusText":null,"fieldName":"updatedBy","type":"String","referenceModel":null,"index":false,"subModel":false,"list":false,"required":false,"typeModel":null,"systemField":true,"s3URL":false,"encryptionType":0,"unique":false,"autoIncrement":false,"length":0,"dbFieldName":null,"dbOrdinalPosition":0,"dbType":null,"dbConstraintName":null,"relatedDBTableName":null,"relatedDBTableImportedIdName":null,"defaultValueType":0,"defaultValue":null,"defaultValueUserModel":null,"defaultValueRelationName":null,"defaultValueRelatedModel":null,"defaultValueField":null,"cognitiveProperties":null,"implementedTypeModelId":null,"fieldLabel":null,"min":0,"max":0,"minMaxValidation":false,"wholeNumber":false,"noPastDates":false,"noFutureDates":false,"implementedTypeModel":null,"sampleData":null},{"id":null,"companyId":null,"createdDate":0,"updatedDate":0,"versionId":0,"referenceId":null,"systemStatus":null,"updatedByUserId":null,"updatedByUserName":null,"systemStatusText":null,"fieldName":"updatedByName","type":"String","referenceModel":null,"index":false,"subModel":false,"list":false,"required":false,"typeModel":null,"systemField":true,"s3URL":false,"encryptionType":0,"unique":false,"autoIncrement":false,"length":0,"dbFieldName":null,"dbOrdinalPosition":0,"dbType":null,"dbConstraintName":null,"relatedDBTableName":null,"relatedDBTableImportedIdName":null,"defaultValueType":0,"defaultValue":null,"defaultValueUserModel":null,"defaultValueRelationName":null,"defaultValueRelatedModel":null,"defaultValueField":null,"cognitiveProperties":null,"implementedTypeModelId":null,"fieldLabel":null,"min":0,"max":0,"minMaxValidation":false,"wholeNumber":false,"noPastDates":false,"noFutureDates":false,"implementedTypeModel":null,"sampleData":null},{"id":null,"companyId":null,"createdDate":0,"updatedDate":0,"versionId":0,"referenceId":null,"systemStatus":null,"updatedByUserId":null,"updatedByUserName":null,"systemStatusText":null,"fieldName":"updatedDate","type":"Date","referenceModel":null,"index":false,"subModel":false,"list":false,"required":false,"typeModel":null,"systemField":true,"s3URL":false,"encryptionType":0,"unique":false,"autoIncrement":false,"length":0,"dbFieldName":null,"dbOrdinalPosition":0,"dbType":null,"dbConstraintName":null,"relatedDBTableName":null,"relatedDBTableImportedIdName":null,"defaultValueType":0,"defaultValue":null,"defaultValueUserModel":null,"defaultValueRelationName":null,"defaultValueRelatedModel":null,"defaultValueField":null,"cognitiveProperties":null,"implementedTypeModelId":null,"fieldLabel":null,"min":0,"max":0,"minMaxValidation":false,"wholeNumber":false,"noPastDates":false,"noFutureDates":false,"implementedTypeModel":null,"sampleData":null},{"id":null,"companyId":null,"createdDate":0,"updatedDate":0,"versionId":0,"referenceId":null,"systemStatus":null,"updatedByUserId":null,"updatedByUserName":null,"systemStatusText":null,"fieldName":"userName","type":"String","referenceModel":null,"index":false,"subModel":false,"list":false,"required":false,"typeModel":null,"systemField":false,"s3URL":false,"encryptionType":0,"unique":false,"autoIncrement":false,"length":0,"dbFieldName":null,"dbOrdinalPosition":0,"dbType":null,"dbConstraintName":null,"relatedDBTableName":null,"relatedDBTableImportedIdName":null,"defaultValueType":0,"defaultValue":null,"defaultValueUserModel":null,"defaultValueRelationName":null,"defaultValueRelatedModel":null,"defaultValueField":null,"cognitiveProperties":{"entityTypes":[],"newType":false,"newTypeName":null,"subType":null,"dictionaryItem":false,"speechType":null,"mention":false,"mentionType":null,"mentionClass":null,"entityRelationships":null,"sampleQuestions":null},"implementedTypeModelId":null,"fieldLabel":null,"min":0,"max":0,"minMaxValidation":false,"wholeNumber":false,"noPastDates":false,"noFutureDates":false,"implementedTypeModel":null,"sampleData":null},{"id":null,"companyId":null,"createdDate":0,"updatedDate":0,"versionId":0,"referenceId":null,"systemStatus":null,"updatedByUserId":null,"updatedByUserName":null,"systemStatusText":null,"fieldName":"userTag","type":"String","referenceModel":null,"index":false,"subModel":false,"list":false,"required":false,"typeModel":null,"systemField":false,"s3URL":false,"encryptionType":0,"unique":false,"autoIncrement":false,"length":0,"dbFieldName":null,"dbOrdinalPosition":0,"dbType":null,"dbConstraintName":null,"relatedDBTableName":null,"relatedDBTableImportedIdName":null,"defaultValueType":0,"defaultValue":null,"defaultValueUserModel":null,"defaultValueRelationName":null,"defaultValueRelatedModel":null,"defaultValueField":null,"cognitiveProperties":{"entityTypes":[],"newType":false,"newTypeName":null,"subType":null,"dictionaryItem":false,"speechType":null,"mention":false,"mentionType":null,"mentionClass":null,"entityRelationships":null,"sampleQuestions":null},"implementedTypeModelId":null,"fieldLabel":null,"min":0,"max":0,"minMaxValidation":false,"wholeNumber":false,"noPastDates":false,"noFutureDates":false,"implementedTypeModel":null,"sampleData":null},{"id":null,"companyId":null,"createdDate":0,"updatedDate":0,"versionId":0,"referenceId":null,"systemStatus":null,"updatedByUserId":null,"updatedByUserName":null,"systemStatusText":null,"fieldName":"_id","type":"String","referenceModel":null,"index":false,"subModel":false,"list":false,"required":false,"typeModel":null,"systemField":true,"s3URL":false,"encryptionType":0,"unique":false,"autoIncrement":false,"length":0,"dbFieldName":null,"dbOrdinalPosition":0,"dbType":null,"dbConstraintName":null,"relatedDBTableName":null,"relatedDBTableImportedIdName":null,"defaultValueType":0,"defaultValue":null,"defaultValueUserModel":null,"defaultValueRelationName":null,"defaultValueRelatedModel":null,"defaultValueField":null,"cognitiveProperties":null,"implementedTypeModelId":null,"fieldLabel":null,"min":0,"max":0,"minMaxValidation":false,"wholeNumber":false,"noPastDates":false,"noFutureDates":false,"implementedTypeModel":null,"sampleData":null},{"id":null,"companyId":null,"createdDate":0,"updatedDate":0,"versionId":0,"referenceId":null,"systemStatus":null,"updatedByUserId":null,"updatedByUserName":null,"systemStatusText":null,"fieldName":"rolePreset","type":"String","referenceModel":null,"index":false,"subModel":false,"list":false,"required":false,"typeModel":null,"systemField":false,"s3URL":false,"encryptionType":0,"unique":false,"autoIncrement":false,"length":0,"dbFieldName":null,"dbOrdinalPosition":0,"dbType":null,"dbConstraintName":null,"relatedDBTableName":null,"relatedDBTableImportedIdName":null,"defaultValueType":0,"defaultValue":null,"defaultValueUserModel":null,"defaultValueRelationName":null,"defaultValueRelatedModel":null,"defaultValueField":null,"cognitiveProperties":{"entityTypes":[],"newType":false,"newTypeName":null,"subType":null,"dictionaryItem":false,"speechType":null,"mention":false,"mentionType":null,"mentionClass":null,"entityRelationships":null,"sampleQuestions":null},"implementedTypeModelId":null,"fieldLabel":null,"min":0,"max":0,"minMaxValidation":false,"wholeNumber":false,"noPastDates":false,"noFutureDates":false,"implementedTypeModel":null,"sampleData":null}],"indexes":[{"indexName":"simple_syscontainerid_idx","fieldNames":["sysContainerId"],"orderedDBColumnNames":null,"type":"simple"}],"objectLifeCycle":null,"relationShips":null,"type":"Default","hidden":false,"userType":false,"containerRestricted":false,"containerField":"sysContainerId","openCreate":false,"openRead":false,"encryptionEnabled":false,"encryptedFields":null,"dbTableName":null,"dbSchemaName":null,"imageField":null,"imageValue":null,"nameFields":null,"mainAreaComponentId":null,"workAreaComponentId":null,"commentComponentId":null,"defaultRoleId":null,"mySqlModel":false,"softDelete":false,"auditCreate":false,"auditRead":false,"auditUpdate":false,"auditDelete":false,"analytics":false,"analyticsStateField":null,"analyticsProperties":null,"cognitiveProperties":null,"appData":false,"enableTranslation":false,"fieldTypes":{},"fieldsByFeature":{},"reverseRelationShips":null,"reverseRelationShipMap":null,"view360CCId":null,"view360ListCCId":null,"view360bgColor":null,"relationshipViewImage":null,"relationshipViewClickVLC":null,"userModel":false,"description":null,"multiTenantAware":false,"ownerFieldName":null,"tenantFieldName":null,"features":null,"dataManagerId":null}]