[{"id":"66733cb08f08bdb80fbb7379","companyId":null,"createdDate":1718828208659,"updatedDate":1718828208659,"versionId":0,"referenceId":null,"systemStatus":null,"updatedByUserId":null,"updatedByUserName":null,"systemStatusText":null,"userTypes":null,"requirementIds":null,"name":"Import User","sourceReferenceId":null,"sourceReferenceAppId":null,"lockedByUserId":null,"lockedByUserName":null,"publicArtifact":false,"enableOffline":false,"locked":false,"canUnlock":false,"publishComment":null,"importantPublish":false,"appId":"5f47f6158f0814ff0a917552","type":"fldr","parentId":"5f47f6158f0814ff0a917552","childId":null},
{"id":"66733d278f08bdb80fbb737c","companyId":null,"createdDate":1718828327423,"updatedDate":1718828327423,"versionId":0,"referenceId":null,"systemStatus":null,"updatedByUserId":null,"updatedByUserName":null,"systemStatusText":null,"userTypes":null,"requirementIds":null,"name":null,"sourceReferenceId":null,"sourceReferenceAppId":null,"lockedByUserId":null,"lockedByUserName":null,"publicArtifact":false,"enableOffline":false,"locked":false,"canUnlock":false,"publishComment":null,"importantPublish":false,"appId":"5f47f6158f0814ff0a917552","type":"wf","parentId":"66733cb08f08bdb80fbb7379","childId":"66733d268f08bdb80fbb737a"},
{"id":"66748b998f08bdb80fbb77cb","companyId":null,"createdDate":1718913945837,"updatedDate":1718913945837,"versionId":0,"referenceId":null,"systemStatus":null,"updatedByUserId":null,"updatedByUserName":null,"systemStatusText":null,"userTypes":null,"requirementIds":null,"name":null,"sourceReferenceId":null,"sourceReferenceAppId":null,"lockedByUserId":null,"lockedByUserName":null,"publicArtifact":false,"enableOffline":false,"locked":false,"canUnlock":false,"publishComment":null,"importantPublish":false,"appId":"5f47f6158f0814ff0a917552","type":"wf","parentId":"66733cb08f08bdb80fbb7379","childId":"60ec667a8f08542a275ea2c2"},
{"id":"668fed5c8f08df157b26792a","companyId":null,"createdDate":1720708444513,"updatedDate":1720708444513,"versionId":0,"referenceId":null,"systemStatus":null,"updatedByUserId":null,"updatedByUserName":null,"systemStatusText":null,"userTypes":null,"requirementIds":null,"name":null,"sourceReferenceId":null,"sourceReferenceAppId":null,"lockedByUserId":null,"lockedByUserName":null,"publicArtifact":false,"enableOffline":false,"locked":false,"canUnlock":false,"publishComment":null,"importantPublish":false,"appId":"5f47f6158f0814ff0a917552","type":"dm","parentId":"66733cb08f08bdb80fbb7379","childId":"667305f88f08bdb80fbb7264"},
{"id":"66900a9f8f08df157b267976","companyId":null,"createdDate":1720715935092,"updatedDate":1720715935092,"versionId":0,"referenceId":null,"systemStatus":null,"updatedByUserId":null,"updatedByUserName":null,"systemStatusText":null,"userTypes":null,"requirementIds":null,"name":null,"sourceReferenceId":null,"sourceReferenceAppId":null,"lockedByUserId":null,"lockedByUserName":null,"publicArtifact":false,"enableOffline":false,"locked":false,"canUnlock":false,"publishComment":null,"importantPublish":false,"appId":"5f47f6158f0814ff0a917552","type":"wf","parentId":"66733cb08f08bdb80fbb7379","childId":"5f47f79e8f0814ff0a917596"},
{"id":"6690245c8f08df157b267a8d","companyId":null,"createdDate":1720722524727,"updatedDate":1720722524727,"versionId":0,"referenceId":null,"systemStatus":null,"updatedByUserId":null,"updatedByUserName":null,"systemStatusText":null,"userTypes":null,"requirementIds":null,"name":null,"sourceReferenceId":null,"sourceReferenceAppId":null,"lockedByUserId":null,"lockedByUserName":null,"publicArtifact":false,"enableOffline":false,"locked":false,"canUnlock":false,"publishComment":null,"importantPublish":false,"appId":"5f47f6158f0814ff0a917552","type":"wf","parentId":"66733cb08f08bdb80fbb7379","childId":"645a9df18f08984919314e86"},
{"id":"66915b1b8f08df157b26f918","companyId":null,"createdDate":1720802075591,"updatedDate":1720802075591,"versionId":0,"referenceId":null,"systemStatus":null,"updatedByUserId":null,"updatedByUserName":null,"systemStatusText":null,"userTypes":null,"requirementIds":null,"name":null,"sourceReferenceId":null,"sourceReferenceAppId":null,"lockedByUserId":null,"lockedByUserName":null,"publicArtifact":false,"enableOffline":false,"locked":false,"canUnlock":false,"publishComment":null,"importantPublish":false,"appId":"5f47f6158f0814ff0a917552","type":"qry","parentId":"66733cb08f08bdb80fbb7379","childId":"66915b1b8f08df157b26f916"}]