[{"id":"66915b1b8f08df157b26f916","companyId":"5f47ce0c8f0815394ff3bd8a","createdDate":1720802075356,"updatedDate":1720815447596,"versionId":0,"referenceId":null,"systemStatus":null,"updatedByUserId":"5fa999cf8f08eee59b0a70e1","updatedByUserName":"Mark Bonham","systemStatusText":null,"userTypes":[],"requirementIds":[],"name":"Staging_User_Import","sourceReferenceId":null,"sourceReferenceAppId":null,"lockedByUserId":null,"lockedByUserName":null,"publicArtifact":false,"enableOffline":false,"locked":false,"canUnlock":false,"publishComment":null,"importantPublish":false,"appId":"5f47f6158f0814ff0a917552","dataModel":"Staging_User_Import","inputDataModel":"","operator":"and","relationshipOperator":"and","onlySelectedFields":false,"dynamicSearchCriteria":false,"dynamicCriteriaFieldName":null,"relationshipFilters":null,"selectFields":null,"sortFields":null,"conditions":[{"fieldName":"_id","fieldValue":"","dynamicOpeartor":false,"operator":"notEmpty","fieldType":null,"dynamicFieldName":false,"dynamicFilter":false,"filterValueToken":false,"ignoreCase":false,"fieldListValue":null,"additionalValueDynamic":false,"additionalValueField":null,"additionalValue":0.0,"location":null,"locations":null,"leftModelLabel":null,"rightModelLabel":null,"rightFieldName":null}],"relationFilterFieldName":null,"limit":0,"randomizeResults":false,"hidden":false,"platformObjects":false,"dynamicDataModel":false,"dataModelField":null,"platformObjectName":null,"inputRecordModel":null,"inputRecordField":null,"allRelations":false,"relatedDataModel":null,"relationName":null,"outputDataModel":null,"outputFieldName":null,"sourceDatabase":null,"aggregation":false,"multipleModels":false,"joinModels":null,"joinConditions":null,"deletedData":false,"auditData":false,"auditRecordIdField":null,"aggregationFields":null,"groupFields":null,"createScreen":false,"pageId":null,"pageModelName":null,"pageModelId":null,"securityConditions":null}]