[{"id":"66956b678f08df157b26ffd5","companyId":null,"createdDate":1721068391998,"updatedDate":1721068391998,"versionId":0,"referenceId":null,"systemStatus":null,"updatedByUserId":null,"updatedByUserName":null,"systemStatusText":null,"userTypes":null,"requirementIds":null,"name":"24-07-15--Single Factor Authentication","sourceReferenceId":null,"sourceReferenceAppId":null,"lockedByUserId":null,"lockedByUserName":null,"publicArtifact":false,"enableOffline":false,"locked":false,"canUnlock":false,"publishComment":null,"importantPublish":false,"appId":"5f47f6158f0814ff0a917552","type":"fldr","parentId":"5f47f6158f0814ff0a917552","childId":null},
{"id":"66957a0f8f08df157b2702eb","companyId":null,"createdDate":1721072143950,"updatedDate":1721072143950,"versionId":0,"referenceId":null,"systemStatus":null,"updatedByUserId":null,"updatedByUserName":null,"systemStatusText":null,"userTypes":null,"requirementIds":null,"name":null,"sourceReferenceId":null,"sourceReferenceAppId":null,"lockedByUserId":null,"lockedByUserName":null,"publicArtifact":false,"enableOffline":false,"locked":false,"canUnlock":false,"publishComment":null,"importantPublish":false,"appId":"5f47f6158f0814ff0a917552","type":"dm","parentId":"66956b678f08df157b26ffd5","childId":"5f4d6d6a8f086f27a2ab0833"},
{"id":"66957a0f8f08df157b2702ec","companyId":null,"createdDate":1721072143961,"updatedDate":1721072143961,"versionId":0,"referenceId":null,"systemStatus":null,"updatedByUserId":null,"updatedByUserName":null,"systemStatusText":null,"userTypes":null,"requirementIds":null,"name":null,"sourceReferenceId":null,"sourceReferenceAppId":null,"lockedByUserId":null,"lockedByUserName":null,"publicArtifact":false,"enableOffline":false,"locked":false,"canUnlock":false,"publishComment":null,"importantPublish":false,"appId":"5f47f6158f0814ff0a917552","type":"dm","parentId":"66956b678f08df157b26ffd5","childId":"5f47ce0d8f0815394ff3bd98"},
{"id":"66957a1c8f08df157b2702ed","companyId":null,"createdDate":1721072156219,"updatedDate":1721072156219,"versionId":0,"referenceId":null,"systemStatus":null,"updatedByUserId":null,"updatedByUserName":null,"systemStatusText":null,"userTypes":null,"requirementIds":null,"name":null,"sourceReferenceId":null,"sourceReferenceAppId":null,"lockedByUserId":null,"lockedByUserName":null,"publicArtifact":false,"enableOffline":false,"locked":false,"canUnlock":false,"publishComment":null,"importantPublish":false,"appId":"5f47f6158f0814ff0a917552","type":"dm","parentId":"66956b678f08df157b26ffd5","childId":"5ff496998f08e7114da13621"},
{"id":"66957a238f08df157b2702ee","companyId":null,"createdDate":1721072163806,"updatedDate":1721072163806,"versionId":0,"referenceId":null,"systemStatus":null,"updatedByUserId":null,"updatedByUserName":null,"systemStatusText":null,"userTypes":null,"requirementIds":null,"name":null,"sourceReferenceId":null,"sourceReferenceAppId":null,"lockedByUserId":null,"lockedByUserName":null,"publicArtifact":false,"enableOffline":false,"locked":false,"canUnlock":false,"publishComment":null,"importantPublish":false,"appId":"5f47f6158f0814ff0a917552","type":"llbl","parentId":"66956b678f08df157b26ffd5","childId":"662bdbff8f083a303e9d0d67"},
{"id":"66957a238f08df157b2702ef","companyId":null,"createdDate":1721072163817,"updatedDate":1721072163817,"versionId":0,"referenceId":null,"systemStatus":null,"updatedByUserId":null,"updatedByUserName":null,"systemStatusText":null,"userTypes":null,"requirementIds":null,"name":null,"sourceReferenceId":null,"sourceReferenceAppId":null,"lockedByUserId":null,"lockedByUserName":null,"publicArtifact":false,"enableOffline":false,"locked":false,"canUnlock":false,"publishComment":null,"importantPublish":false,"appId":"5f47f6158f0814ff0a917552","type":"llbl","parentId":"66956b678f08df157b26ffd5","childId":"605d363e8f0800820d2f0ccc"},
{"id":"66957a238f08df157b2702f0","companyId":null,"createdDate":1721072163828,"updatedDate":1721072163828,"versionId":0,"referenceId":null,"systemStatus":null,"updatedByUserId":null,"updatedByUserName":null,"systemStatusText":null,"userTypes":null,"requirementIds":null,"name":null,"sourceReferenceId":null,"sourceReferenceAppId":null,"lockedByUserId":null,"lockedByUserName":null,"publicArtifact":false,"enableOffline":false,"locked":false,"canUnlock":false,"publishComment":null,"importantPublish":false,"appId":"5f47f6158f0814ff0a917552","type":"llbl","parentId":"66956b678f08df157b26ffd5","childId":"605d36bb8f0800820d2f0cde"},
{"id":"66957a238f08df157b2702f1","companyId":null,"createdDate":1721072163839,"updatedDate":1721072163839,"versionId":0,"referenceId":null,"systemStatus":null,"updatedByUserId":null,"updatedByUserName":null,"systemStatusText":null,"userTypes":null,"requirementIds":null,"name":null,"sourceReferenceId":null,"sourceReferenceAppId":null,"lockedByUserId":null,"lockedByUserName":null,"publicArtifact":false,"enableOffline":false,"locked":false,"canUnlock":false,"publishComment":null,"importantPublish":false,"appId":"5f47f6158f0814ff0a917552","type":"llbl","parentId":"66956b678f08df157b26ffd5","childId":"5ff342268f0812e96d3e67fe"},
{"id":"66957a238f08df157b2702f2","companyId":null,"createdDate":1721072163850,"updatedDate":1721072163850,"versionId":0,"referenceId":null,"systemStatus":null,"updatedByUserId":null,"updatedByUserName":null,"systemStatusText":null,"userTypes":null,"requirementIds":null,"name":null,"sourceReferenceId":null,"sourceReferenceAppId":null,"lockedByUserId":null,"lockedByUserName":null,"publicArtifact":false,"enableOffline":false,"locked":false,"canUnlock":false,"publishComment":null,"importantPublish":false,"appId":"5f47f6158f0814ff0a917552","type":"llbl","parentId":"66956b678f08df157b26ffd5","childId":"605d364b8f0800820d2f0cce"},
{"id":"66957a238f08df157b2702f3","companyId":null,"createdDate":1721072163861,"updatedDate":1721072163861,"versionId":0,"referenceId":null,"systemStatus":null,"updatedByUserId":null,"updatedByUserName":null,"systemStatusText":null,"userTypes":null,"requirementIds":null,"name":null,"sourceReferenceId":null,"sourceReferenceAppId":null,"lockedByUserId":null,"lockedByUserName":null,"publicArtifact":false,"enableOffline":false,"locked":false,"canUnlock":false,"publishComment":null,"importantPublish":false,"appId":"5f47f6158f0814ff0a917552","type":"llbl","parentId":"66956b678f08df157b26ffd5","childId":"605d36558f0800820d2f0cd0"},
{"id":"66957a238f08df157b2702f4","companyId":null,"createdDate":1721072163872,"updatedDate":1721072163872,"versionId":0,"referenceId":null,"systemStatus":null,"updatedByUserId":null,"updatedByUserName":null,"systemStatusText":null,"userTypes":null,"requirementIds":null,"name":null,"sourceReferenceId":null,"sourceReferenceAppId":null,"lockedByUserId":null,"lockedByUserName":null,"publicArtifact":false,"enableOffline":false,"locked":false,"canUnlock":false,"publishComment":null,"importantPublish":false,"appId":"5f47f6158f0814ff0a917552","type":"llbl","parentId":"66956b678f08df157b26ffd5","childId":"605d366b8f0800820d2f0cd2"},
{"id":"66957a238f08df157b2702f5","companyId":null,"createdDate":1721072163883,"updatedDate":1721072163883,"versionId":0,"referenceId":null,"systemStatus":null,"updatedByUserId":null,"updatedByUserName":null,"systemStatusText":null,"userTypes":null,"requirementIds":null,"name":null,"sourceReferenceId":null,"sourceReferenceAppId":null,"lockedByUserId":null,"lockedByUserName":null,"publicArtifact":false,"enableOffline":false,"locked":false,"canUnlock":false,"publishComment":null,"importantPublish":false,"appId":"5f47f6158f0814ff0a917552","type":"llbl","parentId":"66956b678f08df157b26ffd5","childId":"605d36798f0800820d2f0cd4"},
{"id":"66957a238f08df157b2702f6","companyId":null,"createdDate":1721072163893,"updatedDate":1721072163893,"versionId":0,"referenceId":null,"systemStatus":null,"updatedByUserId":null,"updatedByUserName":null,"systemStatusText":null,"userTypes":null,"requirementIds":null,"name":null,"sourceReferenceId":null,"sourceReferenceAppId":null,"lockedByUserId":null,"lockedByUserName":null,"publicArtifact":false,"enableOffline":false,"locked":false,"canUnlock":false,"publishComment":null,"importantPublish":false,"appId":"5f47f6158f0814ff0a917552","type":"llbl","parentId":"66956b678f08df157b26ffd5","childId":"5ff342688f0812e96d3e6802"},
{"id":"66957a238f08df157b2702f7","companyId":null,"createdDate":1721072163904,"updatedDate":1721072163904,"versionId":0,"referenceId":null,"systemStatus":null,"updatedByUserId":null,"updatedByUserName":null,"systemStatusText":null,"userTypes":null,"requirementIds":null,"name":null,"sourceReferenceId":null,"sourceReferenceAppId":null,"lockedByUserId":null,"lockedByUserName":null,"publicArtifact":false,"enableOffline":false,"locked":false,"canUnlock":false,"publishComment":null,"importantPublish":false,"appId":"5f47f6158f0814ff0a917552","type":"llbl","parentId":"66956b678f08df157b26ffd5","childId":"6063377a31a2a3213cd24c72"},
{"id":"66957a238f08df157b2702f8","companyId":null,"createdDate":1721072163915,"updatedDate":1721072163915,"versionId":0,"referenceId":null,"systemStatus":null,"updatedByUserId":null,"updatedByUserName":null,"systemStatusText":null,"userTypes":null,"requirementIds":null,"name":null,"sourceReferenceId":null,"sourceReferenceAppId":null,"lockedByUserId":null,"lockedByUserName":null,"publicArtifact":false,"enableOffline":false,"locked":false,"canUnlock":false,"publishComment":null,"importantPublish":false,"appId":"5f47f6158f0814ff0a917552","type":"llbl","parentId":"66956b678f08df157b26ffd5","childId":"605cc4d78f0800820d2f098e"},
{"id":"66957a238f08df157b2702f9","companyId":null,"createdDate":1721072163926,"updatedDate":1721072163926,"versionId":0,"referenceId":null,"systemStatus":null,"updatedByUserId":null,"updatedByUserName":null,"systemStatusText":null,"userTypes":null,"requirementIds":null,"name":null,"sourceReferenceId":null,"sourceReferenceAppId":null,"lockedByUserId":null,"lockedByUserName":null,"publicArtifact":false,"enableOffline":false,"locked":false,"canUnlock":false,"publishComment":null,"importantPublish":false,"appId":"5f47f6158f0814ff0a917552","type":"llbl","parentId":"66956b678f08df157b26ffd5","childId":"605d36858f0800820d2f0cd6"},
{"id":"66957a238f08df157b2702fa","companyId":null,"createdDate":1721072163937,"updatedDate":1721072163937,"versionId":0,"referenceId":null,"systemStatus":null,"updatedByUserId":null,"updatedByUserName":null,"systemStatusText":null,"userTypes":null,"requirementIds":null,"name":null,"sourceReferenceId":null,"sourceReferenceAppId":null,"lockedByUserId":null,"lockedByUserName":null,"publicArtifact":false,"enableOffline":false,"locked":false,"canUnlock":false,"publishComment":null,"importantPublish":false,"appId":"5f47f6158f0814ff0a917552","type":"llbl","parentId":"66956b678f08df157b26ffd5","childId":"611a6d008f0853ac50905a58"},
{"id":"66957a238f08df157b2702fb","companyId":null,"createdDate":1721072163948,"updatedDate":1721072163948,"versionId":0,"referenceId":null,"systemStatus":null,"updatedByUserId":null,"updatedByUserName":null,"systemStatusText":null,"userTypes":null,"requirementIds":null,"name":null,"sourceReferenceId":null,"sourceReferenceAppId":null,"lockedByUserId":null,"lockedByUserName":null,"publicArtifact":false,"enableOffline":false,"locked":false,"canUnlock":false,"publishComment":null,"importantPublish":false,"appId":"5f47f6158f0814ff0a917552","type":"llbl","parentId":"66956b678f08df157b26ffd5","childId":"605d369a8f0800820d2f0cd8"},
{"id":"66957a238f08df157b2702fc","companyId":null,"createdDate":1721072163959,"updatedDate":1721072163959,"versionId":0,"referenceId":null,"systemStatus":null,"updatedByUserId":null,"updatedByUserName":null,"systemStatusText":null,"userTypes":null,"requirementIds":null,"name":null,"sourceReferenceId":null,"sourceReferenceAppId":null,"lockedByUserId":null,"lockedByUserName":null,"publicArtifact":false,"enableOffline":false,"locked":false,"canUnlock":false,"publishComment":null,"importantPublish":false,"appId":"5f47f6158f0814ff0a917552","type":"llbl","parentId":"66956b678f08df157b26ffd5","childId":"605c01198f0800820d2f08a9"},
{"id":"66957a238f08df157b2702fd","companyId":null,"createdDate":1721072163970,"updatedDate":1721072163970,"versionId":0,"referenceId":null,"systemStatus":null,"updatedByUserId":null,"updatedByUserName":null,"systemStatusText":null,"userTypes":null,"requirementIds":null,"name":null,"sourceReferenceId":null,"sourceReferenceAppId":null,"lockedByUserId":null,"lockedByUserName":null,"publicArtifact":false,"enableOffline":false,"locked":false,"canUnlock":false,"publishComment":null,"importantPublish":false,"appId":"5f47f6158f0814ff0a917552","type":"llbl","parentId":"66956b678f08df157b26ffd5","childId":"605d36aa8f0800820d2f0cda"},
{"id":"66957a238f08df157b2702fe","companyId":null,"createdDate":1721072163980,"updatedDate":1721072163980,"versionId":0,"referenceId":null,"systemStatus":null,"updatedByUserId":null,"updatedByUserName":null,"systemStatusText":null,"userTypes":null,"requirementIds":null,"name":null,"sourceReferenceId":null,"sourceReferenceAppId":null,"lockedByUserId":null,"lockedByUserName":null,"publicArtifact":false,"enableOffline":false,"locked":false,"canUnlock":false,"publishComment":null,"importantPublish":false,"appId":"5f47f6158f0814ff0a917552","type":"llbl","parentId":"66956b678f08df157b26ffd5","childId":"605d36b38f0800820d2f0cdc"},
{"id":"6697f4578f08a4e2cc0b6d88","companyId":null,"createdDate":1721234519458,"updatedDate":1721234519458,"versionId":0,"referenceId":null,"systemStatus":null,"updatedByUserId":null,"updatedByUserName":null,"systemStatusText":null,"userTypes":null,"requirementIds":null,"name":null,"sourceReferenceId":null,"sourceReferenceAppId":null,"lockedByUserId":null,"lockedByUserName":null,"publicArtifact":false,"enableOffline":false,"locked":false,"canUnlock":false,"publishComment":null,"importantPublish":false,"appId":"5f47f6158f0814ff0a917552","type":"wf","parentId":"66956b678f08df157b26ffd5","childId":"60089b258f08e7114da142b7"},
{"id":"6697f75f8f08a4e2cc0b6e30","companyId":null,"createdDate":1721235295312,"updatedDate":1721235295312,"versionId":0,"referenceId":null,"systemStatus":null,"updatedByUserId":null,"updatedByUserName":null,"systemStatusText":null,"userTypes":null,"requirementIds":null,"name":null,"sourceReferenceId":null,"sourceReferenceAppId":null,"lockedByUserId":null,"lockedByUserName":null,"publicArtifact":false,"enableOffline":false,"locked":false,"canUnlock":false,"publishComment":null,"importantPublish":false,"appId":"5f47f6158f0814ff0a917552","type":"wf","parentId":"66956b678f08df157b26ffd5","childId":"5f47f79e8f0814ff0a9175b0"}]