[{"id":"63f8e7478f083114c8f5d795","companyId":"5f47ce0c8f0815394ff3bd8a","createdDate":1714581789956,"updatedDate":1714581789956,"versionId":15,"referenceId":null,"systemStatus":"P","updatedByUserId":"5fa999cf8f08eee59b0a70e1","updatedByUserName":"Mark Bonham","systemStatusText":null,"userTypes":null,"requirementIds":null,"name":"User_Student_Overview_Main_CC_Postload","sourceReferenceId":null,"sourceReferenceAppId":null,"lockedByUserId":null,"lockedByUserName":null,"publicArtifact":false,"enableOffline":false,"locked":false,"canUnlock":false,"publishComment":"Show Status","importantPublish":false,"appId":"5f47f6258f0814ff0a91755e","folderId":"","initializer":null,"triggerType":"uiEvent","flow":[],"createdBy":null,"lastModifiedBy":null,"objectsMap":{"1677256521150":{"id":"1677256521150","type":"startObject","value":null,"taskName":"Start","triggerType":"uiEvent","addedToConfig":true,"painted":true,"position":{},"taskNotes":"<p><br></p>"},"16772565211501000":{"id":"16772565211501000","parent":"1677256530144_end","systemExit":true,"type":"return","returnType":"exit","taskName":"Exit","label":"","addedToConfig":false,"painted":false,"position":{}},"1677256530144_end":{"id":"1677256530144_end","decisionId":"1677256530144","position":{},"type":"decisionEnd","painted":false,"addedToConfig":false},"1677256530144_success_start":{"id":"1677256530144_success_start","decisionId":"1677256530144","parent":"1677256530144","position":{},"type":"decisionSucessStart","painted":false,"addedToConfig":false},"1677256530144_failure_start":{"id":"1677256530144_failure_start","decisionId":"1677256530144","parent":"1677256530144","position":{},"type":"decisionFailureStart","painted":false,"addedToConfig":false},"1677256530144_success_end":{"id":"1677256530144_success_end","decisionId":"1677256530144","parent":"1679594098982","position":{},"type":"decisionSucessEnd","painted":false,"addedToConfig":false},"1677256530144_failure_end":{"id":"1677256530144_failure_end","decisionId":"1677256530144","parent":"1714581750110","position":{},"type":"decisionFailureEnd","painted":false,"addedToConfig":false},"1677256530144":{"id":"1677256530144","type":"decision","newMapping":true,"position":{},"condition":null,"serviceName":null,"serviceType":null,"operator":"and","mapping":[{"sourceType":"variable","sourceValue":"lastUsedRole","source":"1677256536830","sourceFieldType":"String","sourceModel":"User","isSourceList":false,"targetType":"constant","targetValue":"Administrator","target":null,"targetFieldType":null,"targetModel":"","isTargetList":null,"comparator":"equals"}],"label":"","parent":"1677256536830","painted":false,"taskNotes":"<p><br></p>","addedToConfig":false},"1677256536830":{"id":"1677256536830","type":"query","position":{},"source":null,"target":null,"mapping":null,"label":"","filterBy":"criteria","searchOption":"one","operator":"and","taskName":"Read CURRENT_USER","parent":"1678231506657","painted":false,"taskNotes":"<p><br></p>","saveType":"global","sourceVariable":"CURRENT_USER","modelName":"User","addedToConfig":false},"1677256573043":{"id":"1677256573043","type":"rrUiComponent","position":{},"label":"","taskName":"Show Administrator List","screenId":["63c6f9468f08ae70b13c2433"],"parent":"1677265613100","painted":false,"customComponent":"","animationImageType":"","taskNotes":"<p><br></p>","actionType":"show","pageTitleType":"constant","rrComponentHierarchy":"1677268307294","rrComponentHierarchyType":"flexlayout","addedToConfig":false},"1677265613100":{"id":"1677265613100","type":"rrUiComponent","position":{},"label":"","taskName":"Hide Student List","screenId":["63c6f9468f08ae70b13c2433"],"parent":"1677256530144_success_start","painted":false,"customComponent":"","animationImageType":"","taskNotes":"<p><br></p>","actionType":"hide","rrComponentHierarchy":"1678906854928","rrComponentHierarchyType":"flexlayout","addedToConfig":false},"1677265647234":{"id":"1677265647234","type":"rrUiComponent","position":{},"label":"","taskName":"Show Save","screenId":["63c6f9468f08ae70b13c2433"],"parent":"1677256573043","painted":false,"customComponent":"","animationImageType":"","taskNotes":"<p><br></p>","actionType":"show","rrComponentHierarchy":"1677258248564","rrComponentHierarchyType":"flexlayout","addedToConfig":false},"1677266121624":{"id":"1677266121624","type":"rrUiComponent","position":{},"label":"","taskName":"Show Student List","screenId":["63c6f9468f08ae70b13c2433"],"parent":"1677256530144_failure_start","painted":false,"customComponent":"","animationImageType":"","taskNotes":"<p><br></p>","actionType":"show","rrComponentHierarchy":"1678906854928","rrComponentHierarchyType":"flexlayout","addedToConfig":false},"1677266126685":{"id":"1677266126685","type":"rrUiComponent","position":{},"label":"","taskName":"Hide Administrator List","screenId":["63c6f9468f08ae70b13c2433"],"parent":"1677266121624","painted":false,"customComponent":"","animationImageType":"","taskNotes":"<p><br></p>","actionType":"hide","pageTitleType":"constant","rrComponentHierarchy":"1677268307294","rrComponentHierarchyType":"flexlayout","addedToConfig":false},"1677266131442":{"id":"1677266131442","type":"rrUiComponent","position":{},"label":"","taskName":"Hide Save","screenId":["63c6f9468f08ae70b13c2433"],"parent":"1677266126685","painted":false,"customComponent":"","animationImageType":"","taskNotes":"<p><br></p>","actionType":"hide","rrComponentHierarchy":"1677258248564","rrComponentHierarchyType":"flexlayout","addedToConfig":false},"1677267417940":{"id":"1677267417940","type":"workflow","position":{},"workflowId":"63e6a4e48f083114c8f5be98","workflowName":"User_Student_Overview_Main_CC_Preload","workflowType":"uiFlow","label":"","taskName":"Main_Preload","parent":"1677256521150","painted":false,"taskNotes":"<p><br></p>","addedToConfig":false},"1678231506657":{"id":"1678231506657","type":"workflow","position":{},"workflowId":"6407b41e8f083114c8f5e723","workflowName":"Student_GPA_Calculation_Main_Preload","workflowType":"uiFlow","label":"","taskName":"GPA_Preload","parent":"1677267417940","painted":false,"taskNotes":"<p><br></p>","addedToConfig":false},"1679594098982":{"id":"1679594098982","type":"rrUiComponent","position":{},"label":"","taskName":"Hide Student Academic Status","screenId":["63c6f9468f08ae70b13c2433"],"parent":"1677265647234","painted":false,"customComponent":"","animationImageType":"","taskNotes":"<p><br></p>","actionType":"hide","rrComponentHierarchy":"1678905868218","rrComponentHierarchyType":"flexlayout","addedToConfig":false},"1679594222725":{"id":"1679594222725","type":"rrUiComponent","position":{},"label":"","taskName":"Hide Adminstrator Academic Status","screenId":["63c6f9468f08ae70b13c2433"],"parent":"1677266131442","painted":false,"customComponent":"","animationImageType":"","taskNotes":"<p><br></p>","actionType":"hide","rrComponentHierarchy":"1678905868216","rrComponentHierarchyType":"flexlayout","addedToConfig":false},"1714581750110":{"id":"1714581750110","type":"rrUiComponent","position":{},"label":"","taskName":"Show Student Academic Status","screenId":["63c6f9468f08ae70b13c2433"],"parent":"1679594222725","painted":false,"customComponent":"","animationImageType":"","taskNotes":"<p><br></p>","actionType":"show","rrComponentHierarchy":"1678905868218","rrComponentHierarchyType":"flexlayout","addedToConfig":false}},"decisionsMap":{"1677256530144":{"success":"1677256530144_success_start","failure":"1677256530144_failure_start","successEnd":"1677256530144_success_end","failureEnd":"1677256530144_failure_end","end":"1677256530144_end","root":true}},"active":false,"scheduler":false,"savedId":null,"workInProgress":false,"uiFLow":true,"startTaskId":"1677256521150","shouldSecure":false,"allowExecutionForAll":false,"testCase":false,"testSuite":false,"sequence":1,"internal":false,"triggeredFromBpm":false,"inputModel":null,"outputModel":null,"appName":null}]