[{"id":"5f4d78738f086f27a2ab1332","companyId":"5f47ce0c8f0815394ff3bd8a","createdDate":1598912627014,"updatedDate":1717769467187,"versionId":0,"referenceId":null,"systemStatus":null,"updatedByUserId":"5f47ce0e8f0815394ff3be1b","updatedByUserName":"Josh Havens","systemStatusText":null,"userTypes":null,"requirementIds":null,"name":"Student","sourceReferenceId":null,"sourceReferenceAppId":null,"lockedByUserId":null,"lockedByUserName":null,"publicArtifact":false,"enableOffline":false,"locked":false,"canUnlock":false,"publishComment":null,"importantPublish":false,"appId":"5f47f6158f0814ff0a917552","userModel":"User","type":0,"modelPermissions":[{"objectType":1,"objectName":null,"modelName":"666314b88f08bdb80fbb62ee","permission":0,"dataAccessControl":null},{"objectType":1,"objectName":"API_Activity_Get","modelName":"5f47f79e8f0814ff0a9175aa","permission":0,"dataAccessControl":null},{"objectType":1,"objectName":"API_Assessment_Get","modelName":"5f47f79e8f0814ff0a917589","permission":0,"dataAccessControl":null},{"objectType":1,"objectName":"API_Assessment_Grade","modelName":"5f47f79e8f0814ff0a91758c","permission":0,"dataAccessControl":null},{"objectType":1,"objectName":"API_Branch_Get_Category","modelName":"60ba544f8f086700a0a8c1a3","permission":0,"dataAccessControl":null},{"objectType":1,"objectName":"API_CourseContent_Get_Activities","modelName":"603014568f08ee97f321080f","permission":0,"dataAccessControl":null},{"objectType":1,"objectName":"API_CourseContent_Get_Builder","modelName":"603ec2d08f0861d715fd30a9","permission":0,"dataAccessControl":null},{"objectType":1,"objectName":"API_CourseContent_Get_Objective","modelName":"603ec2618f0861d715fd3056","permission":0,"dataAccessControl":null},{"objectType":1,"objectName":"API_CourseContent_Get_Viewer","modelName":"603ec3058f0861d715fd30e0","permission":0,"dataAccessControl":null},{"objectType":1,"objectName":"API_CourseContent_Search","modelName":"602c30288f08ee97f320fab1","permission":0,"dataAccessControl":null},{"objectType":1,"objectName":"API_Course_Get","modelName":"5f47f79e8f0814ff0a9175b8","permission":0,"dataAccessControl":null},{"objectType":1,"objectName":"API_Course_Get_Courses","modelName":"61f9601a8f08813392861806","permission":0,"dataAccessControl":null},{"objectType":1,"objectName":"API_Course_Search","modelName":"5fc804828f0812e96d3e3b22","permission":0,"dataAccessControl":null},{"objectType":1,"objectName":"API_Discussion_Add","modelName":"60185f128f08e7114da15eab","permission":0,"dataAccessControl":null},{"objectType":1,"objectName":"API_Discussion_Add","modelName":"60185f128f08e7114da15eab","permission":0,"dataAccessControl":null},{"objectType":1,"objectName":"API_Discussion_Add_DirectMessage","modelName":"6234d0828f08d0c053101d60","permission":0,"dataAccessControl":null},{"objectType":1,"objectName":"API_Discussion_Add_DirectMessageReply","modelName":"623b6a5e8f08d0c05310233e","permission":0,"dataAccessControl":null},{"objectType":1,"objectName":"API_Discussion_Delete","modelName":"601863dd8f08e7114da15ee5","permission":0,"dataAccessControl":null},{"objectType":1,"objectName":"API_Discussion_Delete","modelName":"601863dd8f08e7114da15ee5","permission":0,"dataAccessControl":null},{"objectType":1,"objectName":"API_Discussion_Edit","modelName":"601863d08f08e7114da15ee3","permission":0,"dataAccessControl":null},{"objectType":1,"objectName":"API_Discussion_Edit","modelName":"601863d08f08e7114da15ee3","permission":0,"dataAccessControl":null},{"objectType":1,"objectName":"API_Discussion_Get","modelName":"6018616e8f08e7114da15eb8","permission":0,"dataAccessControl":null},{"objectType":1,"objectName":"API_Discussion_Get","modelName":"6018616e8f08e7114da15eb8","permission":0,"dataAccessControl":null},{"objectType":1,"objectName":"API_Discussion_Search","modelName":"60ba48668f086700a0a8c077","permission":0,"dataAccessControl":null},{"objectType":1,"objectName":"API_Discussion_Search_Users","modelName":"6234b0af8f08d0c053101b4a","permission":0,"dataAccessControl":null},{"objectType":1,"objectName":"API_Menu_Get","modelName":"60089b258f08e7114da142b7","permission":0,"dataAccessControl":null},{"objectType":1,"objectName":"API_Notification_Add_Device","modelName":"62224d538f088793d28afb8c","permission":0,"dataAccessControl":null},{"objectType":1,"objectName":"API_Notification_Get_Device","modelName":"62224fe98f088793d28afbc3","permission":0,"dataAccessControl":null},{"objectType":1,"objectName":"API_Notification_Send_Notification","modelName":"62222c868f088793d28af905","permission":0,"dataAccessControl":null},{"objectType":1,"objectName":"API_Store_Add_DiscountCodeTracking","modelName":"64adba7a8f084726da57627e","permission":0,"dataAccessControl":null},{"objectType":1,"objectName":"API_Store_Edit","modelName":"5f971c8d8f08eee59b0a49fa","permission":0,"dataAccessControl":null},{"objectType":1,"objectName":"API_Store_Edit_ApplyDiscount","modelName":"64511ff18f08df7abb7fdfe6","permission":0,"dataAccessControl":null},{"objectType":1,"objectName":"API_Store_Edit_RemoveDiscount","modelName":"6452ae738f08df7abb7fed27","permission":0,"dataAccessControl":null},{"objectType":1,"objectName":"API_Store_Get","modelName":"5f971b758f08eee59b0a49d8","permission":0,"dataAccessControl":null},{"objectType":1,"objectName":"API_Store_Get_Discount_Code_Eligibility","modelName":"643ebedc8f08777103168867","permission":0,"dataAccessControl":null},{"objectType":1,"objectName":"API_Store_Get_MarketplaceProducts","modelName":"636be9008f08128776b10ae6","permission":0,"dataAccessControl":null},{"objectType":1,"objectName":"API_Store_Get_Shipping_Price","modelName":"64e666888f0848f04362380f","permission":0,"dataAccessControl":null},{"objectType":1,"objectName":"API_Store_Submit_PaymentTransaction","modelName":"60ee3ecf8f08542a275eaf14","permission":0,"dataAccessControl":null},{"objectType":1,"objectName":"API_Student_Add","modelName":"5f6a20c08f082b9cdc659a8b","permission":0,"dataAccessControl":null},{"objectType":1,"objectName":"API_Student_Add_CourseAccessEvent","modelName":"6054ecce8f0800820d2efa7d","permission":0,"dataAccessControl":null},{"objectType":1,"objectName":"API_Student_Add_History","modelName":"6329e69e8f0833b5059f51ea","permission":0,"dataAccessControl":null},{"objectType":1,"objectName":"API_Student_Calculate_ActivityProgress","modelName":"60c775db8f086700a0a8e90e","permission":0,"dataAccessControl":null},{"objectType":1,"objectName":"API_Student_Calculate_CourseGrade","modelName":"60c764228f086700a0a8e754","permission":0,"dataAccessControl":null},{"objectType":1,"objectName":"API_Student_Calculate_Course_Progress_Graph","modelName":"603007518f08ee97f321064c","permission":0,"dataAccessControl":null},{"objectType":1,"objectName":"API_Student_Calculate_ProgramProgress","modelName":"6272a3878f08bf10ebb6f25d","permission":0,"dataAccessControl":null},{"objectType":1,"objectName":"API_Student_Calculate_ProgramProgress_Chris","modelName":"6303ec3f8f08950c8c1a453a","permission":0,"dataAccessControl":null},{"objectType":1,"objectName":"API_Student_Delete_Enrollment","modelName":"60f1e1438f0820d8ee8cf528","permission":0,"dataAccessControl":null},{"objectType":1,"objectName":"API_Student_Get_AssessmentTaken","modelName":"603fd7fe8f0861d715fd3aff","permission":0,"dataAccessControl":null},{"objectType":1,"objectName":"API_Student_Get_CourseActivity","modelName":"60490cfd8f0861d715fd4732","permission":0,"dataAccessControl":null},{"objectType":1,"objectName":"API_Student_Get_CourseProgress","modelName":"6410d28b8f08626672a7a828","permission":0,"dataAccessControl":null},{"objectType":1,"objectName":"API_Student_Get_Courses","modelName":"6410d20d8f08626672a7a7ce","permission":0,"dataAccessControl":null},{"objectType":1,"objectName":"API_Student_Get_CourseSearch","modelName":"603950758f0861d715fd233d","permission":0,"dataAccessControl":null},{"objectType":1,"objectName":"API_Student_Get_CurrentProgram","modelName":"6410d3478f08626672a7a88e","permission":0,"dataAccessControl":null},{"objectType":1,"objectName":"API_Student_Get_CustomFields","modelName":"63f639d48f083114c8f5d620","permission":0,"dataAccessControl":null},{"objectType":1,"objectName":"API_Student_Get_GPA_2","modelName":"64c13ca18f083175ea83158f","permission":0,"dataAccessControl":null},{"objectType":1,"objectName":"API_Student_Get_GPA_Groupings","modelName":"64e4de648f0848f0436236d4","permission":0,"dataAccessControl":null},{"objectType":1,"objectName":"API_Student_Get_History","modelName":"6329e6ba8f0833b5059f51f2","permission":0,"dataAccessControl":null},{"objectType":1,"objectName":"API_Student_Get_LatestCourse","modelName":"6410d0bc8f08626672a7a77a","permission":0,"dataAccessControl":null},{"objectType":1,"objectName":"API_Student_Get_NextContent","modelName":"5f47f79e8f0814ff0a917592","permission":0,"dataAccessControl":null},{"objectType":1,"objectName":"API_Student_Get_ProgramProgress","modelName":"62ffbb858f08be2a050a835a","permission":0,"dataAccessControl":null},{"objectType":1,"objectName":"API_Student_Get_Programs","modelName":"6266dcdd8f08bf10ebb6dec3","permission":0,"dataAccessControl":null},{"objectType":1,"objectName":"API_Student_Withdraw_Enrollment","modelName":"60f5c8848f0820d8ee8cfd03","permission":0,"dataAccessControl":null},{"objectType":1,"objectName":"API_User_Add_ClickLog","modelName":"63923f718f08ae70b13c145d","permission":0,"dataAccessControl":null},{"objectType":1,"objectName":"API_User_Add_PaymentProfile","modelName":"60ee4b228f08542a275eb06d","permission":0,"dataAccessControl":null},{"objectType":1,"objectName":"API_User_Add_PaymentTransaction","modelName":"60ec67098f08542a275ea2ce","permission":0,"dataAccessControl":null},{"objectType":1,"objectName":"API_User_Add_TransactionItem","modelName":"60eca83e8f08542a275ea476","permission":0,"dataAccessControl":null},{"objectType":1,"objectName":"API_User_Add_TransactionItemRefund","modelName":"60f1da728f0820d8ee8cf463","permission":0,"dataAccessControl":null},{"objectType":1,"objectName":"API_User_Add_TransactionItemRefund","modelName":"60f1da728f0820d8ee8cf463","permission":0,"dataAccessControl":null},{"objectType":1,"objectName":"API_User_Delete_PaymentProfile","modelName":"6372b1698f08128776b11fc8","permission":0,"dataAccessControl":null},{"objectType":1,"objectName":"API_User_Delete_TransactionItem","modelName":"60ee41228f08542a275eaf4b","permission":0,"dataAccessControl":null},{"objectType":1,"objectName":"API_User_Edit","modelName":"5f47f79e8f0814ff0a917595","permission":0,"dataAccessControl":null},{"objectType":1,"objectName":"API_User_Edit_Notification","modelName":"62277c078f088793d28affe6","permission":0,"dataAccessControl":null},{"objectType":1,"objectName":"API_User_Edit_Notification_List","modelName":"624605bb8f0870537c81e6b4","permission":0,"dataAccessControl":null},{"objectType":1,"objectName":"API_User_Edit_PaymentProfile","modelName":"60ef37ae8f088be0183a1d9f","permission":0,"dataAccessControl":null},{"objectType":1,"objectName":"API_User_Edit_TransactionItemFile","modelName":"6536cacd8f089858b73db15a","permission":0,"dataAccessControl":null},{"objectType":1,"objectName":"API_User_Get_Notifications","modelName":"62222c378f088793d28af901","permission":0,"dataAccessControl":null},{"objectType":1,"objectName":"API_User_Get_NotificationsPast","modelName":"624744e28f0870537c81e9c2","permission":0,"dataAccessControl":null},{"objectType":1,"objectName":"API_User_Get_OpenPaymentTransaction","modelName":"60ec59618f08542a275ea1e0","permission":0,"dataAccessControl":null},{"objectType":1,"objectName":"API_User_Get_PaymentProfile","modelName":"60edfb668f08542a275ead2e","permission":0,"dataAccessControl":null},{"objectType":1,"objectName":"API_User_Get_PaymentTransactionItems","modelName":"60a454078f08d153154dd333","permission":0,"dataAccessControl":null},{"objectType":1,"objectName":"API_User_Get_PaymentTransactionPaymentUsed","modelName":"620d34288f08a258d7b88ba3","permission":0,"dataAccessControl":null},{"objectType":1,"objectName":"API_User_Get_PaymentTransactions","modelName":"60a453388f08d153154dd328","permission":0,"dataAccessControl":null},{"objectType":1,"objectName":"API_User_Get_Preferences","modelName":"622270548f088793d28afd77","permission":0,"dataAccessControl":null},{"objectType":1,"objectName":"API_User_Get_Roles","modelName":"60e8a4908f08542a275e9dc1","permission":0,"dataAccessControl":null},{"objectType":1,"objectName":"API_User_Get_ShoppingCart","modelName":"60e8a5ca8f08542a275e9e41","permission":0,"dataAccessControl":null},{"objectType":1,"objectName":"API_User_Get_User","modelName":"60e8a4668f08542a275e9da0","permission":0,"dataAccessControl":null},{"objectType":1,"objectName":"API_User_Get_UserTags","modelName":"626c142f8f08bf10ebb6e9ab","permission":0,"dataAccessControl":null},{"objectType":1,"objectName":"API_User_Merge_Carts","modelName":"60f237488f0820d8ee8cf707","permission":0,"dataAccessControl":null},{"objectType":1,"objectName":"GPA_Calc_Email","modelName":"65284cf48f089858b73da078","permission":0,"dataAccessControl":null}]}]