[{"id":"5f638a638f082b9cdc659411","companyId":"5f47ce0c8f0815394ff3bd8a","createdDate":1717769442311,"updatedDate":1717769442311,"versionId":43,"referenceId":null,"systemStatus":"P","updatedByUserId":"5f47ce0e8f0815394ff3be1b","updatedByUserName":"Josh Havens","systemStatusText":null,"userTypes":null,"requirementIds":null,"name":"API_Student_Edit","sourceReferenceId":null,"sourceReferenceAppId":null,"lockedByUserId":null,"lockedByUserName":null,"publicArtifact":false,"enableOffline":false,"locked":false,"canUnlock":false,"publishComment":" ","importantPublish":false,"appId":"5f47f6158f0814ff0a917552","folderId":"","initializer":null,"triggerType":"workflow","flow":[],"createdBy":null,"lastModifiedBy":null,"objectsMap":{"1600359011211":{"id":"1600359011211","type":"startObject","value":null,"taskName":"Start","triggerType":"workflow","addedToConfig":true,"painted":true,"position":{},"taskNotes":"<p><br></p>","modelName":"API_StudentRequest","desc":"API_StudentRequest"},"16003590112111000":{"id":"16003590112111000","parent":"1600359038282switchEnd","systemExit":true,"type":"return","returnType":"return","taskName":"Exit","label":"","addedToConfig":false,"painted":false,"position":{},"taskNotes":"<p><br></p>","urlType":"constant","desc":"Return","outputTask":"1600359015083"},"1600359015083":{"id":"1600359015083","type":"createDataObject","position":{},"condition":"API_MainResponse","mapping":[{"name":"status","valueType":"constant","value":"SUCCESS","fieldType":"String","list":false,"rr_dynamic_field_name_type":"","fromModel":""}],"label":"","taskName":"API_MainResponse","parent":"1600359011211","painted":false,"taskNotes":"<p><br></p>","addedToConfig":false},"1600359038282switchEnd":{"id":"1600359038282switchEnd","switchId":"1600359038282","parent":"1714053127174caseEnd","position":{},"type":"switchEnd","taskName":"Switch End","painted":false,"addedToConfig":false},"1600359038282":{"id":"1600359038282","type":"wfSwitch","position":{},"label":"","expressionType":"variable","taskName":"Switch","parent":"1600359015083","painted":false,"taskNotes":"<p><br></p>","inputTask":"rr_page_data","inputValue":"actionType","addedToConfig":false},"1600359056123caseEnd":{"id":"1600359056123caseEnd","caseId":"1600359056123","switchId":"1600359038282","parent":"1715192761199","position":{},"type":"caseEnd","taskName":"Break","painted":false,"addedToConfig":false,"taskNotes":"<p><br></p>"},"1600359056123":{"id":"1600359056123","switchId":"1600359038282","type":"wfCase","position":{},"label":"","operator":"equals","taskName":"COURSE_PROGRESS_STUDENT","parent":"1600359038282","painted":false,"taskNotes":"<p><br></p>","caseValue":"COURSE_PROGRESS_STUDENT","addedToConfig":false},"1662733092835caseEnd":{"id":"1662733092835caseEnd","caseId":"1662733092835","switchId":"1600359038282","parent":"1662733185950","position":{},"type":"caseEnd","taskName":"Break","painted":false,"addedToConfig":false,"taskNotes":"<p><br></p>"},"1662733092835":{"id":"1662733092835","switchId":"1600359038282","type":"wfCase","position":{},"label":"","operator":"equals","taskName":"PROGRAM_PROGRESS","parent":"1717769319268caseEnd","painted":false,"taskNotes":"<p><br></p>","caseValue":"PROGRAM_PROGRESS","addedToConfig":false},"1662733113039":{"id":"1662733113039","type":"workflow","position":{},"workflowId":"631b48408f08950c8c1a57a0","workflowName":"API_Student_Edit_ProgramProgress","workflowType":"serverFlow","label":"","taskName":"API_Student_Edit_ProgramProgress","parent":"1662733092835","painted":false,"callType":"sync","taskNotes":"<p><br></p>","addedToConfig":false,"inputTask":"rr_page_data","inputValue":null,"outputDataModel":"API_MainResponse"},"1662733185950":{"id":"1662733185950","type":"dataTransfer","position":{},"source":"mddui_page_input_data","sourceType":"page","sourceVariable":"rr_page_data","targetType":"page","target":"1600359015083","targetVariable":null,"resultVariable":null,"mapping":[{"name":"rr_this_object","valueType":"variable","value":"rr_this_object","fieldType":null,"list":null,"rr_dynamic_field_name_type":"","fromModel":"API_MainResponse","source":"1662733113039"}],"label":"","taskName":"Update Model in Memory","parent":"1662733113039","painted":false,"taskNotes":"<p><br></p>","condition":"API_MainResponse","addedToConfig":false},"1666109292402caseEnd":{"id":"1666109292402caseEnd","caseId":"1666109292402","switchId":"1600359038282","parent":"1666109318306","position":{},"type":"caseEnd","taskName":"Break","painted":false,"addedToConfig":false},"1666109292402":{"id":"1666109292402","switchId":"1600359038282","type":"wfCase","position":{},"label":"","operator":"equals","taskName":"HISTORY","parent":"1668187865753caseEnd","painted":false,"taskNotes":"<p><br></p>","caseValue":"HISTORY","addedToConfig":false},"1666109313985":{"id":"1666109313985","type":"workflow","position":{},"workflowId":"6349bf3e8f0854ad71c01600","workflowName":"API_Student_Edit_History","workflowType":"serverFlow","label":"","taskName":"API_Student_Edit_History","parent":"1666109292402","painted":false,"callType":"sync","taskNotes":"<p><br></p>","inputTask":"rr_page_data","inputValue":null,"outputDataModel":"API_MainResponse","addedToConfig":false},"1666109318306":{"id":"1666109318306","type":"dataTransfer","position":{},"source":"mddui_page_input_data","sourceType":"page","sourceVariable":"rr_page_data","targetType":"page","target":"1600359015083","targetVariable":null,"resultVariable":null,"mapping":[{"name":"rr_this_object","valueType":"variable","value":"rr_this_object","fieldType":null,"list":null,"rr_dynamic_field_name_type":"","fromModel":"API_MainResponse","source":"1666109313985"}],"label":"","taskName":"Update Model in Memory","parent":"1666109313985","painted":false,"taskNotes":"<p><br></p>","condition":"API_MainResponse","addedToConfig":false},"1666135779008caseEnd":{"id":"1666135779008caseEnd","caseId":"1666135779008","switchId":"1600359038282","parent":"1666135805894","position":{},"type":"caseEnd","taskName":"Break","painted":false,"addedToConfig":false,"taskNotes":"<p><br></p>"},"1666135779008":{"id":"1666135779008","switchId":"1600359038282","type":"wfCase","position":{},"label":"","operator":"equals","taskName":"HISTORY_COURSE","parent":"1666109292402caseEnd","painted":false,"taskNotes":"<p><br></p>","caseValue":"HISTORY_COURSE","addedToConfig":false},"1666135802526":{"id":"1666135802526","type":"workflow","position":{},"workflowId":"634f337d8f0854ad71c0220b","workflowName":"API_Student_Edit_History_Course","workflowType":"serverFlow","label":"","taskName":"API_Student_Edit_History_Course","parent":"1666135779008","painted":false,"callType":"sync","taskNotes":"<p><br></p>","addedToConfig":false,"inputTask":"rr_page_data","inputValue":null,"outputDataModel":"API_MainResponse"},"1666135805894":{"id":"1666135805894","type":"dataTransfer","position":{},"source":"mddui_page_input_data","sourceType":"page","sourceVariable":"rr_page_data","targetType":"page","target":"1600359015083","targetVariable":null,"resultVariable":null,"mapping":[{"name":"rr_this_object","valueType":"variable","value":"rr_this_object","fieldType":null,"list":null,"rr_dynamic_field_name_type":"","fromModel":"API_MainResponse","source":"1666135802526"}],"label":"","taskName":"Update Model in Memory","parent":"1666135802526","painted":false,"addedToConfig":false,"taskNotes":"<p><br></p>","condition":"API_MainResponse"},"1668187865753caseEnd":{"id":"1668187865753caseEnd","caseId":"1668187865753","switchId":"1600359038282","parent":"1668187891519","position":{},"type":"caseEnd","taskName":"Break","painted":false,"addedToConfig":false},"1668187865753":{"id":"1668187865753","switchId":"1600359038282","type":"wfCase","position":{},"label":"","operator":"equals","taskName":"PROGRAM_PROGRESS_PUBLISH","parent":"1696966678115caseEnd","painted":false,"taskNotes":"<p><br></p>","caseValue":"PROGRAM_PROGRESS_PUBLISH","addedToConfig":false},"1668187885786":{"id":"1668187885786","type":"workflow","position":{},"workflowId":"636e872b8f08128776b11749","workflowName":"API_Student_Edit_ProgramProgress_Publish","workflowType":"serverFlow","label":"","taskName":"API_Student_Edit_ProgramProgress_Publish","parent":"1668187865753","painted":false,"callType":"sync","addedToConfig":false,"taskNotes":"<p><br></p>","inputTask":"rr_page_data","inputValue":null,"outputDataModel":"API_MainResponse"},"1668187891519":{"id":"1668187891519","type":"dataTransfer","position":{},"source":"mddui_page_input_data","sourceType":"page","sourceVariable":"rr_page_data","targetType":"page","target":"1600359015083","targetVariable":null,"resultVariable":null,"mapping":[{"name":"rr_this_object","valueType":"variable","value":"rr_this_object","fieldType":null,"list":null,"rr_dynamic_field_name_type":"","fromModel":"API_MainResponse","source":"1668187885786"}],"label":"","taskName":"Update Model in Memory","parent":"1668187885786","painted":false,"addedToConfig":false,"taskNotes":"<p><br></p>","condition":"API_MainResponse"},"1677254637476":{"id":"1677254637476","switchId":"1600359038282","type":"wfCase","position":{},"label":"","operator":"equals","taskName":"CUSTOM_FIELDS","parent":"1666135779008caseEnd","painted":false,"taskNotes":"<p><br></p>","caseValue":"CUSTOM_FIELDS","addedToConfig":false},"1677254637476caseEnd":{"id":"1677254637476caseEnd","caseId":"1677254637476","switchId":"1600359038282","parent":"1677254637479","position":{},"type":"caseEnd","taskName":"Break","painted":false,"addedToConfig":false,"taskNotes":"<p><br></p>"},"1677254637478":{"id":"1677254637478","type":"workflow","position":{},"workflowId":"63f8dd668f083114c8f5d778","workflowName":"API_Student_Edit_CustomFields","workflowType":"serverFlow","label":"","taskName":"API_Student_Edit_CustomFields","parent":"1677254637476","painted":false,"callType":"sync","taskNotes":"<p><br></p>","addedToConfig":false,"inputTask":"rr_page_data","inputValue":null,"outputDataModel":"API_MainResponse"},"1677254637479":{"id":"1677254637479","type":"dataTransfer","position":{},"source":"mddui_page_input_data","sourceType":"page","sourceVariable":"rr_page_data","targetType":"page","target":"1600359015083","targetVariable":null,"resultVariable":null,"mapping":[{"name":"rr_this_object","valueType":"variable","value":"rr_this_object","fieldType":null,"list":null,"rr_dynamic_field_name_type":"","fromModel":"API_MainResponse","source":"1677254637478"}],"label":"","taskName":"Update Model in Memory","parent":"1677254637478","painted":false,"addedToConfig":false,"taskNotes":"<p><br></p>","condition":"API_MainResponse"},"1690907125188":{"id":"1690907125188","switchId":"1600359038282","type":"wfCase","position":{},"label":"","operator":"equals","taskName":"ASSESSMENT_TAKEN","parent":"1677254637476caseEnd","painted":false,"taskNotes":"<p><br></p>","caseValue":"ASSESSMENT_TAKEN","addedToConfig":false},"1690907125188caseEnd":{"id":"1690907125188caseEnd","caseId":"1690907125188","switchId":"1600359038282","parent":"1690907125191","position":{},"type":"caseEnd","taskName":"Break","painted":false,"addedToConfig":false,"taskNotes":"<p><br></p>"},"1690907125189":{"id":"1690907125189","type":"workflow","position":{},"workflowId":"64c92fae8f083175ea832426","workflowName":"API_Student_Edit_AssessmentTaken","workflowType":"serverFlow","label":"","taskName":"API_Student_Edit_AssessmentTaken","parent":"1690907125188","painted":false,"callType":"sync","taskNotes":"<p><br></p>","addedToConfig":false,"inputTask":"rr_page_data","inputValue":null,"outputDataModel":"API_MainResponse"},"1690907125191":{"id":"1690907125191","type":"dataTransfer","position":{},"source":"mddui_page_input_data","sourceType":"page","sourceVariable":"rr_page_data","targetType":"page","target":"1600359015083","targetVariable":null,"resultVariable":null,"mapping":[{"name":"rr_this_object","valueType":"variable","value":"rr_this_object","fieldType":null,"list":null,"rr_dynamic_field_name_type":"","fromModel":"API_MainResponse","source":"1690907125189"}],"label":"","taskName":"Update Model in Memory","parent":"1690907125189","painted":false,"addedToConfig":false,"taskNotes":"<p><br></p>","condition":"API_MainResponse"},"1696966678115":{"id":"1696966678115","switchId":"1600359038282","type":"wfCase","position":{},"label":"","operator":"equals","taskName":"STUDENT_PROGRAM_STATUS","parent":"1662733092835caseEnd","painted":false,"taskNotes":"<p><br></p>","caseValue":"STUDENT_PROGRAM_STATUS","addedToConfig":false},"1696966678115caseEnd":{"id":"1696966678115caseEnd","caseId":"1696966678115","switchId":"1600359038282","parent":"1696966678118","position":{},"type":"caseEnd","taskName":"Break","painted":false,"addedToConfig":false,"taskNotes":"<p><br></p>"},"1696966678116":{"id":"1696966678116","type":"workflow","position":{},"workflowId":"6524653a8f089858b73d9d09","workflowName":"API_Student_Edit_ProgramEnrollment","workflowType":"serverFlow","label":"","taskName":"API_Student_Edit_ProgramEnrollment","parent":"1696966678115","painted":false,"callType":"sync","taskNotes":"<p><br></p>","addedToConfig":false,"inputTask":"rr_page_data","inputValue":null,"outputDataModel":"API_MainResponse"},"1696966678118":{"id":"1696966678118","type":"dataTransfer","position":{},"source":"mddui_page_input_data","sourceType":"page","sourceVariable":"rr_page_data","targetType":"page","target":"1600359015083","targetVariable":null,"resultVariable":null,"mapping":[{"name":"rr_this_object","valueType":"variable","value":"rr_this_object","fieldType":null,"list":null,"rr_dynamic_field_name_type":"","fromModel":"API_MainResponse","source":"1696966678116"}],"label":"","taskName":"Update Model in Memory","parent":"1696966678116","painted":false,"taskNotes":"<p><br></p>","condition":"API_MainResponse","addedToConfig":false},"1714053127174caseEnd":{"id":"1714053127174caseEnd","caseId":"1714053127174","switchId":"1600359038282","parent":"1714053271184","position":{},"type":"caseEnd","taskName":"Break","painted":false,"addedToConfig":false},"1714053127174":{"id":"1714053127174","switchId":"1600359038282","type":"wfCase","position":{},"label":"","operator":"equals","taskName":"COURSE_ENROLLMENT","parent":"1690907125188caseEnd","painted":false,"taskNotes":"<p><br></p>","caseValue":"COURSE_ENROLLMENT","addedToConfig":false},"1714053157998":{"id":"1714053157998","type":"workflow","position":{},"workflowId":"662a5da38f083a303e9d0ab9","workflowName":"API_Student_Edit_CourseEnrollment","workflowType":"serverFlow","label":"","taskName":"API_Student_Edit_CourseEnrollment","parent":"1714053127174","painted":false,"callType":"sync","taskNotes":"<p><br></p>","addedToConfig":false,"inputTask":"rr_page_data","inputValue":null,"outputDataModel":"API_MainResponse"},"1714053271184":{"id":"1714053271184","type":"dataTransfer","position":{},"source":"mddui_page_input_data","sourceType":"page","sourceVariable":"rr_page_data","targetType":"page","target":"1600359015083","targetVariable":null,"resultVariable":null,"mapping":[{"name":"rr_this_object","valueType":"variable","value":"rr_this_object","fieldType":null,"list":null,"rr_dynamic_field_name_type":"","fromModel":"API_MainResponse","source":"1714053157998"}],"label":"","taskName":"Update Model in Memory","parent":"1714053157998","painted":false,"taskNotes":"<p><br></p>","condition":"API_MainResponse","addedToConfig":false},"1715192755287":{"id":"1715192755287","type":"workflow","position":{},"workflowId":"666314b88f08bdb80fbb62ee","workflowName":"API_Student_Edit_CourseProgress_Student","workflowType":"serverFlow","label":"","taskName":"API_Student_Edit_CourseProgress","parent":"1600359056123","painted":false,"callType":"sync","taskNotes":"<p><br></p>","inputTask":"rr_page_data","inputValue":null,"outputDataModel":"API_MainResponse","addedToConfig":false},"1715192761199":{"id":"1715192761199","type":"dataTransfer","position":{},"source":"mddui_page_input_data","sourceType":"page","sourceVariable":"rr_page_data","targetType":"page","target":"1600359015083","targetVariable":null,"resultVariable":null,"mapping":[{"name":"rr_this_object","valueType":"variable","value":"rr_this_object","fieldType":null,"list":null,"rr_dynamic_field_name_type":"","fromModel":"API_MainResponse","source":"1715192755287"}],"label":"","taskName":"Update Model in Memory","parent":"1715192755287","painted":false,"taskNotes":"<p><br></p>","condition":"API_MainResponse","addedToConfig":false},"1717769319268":{"id":"1717769319268","switchId":"1600359038282","type":"wfCase","position":{},"label":"","operator":"equals","taskName":"COURSE_PROGRESS","parent":"1600359056123caseEnd","painted":false,"taskNotes":"<p><br></p>","caseValue":"COURSE_PROGRESS","addedToConfig":false},"1717769319268caseEnd":{"id":"1717769319268caseEnd","caseId":"1717769319268","switchId":"1600359038282","parent":"1717769319270","position":{},"type":"caseEnd","taskName":"Break","painted":false,"addedToConfig":false,"taskNotes":"<p><br></p>"},"1717769319269":{"id":"1717769319269","type":"workflow","position":{},"workflowId":"663bbf438f08c2c112f5352a","workflowName":"API_Student_Edit_CourseProgress","workflowType":"serverFlow","label":"","taskName":"API_Student_Edit_CourseProgress","parent":"1717769319268","painted":false,"callType":"sync","taskNotes":"<p><br></p>","inputTask":"rr_page_data","inputValue":null,"outputDataModel":"API_MainResponse","addedToConfig":false},"1717769319270":{"id":"1717769319270","type":"dataTransfer","position":{},"source":"mddui_page_input_data","sourceType":"page","sourceVariable":"rr_page_data","targetType":"page","target":"1600359015083","targetVariable":null,"resultVariable":null,"mapping":[{"name":"rr_this_object","valueType":"variable","value":"rr_this_object","fieldType":null,"list":null,"rr_dynamic_field_name_type":"","fromModel":"API_MainResponse","source":"1717769319269"}],"label":"","taskName":"Update Model in Memory","parent":"1717769319269","painted":false,"taskNotes":"<p><br></p>","condition":"API_MainResponse","addedToConfig":false}},"decisionsMap":{},"active":false,"scheduler":false,"savedId":null,"workInProgress":false,"uiFLow":false,"startTaskId":"1600359011211","shouldSecure":false,"allowExecutionForAll":false,"testCase":false,"testSuite":false,"sequence":1,"internal":false,"triggeredFromBpm":false,"inputModel":"API_StudentRequest","outputModel":null,"appName":null},
{"id":"666314b88f08bdb80fbb62ee","companyId":"5f47ce0c8f0815394ff3bd8a","createdDate":1717769422328,"updatedDate":1717769422328,"versionId":0,"referenceId":null,"systemStatus":"P","updatedByUserId":"5f47ce0e8f0815394ff3be1b","updatedByUserName":"Josh Havens","systemStatusText":null,"userTypes":null,"requirementIds":null,"name":"API_Student_Edit_CourseProgress_Student","sourceReferenceId":null,"sourceReferenceAppId":null,"lockedByUserId":null,"lockedByUserName":null,"publicArtifact":false,"enableOffline":false,"locked":false,"canUnlock":false,"publishComment":" ","importantPublish":false,"appId":"5f47f6158f0814ff0a917552","folderId":"","initializer":null,"triggerType":"workflow","flow":[],"createdBy":null,"lastModifiedBy":null,"objectsMap":{"1715191619864":{"id":"1715191619864","type":"startObject","value":null,"taskName":"Start","triggerType":"workflow","addedToConfig":true,"painted":true,"position":{},"taskNotes":"<p><br></p>","modelName":"API_StudentRequest","desc":"API_StudentRequest","output":"API_MainResponse"},"17151916198641000":{"id":"17151916198641000","parent":"1715191802393","systemExit":true,"type":"return","returnType":"return","taskName":"Exit","label":"","addedToConfig":false,"painted":false,"position":{},"taskNotes":"<p><br></p>","desc":"Return","outputTask":"1715191641869"},"1715191641869":{"id":"1715191641869","type":"createDataObject","position":{},"condition":"API_MainResponse","mapping":[{"name":"status","valueType":"constant","value":"SUCCESS - API_Student_Edit_CourseProgress","fieldType":"String","list":false,"rr_dynamic_field_name_type":"","fromModel":""}],"label":"","taskName":"API_MainResponse","parent":"1715191619864","painted":false,"taskNotes":"<p><br></p>","addedToConfig":false},"1715191704647":{"id":"1715191704647","type":"createDataObject","position":{},"condition":"Student_CourseProgress","mapping":[{"name":"rr_this_object","valueType":"variable","value":"object","fieldType":null,"list":null,"rr_dynamic_field_name_type":"","fromModel":"API_StudentRequest","source":"rr_page_data"}],"label":"","taskName":"TEMP Student_CourseProgress","parent":"1715191641869","painted":false,"taskNotes":"<p><br></p>","addedToConfig":false},"1715191723898":{"id":"1715191723898","type":"query","position":{},"source":null,"target":null,"mapping":[{"name":"_id","valueType":"variable","value":"_id","fieldType":"String","list":false,"fromModel":"Student_CourseProgress","comparator":"equals","source":"1715191704647"}],"label":"","filterBy":"criteria","searchOption":"one","operator":"and","taskName":"Student_CourseProgress","parent":"1715191704647","painted":false,"taskNotes":"","ignoreSecurity":true,"queryType":"dynamic","relationshipMapping":[],"modelName":"Student_CourseProgress","addedToConfig":false,"selectFields":[],"sortFields":[]},"1715191732952":{"id":"1715191732952","type":"decision","newMapping":true,"position":{},"condition":null,"serviceName":null,"serviceType":null,"operator":"and","mapping":[{"sourceType":"notNull","sourceValue":null,"source":"1715191723898","sourceFieldType":null,"sourceModel":"Student_CourseProgress","isSourceList":null,"targetType":"variable","targetValue":null,"target":null,"targetFieldType":null,"targetModel":"","isTargetList":null,"comparator":null}],"label":"","parent":"1715191723898","painted":false,"taskNotes":"<p><br></p>","addedToConfig":false},"1715191732952_end":{"id":"1715191732952_end","decisionId":"1715191732952","position":{},"type":"decisionEnd","painted":false,"addedToConfig":false,"taskNotes":"<p><br></p>"},"1715191732952_success_start":{"id":"1715191732952_success_start","decisionId":"1715191732952","parent":"1715191732952","position":{},"type":"decisionSucessStart","painted":false,"addedToConfig":false},"1715191732952_failure_start":{"id":"1715191732952_failure_start","decisionId":"1715191732952","parent":"1715191732952","position":{},"type":"decisionFailureStart","painted":false,"addedToConfig":false},"1715191732952_success_end":{"id":"1715191732952_success_end","decisionId":"1715191732952","parent":"1715191732956_end","position":{},"type":"decisionSucessEnd","painted":false,"addedToConfig":false},"1715191732952_failure_end":{"id":"1715191732952_failure_end","decisionId":"1715191732952","parent":"1715192098597","position":{},"type":"decisionFailureEnd","painted":false,"addedToConfig":false},"1715191732954":{"id":"1715191732954","type":"dataTransfer","position":{},"source":"mddui_page_input_data","sourceType":"page","sourceVariable":"rr_page_data","targetType":"page","target":"1715191723898","targetVariable":null,"resultVariable":null,"mapping":[{"name":"rr_this_object","valueType":"variable","value":"rr_this_object","fieldType":null,"list":null,"rr_dynamic_field_name_type":"","fromModel":"Student_CourseProgress","source":"1715191704647"}],"label":"","taskName":"Update Model in Memory","parent":"1715191732952_success_start","painted":false,"taskNotes":"<p><br></p>","condition":"Student_CourseProgress","addedToConfig":false,"showAllFields":false},"1715191732955":{"id":"1715191732955","type":"persist","position":{},"source":null,"target":null,"mapping":null,"label":"","taskName":"Save Data","parent":"1715191732954","isMerge":true,"taskNotes":"<p><br></p>","inputTask":"1715191723898","inputValue":null,"modelName":"Student_CourseProgress","ignoreSecurity":true,"addedToConfig":false,"painted":false},"1715191732956":{"id":"1715191732956","type":"decision","newMapping":true,"position":{},"condition":null,"serviceName":null,"serviceType":null,"operator":"and","mapping":[{"sourceType":"notNull","sourceValue":null,"source":"1715191732955","sourceFieldType":null,"sourceModel":"Student_CourseProgress","isSourceList":null,"targetType":"variable","targetValue":null,"target":null,"targetFieldType":null,"targetModel":"","isTargetList":null,"comparator":null}],"label":"","parent":"1715191732955","painted":false,"taskNotes":"<p><br></p>","addedToConfig":false},"1715191732956_end":{"id":"1715191732956_end","decisionId":"1715191732956","position":{},"type":"decisionEnd","painted":false,"addedToConfig":false},"1715191732956_success_start":{"id":"1715191732956_success_start","decisionId":"1715191732956","parent":"1715191732956","position":{},"type":"decisionSucessStart","painted":false,"addedToConfig":false},"1715191732956_failure_start":{"id":"1715191732956_failure_start","decisionId":"1715191732956","parent":"1715191732956","position":{},"type":"decisionFailureStart","painted":false,"addedToConfig":false},"1715191732956_success_end":{"id":"1715191732956_success_end","decisionId":"1715191732956","parent":"1715191732956_success_start","position":{},"type":"decisionSucessEnd","painted":false,"addedToConfig":false},"1715191732956_failure_end":{"id":"1715191732956_failure_end","decisionId":"1715191732956","parent":"1715192249719","position":{},"type":"decisionFailureEnd","painted":false,"addedToConfig":false},"1715191732962":{"id":"1715191732962","type":"dataTransfer","position":{},"source":"mddui_page_input_data","sourceType":"page","sourceVariable":"rr_page_data","targetType":"page","target":"1715191641869","targetVariable":null,"resultVariable":null,"mapping":[{"name":"status","valueType":"constant","value":"FAILED - API_Student_Edit_CourseProgress","fieldType":"String","list":false,"rr_dynamic_field_name_type":"","fromModel":""}],"label":"","taskName":"Update Model in Memory","parent":"1715191732956_failure_start","painted":false,"taskNotes":"<p><br></p>","condition":"API_MainResponse","addedToConfig":false},"1715191732963":{"id":"1715191732963","type":"expression","position":{},"expression":[{"type":"data","source":"constant","value":"Progress Not Saved"}],"targetVariable":null,"label":"","taskName":"Progress Not Saved","parent":"1715191732962","painted":false,"taskNotes":"<p><br></p>","outputVariable":"","expressionType":"string","addedToConfig":false},"1715191732964":{"id":"1715191732964","type":"service","value":"Utility Function","serviceType":"internal","position":{},"label":"","callType":"async","taskName":"Add Reason to List","parent":"1715191732963","painted":false,"desc":"Utility Function","taskNotes":"<p><br></p>","utilityFunctionId":"addToList","inputTask":"1715191732963","inputValue":null,"targetTask":"1715191641869","targetValue":"reasons","addedToConfig":false,"addAtIndexType":"constant","addAtIndex":false},"1715191732968":{"id":"1715191732968","type":"expression","position":{},"expression":[{"type":"data","source":"constant","value":"No Existing Progress Found for "},{"type":"operator","operator":"+","symbol":"+"},{"type":"data","sourceText":"Output of TEMP Student_CourseProgress ( Student_CourseProgress )","source":"1600359128573","value":"_id"}],"targetVariable":null,"label":"","taskName":"No Existing Progress Found for <progressId>","parent":"1715191732952_failure_start","painted":false,"taskNotes":"<p><br></p>","expressionType":"string","addedToConfig":false},"1715191732969":{"id":"1715191732969","type":"service","value":"Utility Function","serviceType":"internal","position":{},"label":"","callType":"async","taskName":"Add Reason to List","parent":"1715191732968","painted":false,"desc":"Utility Function","taskNotes":"<p><br></p>","utilityFunctionId":"addToList","inputTask":"1715191732968","inputValue":null,"targetTask":"1715191641869","targetValue":"reasons","addedToConfig":false,"addAtIndexType":"constant","addAtIndex":false},"1715191741650":{"id":"1715191741650","type":"workflow","position":{},"workflowId":"604944ae8f0861d715fd4a13","workflowName":"API_Student_Calculate_Course_Progress","workflowType":"serverFlow","label":"","taskName":"Calculate Course Progress","parent":"1715191732952_end","painted":false,"callType":"sync","taskNotes":"<p><br></p>","inputTask":"rr_page_data","inputValue":null,"outputDataModel":"API_MainResponse","addedToConfig":false},"1715191749953":{"id":"1715191749953","type":"dataTransfer","position":{},"source":"mddui_page_input_data","sourceType":"page","sourceVariable":"rr_page_data","targetType":"page","target":"1715191641869","targetVariable":null,"resultVariable":null,"mapping":[{"name":"list","valueType":"variable","value":"list","fieldType":"Object","list":true,"rr_dynamic_field_name_type":"","fromModel":"API_MainResponse","source":"1715191741650"},{"name":"object2","valueType":"variable","value":"object2","fieldType":"Object","list":false,"rr_dynamic_field_name_type":"","fromModel":"API_MainResponse","source":"1715191741650"}],"label":"","taskName":"Update Model in Memory","parent":"1715191741650","painted":false,"taskNotes":"<p><br></p>","condition":"API_MainResponse","addedToConfig":false},"1715191759616":{"id":"1715191759616","type":"service","value":"Utility Function","serviceType":"internal","position":{},"label":"","callType":"async","taskName":"Add All to List","parent":"1715191749953","painted":false,"desc":"Utility Function","taskNotes":"<p><br></p>","utilityFunctionId":"addAllToList","inputTask":"1715191741650","inputValue":"reasons","targetTask":"1715191641869","targetValue":"reasons","addedToConfig":false,"addAtIndexType":"constant","addAtIndex":false},"1715191768289":{"id":"1715191768289","type":"workflow","position":{},"workflowId":"60c775db8f086700a0a8e90e","workflowName":"API_Student_Calculate_ActivityProgress","workflowType":"serverFlow","label":"","taskName":"API_Student_Calculate_ActivityProgress","parent":"1715191759616","painted":false,"callType":"sync","taskNotes":"<p><br></p>","addedToConfig":false,"inputTask":"rr_page_data","inputValue":null,"outputDataModel":"API_MainResponse"},"1715191790067":{"id":"1715191790067","type":"decision","newMapping":true,"position":{},"condition":null,"serviceName":null,"serviceType":null,"operator":"and","mapping":[{"sourceType":"variable","sourceValue":"status","source":"1715191768289","sourceFieldType":"String","sourceModel":"API_MainResponse","isSourceList":false,"targetType":"constant","targetValue":"SUCCESS","target":null,"targetFieldType":null,"targetModel":"","isTargetList":null,"comparator":"containsignorecase"}],"label":"","parent":"1715191768289","painted":false,"taskNotes":"<p><br></p>","addedToConfig":false},"1715191790067_end":{"id":"1715191790067_end","decisionId":"1715191790067","position":{},"type":"decisionEnd","painted":false,"addedToConfig":false,"taskNotes":"<p><br></p>"},"1715191790067_success_start":{"id":"1715191790067_success_start","decisionId":"1715191790067","parent":"1715191790067","position":{},"type":"decisionSucessStart","painted":false,"addedToConfig":false},"1715191790067_failure_start":{"id":"1715191790067_failure_start","decisionId":"1715191790067","parent":"1715191790067","position":{},"type":"decisionFailureStart","painted":false,"addedToConfig":false},"1715191790067_success_end":{"id":"1715191790067_success_end","decisionId":"1715191790067","parent":"1715191790084","position":{},"type":"decisionSucessEnd","painted":false,"addedToConfig":false},"1715191790067_failure_end":{"id":"1715191790067_failure_end","decisionId":"1715191790067","parent":"1715191790067_failure_start","position":{},"type":"decisionFailureEnd","painted":false,"addedToConfig":false},"1715191790084":{"id":"1715191790084","type":"dataTransfer","position":{},"source":"mddui_page_input_data","sourceType":"page","sourceVariable":"rr_page_data","targetType":"page","target":"1715191641869","targetVariable":null,"resultVariable":null,"mapping":[{"name":"object","valueType":"variable","value":"object","fieldType":"Object","list":false,"rr_dynamic_field_name_type":"","fromModel":"API_MainResponse","source":"1715191768289"}],"label":"","taskName":"Update Model in Memory","parent":"1715191790067_success_start","painted":false,"taskNotes":"<p><br></p>","condition":"API_MainResponse","addedToConfig":false,"showAllFields":false},"1715191802393":{"id":"1715191802393","type":"service","value":"Utility Function","serviceType":"internal","position":{},"label":"","callType":"async","taskName":"Add All to List","parent":"1715191790067_end","painted":false,"desc":"Utility Function","taskNotes":"<p><br></p>","utilityFunctionId":"addAllToList","inputTask":"1715191768289","inputValue":"reasons","targetTask":"1715191641869","targetValue":"reasons","addedToConfig":false,"addAtIndexType":"constant","addAtIndex":false},"1715192016795":{"id":"1715192016795","type":"createDataObject","position":{},"condition":"SUB_String","mapping":[{"name":"string","valueType":"constant","value":"Could not find module to grade.","fieldType":"String","list":false,"rr_dynamic_field_name_type":"","fromModel":""}],"label":"","taskName":"Reasons 2","parent":"1715191732969","painted":false,"taskNotes":"<p><br></p>","addedToConfig":false},"1715192079965":{"id":"1715192079965","type":"service","value":"Utility Function","serviceType":"internal","position":{},"label":"","callType":"async","taskName":"Add Reason 2 to List","parent":"1715192016795","painted":false,"desc":"Utility Function","taskNotes":"<p><br></p>","utilityFunctionId":"addToList","inputTask":"1715192016795","inputValue":null,"targetTask":"1715191641869","targetValue":"reasons2","addedToConfig":false,"addAtIndexType":"constant","addAtIndex":false},"1715192098597":{"id":"1715192098597","type":"dataTransfer","position":{},"source":"mddui_page_input_data","sourceType":"page","sourceVariable":"rr_page_data","targetType":"page","target":"1715191641869","targetVariable":null,"resultVariable":null,"mapping":[{"name":"status","valueType":"constant","value":"FAILED - API_Student_Edit_CourseProgress","fieldType":"String","list":false,"rr_dynamic_field_name_type":"","fromModel":""}],"label":"","taskName":"Update Model in Memory","parent":"1715192079965","painted":false,"taskNotes":"<p><br></p>","condition":"API_MainResponse","addedToConfig":false},"1715192243831":{"id":"1715192243831","type":"createDataObject","position":{},"condition":"SUB_String","mapping":[{"name":"string","valueType":"constant","value":"Student Progress was not saved.","fieldType":"String","list":false,"rr_dynamic_field_name_type":"","fromModel":""}],"label":"","taskName":"Reasons 2","parent":"1715191732964","painted":false,"taskNotes":"<p><br></p>","addedToConfig":false},"1715192249719":{"id":"1715192249719","type":"service","value":"Utility Function","serviceType":"internal","position":{},"label":"","callType":"async","taskName":"Add Reason 2 to List","parent":"1715192243831","painted":false,"desc":"Utility Function","taskNotes":"<p><br></p>","utilityFunctionId":"addToList","inputTask":"1715192243831","inputValue":null,"targetTask":"1715191641869","targetValue":"reasons2","addedToConfig":false,"addAtIndexType":"constant","addAtIndex":false}},"decisionsMap":{"1715191732952":{"root":true,"success":"1715191732952_success_start","failure":"1715191732952_failure_start","successEnd":"1715191732952_success_end","failureEnd":"1715191732952_failure_end","end":"1715191732952_end"},"1715191732956":{"root":false,"success":"1715191732956_success_start","failure":"1715191732956_failure_start","successEnd":"1715191732956_success_end","failureEnd":"1715191732956_failure_end","end":"1715191732956_end"},"1715191790067":{"root":false,"success":"1715191790067_success_start","failure":"1715191790067_failure_start","successEnd":"1715191790067_success_end","failureEnd":"1715191790067_failure_end","end":"1715191790067_end"}},"active":false,"scheduler":false,"savedId":null,"workInProgress":false,"uiFLow":false,"startTaskId":"1715191619864","shouldSecure":true,"allowExecutionForAll":false,"testCase":false,"testSuite":false,"sequence":1,"internal":false,"triggeredFromBpm":false,"inputModel":"API_StudentRequest","outputModel":"API_MainResponse","appName":null}]