[{"id":"663a7dec8f08318270c4f4db","companyId":null,"createdDate":0,"updatedDate":1720642214706,"versionId":0,"referenceId":null,"systemStatus":null,"updatedByUserId":null,"updatedByUserName":null,"systemStatusText":null,"userTypes":null,"requirementIds":null,"name":"1-Language Labels","sourceReferenceId":null,"sourceReferenceAppId":null,"lockedByUserId":null,"lockedByUserName":null,"publicArtifact":false,"enableOffline":false,"locked":false,"canUnlock":false,"publishComment":null,"importantPublish":false,"appId":"5f47f6158f0814ff0a917552","type":"fldr","parentId":"5f47f6158f0814ff0a917552","childId":null},
{"id":"663a7eb28f08318270c4f4dc","companyId":null,"createdDate":1715109554225,"updatedDate":1715109554225,"versionId":0,"referenceId":null,"systemStatus":null,"updatedByUserId":null,"updatedByUserName":null,"systemStatusText":null,"userTypes":null,"requirementIds":null,"name":null,"sourceReferenceId":null,"sourceReferenceAppId":null,"lockedByUserId":null,"lockedByUserName":null,"publicArtifact":false,"enableOffline":false,"locked":false,"canUnlock":false,"publishComment":null,"importantPublish":false,"appId":"5f47f6158f0814ff0a917552","type":"llbl","parentId":"663a7dec8f08318270c4f4db","childId":"undefined"},
{"id":"663a87b88f08c2c112f533cf","companyId":null,"createdDate":1715111864066,"updatedDate":1715111864066,"versionId":0,"referenceId":null,"systemStatus":null,"updatedByUserId":null,"updatedByUserName":null,"systemStatusText":null,"userTypes":null,"requirementIds":null,"name":null,"sourceReferenceId":null,"sourceReferenceAppId":null,"lockedByUserId":null,"lockedByUserName":null,"publicArtifact":false,"enableOffline":false,"locked":false,"canUnlock":false,"publishComment":null,"importantPublish":false,"appId":"5f47f6158f0814ff0a917552","type":"llbl","parentId":"663a7dec8f08318270c4f4db","childId":"662bdbff8f083a303e9d0d67"},
{"id":"663a87b88f08c2c112f533d0","companyId":null,"createdDate":1715111864106,"updatedDate":1715111864106,"versionId":0,"referenceId":null,"systemStatus":null,"updatedByUserId":null,"updatedByUserName":null,"systemStatusText":null,"userTypes":null,"requirementIds":null,"name":null,"sourceReferenceId":null,"sourceReferenceAppId":null,"lockedByUserId":null,"lockedByUserName":null,"publicArtifact":false,"enableOffline":false,"locked":false,"canUnlock":false,"publishComment":null,"importantPublish":false,"appId":"5f47f6158f0814ff0a917552","type":"llbl","parentId":"663a7dec8f08318270c4f4db","childId":"605d363e8f0800820d2f0ccc"},
{"id":"663a87b88f08c2c112f533d1","companyId":null,"createdDate":1715111864123,"updatedDate":1715111864123,"versionId":0,"referenceId":null,"systemStatus":null,"updatedByUserId":null,"updatedByUserName":null,"systemStatusText":null,"userTypes":null,"requirementIds":null,"name":null,"sourceReferenceId":null,"sourceReferenceAppId":null,"lockedByUserId":null,"lockedByUserName":null,"publicArtifact":false,"enableOffline":false,"locked":false,"canUnlock":false,"publishComment":null,"importantPublish":false,"appId":"5f47f6158f0814ff0a917552","type":"llbl","parentId":"663a7dec8f08318270c4f4db","childId":"605d36bb8f0800820d2f0cde"},
{"id":"663a87b88f08c2c112f533d2","companyId":null,"createdDate":1715111864133,"updatedDate":1715111864133,"versionId":0,"referenceId":null,"systemStatus":null,"updatedByUserId":null,"updatedByUserName":null,"systemStatusText":null,"userTypes":null,"requirementIds":null,"name":null,"sourceReferenceId":null,"sourceReferenceAppId":null,"lockedByUserId":null,"lockedByUserName":null,"publicArtifact":false,"enableOffline":false,"locked":false,"canUnlock":false,"publishComment":null,"importantPublish":false,"appId":"5f47f6158f0814ff0a917552","type":"llbl","parentId":"663a7dec8f08318270c4f4db","childId":"5ff342268f0812e96d3e67fe"},
{"id":"663a87b88f08c2c112f533d3","companyId":null,"createdDate":1715111864144,"updatedDate":1715111864144,"versionId":0,"referenceId":null,"systemStatus":null,"updatedByUserId":null,"updatedByUserName":null,"systemStatusText":null,"userTypes":null,"requirementIds":null,"name":null,"sourceReferenceId":null,"sourceReferenceAppId":null,"lockedByUserId":null,"lockedByUserName":null,"publicArtifact":false,"enableOffline":false,"locked":false,"canUnlock":false,"publishComment":null,"importantPublish":false,"appId":"5f47f6158f0814ff0a917552","type":"llbl","parentId":"663a7dec8f08318270c4f4db","childId":"605d364b8f0800820d2f0cce"},
{"id":"663a87b88f08c2c112f533d4","companyId":null,"createdDate":1715111864154,"updatedDate":1715111864154,"versionId":0,"referenceId":null,"systemStatus":null,"updatedByUserId":null,"updatedByUserName":null,"systemStatusText":null,"userTypes":null,"requirementIds":null,"name":null,"sourceReferenceId":null,"sourceReferenceAppId":null,"lockedByUserId":null,"lockedByUserName":null,"publicArtifact":false,"enableOffline":false,"locked":false,"canUnlock":false,"publishComment":null,"importantPublish":false,"appId":"5f47f6158f0814ff0a917552","type":"llbl","parentId":"663a7dec8f08318270c4f4db","childId":"605d36558f0800820d2f0cd0"},
{"id":"663a87b88f08c2c112f533d5","companyId":null,"createdDate":1715111864165,"updatedDate":1715111864165,"versionId":0,"referenceId":null,"systemStatus":null,"updatedByUserId":null,"updatedByUserName":null,"systemStatusText":null,"userTypes":null,"requirementIds":null,"name":null,"sourceReferenceId":null,"sourceReferenceAppId":null,"lockedByUserId":null,"lockedByUserName":null,"publicArtifact":false,"enableOffline":false,"locked":false,"canUnlock":false,"publishComment":null,"importantPublish":false,"appId":"5f47f6158f0814ff0a917552","type":"llbl","parentId":"663a7dec8f08318270c4f4db","childId":"605d366b8f0800820d2f0cd2"},
{"id":"663a87b88f08c2c112f533d6","companyId":null,"createdDate":1715111864176,"updatedDate":1715111864176,"versionId":0,"referenceId":null,"systemStatus":null,"updatedByUserId":null,"updatedByUserName":null,"systemStatusText":null,"userTypes":null,"requirementIds":null,"name":null,"sourceReferenceId":null,"sourceReferenceAppId":null,"lockedByUserId":null,"lockedByUserName":null,"publicArtifact":false,"enableOffline":false,"locked":false,"canUnlock":false,"publishComment":null,"importantPublish":false,"appId":"5f47f6158f0814ff0a917552","type":"llbl","parentId":"663a7dec8f08318270c4f4db","childId":"605d36798f0800820d2f0cd4"},
{"id":"663a87b88f08c2c112f533d7","companyId":null,"createdDate":1715111864187,"updatedDate":1715111864187,"versionId":0,"referenceId":null,"systemStatus":null,"updatedByUserId":null,"updatedByUserName":null,"systemStatusText":null,"userTypes":null,"requirementIds":null,"name":null,"sourceReferenceId":null,"sourceReferenceAppId":null,"lockedByUserId":null,"lockedByUserName":null,"publicArtifact":false,"enableOffline":false,"locked":false,"canUnlock":false,"publishComment":null,"importantPublish":false,"appId":"5f47f6158f0814ff0a917552","type":"llbl","parentId":"663a7dec8f08318270c4f4db","childId":"5ff342688f0812e96d3e6802"},
{"id":"663a87b88f08c2c112f533d8","companyId":null,"createdDate":1715111864198,"updatedDate":1715111864198,"versionId":0,"referenceId":null,"systemStatus":null,"updatedByUserId":null,"updatedByUserName":null,"systemStatusText":null,"userTypes":null,"requirementIds":null,"name":null,"sourceReferenceId":null,"sourceReferenceAppId":null,"lockedByUserId":null,"lockedByUserName":null,"publicArtifact":false,"enableOffline":false,"locked":false,"canUnlock":false,"publishComment":null,"importantPublish":false,"appId":"5f47f6158f0814ff0a917552","type":"llbl","parentId":"663a7dec8f08318270c4f4db","childId":"6063377a31a2a3213cd24c72"},
{"id":"663a87b88f08c2c112f533d9","companyId":null,"createdDate":1715111864209,"updatedDate":1715111864209,"versionId":0,"referenceId":null,"systemStatus":null,"updatedByUserId":null,"updatedByUserName":null,"systemStatusText":null,"userTypes":null,"requirementIds":null,"name":null,"sourceReferenceId":null,"sourceReferenceAppId":null,"lockedByUserId":null,"lockedByUserName":null,"publicArtifact":false,"enableOffline":false,"locked":false,"canUnlock":false,"publishComment":null,"importantPublish":false,"appId":"5f47f6158f0814ff0a917552","type":"llbl","parentId":"663a7dec8f08318270c4f4db","childId":"605cc4d78f0800820d2f098e"},
{"id":"663a87b88f08c2c112f533da","companyId":null,"createdDate":1715111864220,"updatedDate":1715111864220,"versionId":0,"referenceId":null,"systemStatus":null,"updatedByUserId":null,"updatedByUserName":null,"systemStatusText":null,"userTypes":null,"requirementIds":null,"name":null,"sourceReferenceId":null,"sourceReferenceAppId":null,"lockedByUserId":null,"lockedByUserName":null,"publicArtifact":false,"enableOffline":false,"locked":false,"canUnlock":false,"publishComment":null,"importantPublish":false,"appId":"5f47f6158f0814ff0a917552","type":"llbl","parentId":"663a7dec8f08318270c4f4db","childId":"605d36858f0800820d2f0cd6"},
{"id":"663a87b88f08c2c112f533db","companyId":null,"createdDate":1715111864230,"updatedDate":1715111864230,"versionId":0,"referenceId":null,"systemStatus":null,"updatedByUserId":null,"updatedByUserName":null,"systemStatusText":null,"userTypes":null,"requirementIds":null,"name":null,"sourceReferenceId":null,"sourceReferenceAppId":null,"lockedByUserId":null,"lockedByUserName":null,"publicArtifact":false,"enableOffline":false,"locked":false,"canUnlock":false,"publishComment":null,"importantPublish":false,"appId":"5f47f6158f0814ff0a917552","type":"llbl","parentId":"663a7dec8f08318270c4f4db","childId":"611a6d008f0853ac50905a58"},
{"id":"663a87b88f08c2c112f533dc","companyId":null,"createdDate":1715111864241,"updatedDate":1715111864241,"versionId":0,"referenceId":null,"systemStatus":null,"updatedByUserId":null,"updatedByUserName":null,"systemStatusText":null,"userTypes":null,"requirementIds":null,"name":null,"sourceReferenceId":null,"sourceReferenceAppId":null,"lockedByUserId":null,"lockedByUserName":null,"publicArtifact":false,"enableOffline":false,"locked":false,"canUnlock":false,"publishComment":null,"importantPublish":false,"appId":"5f47f6158f0814ff0a917552","type":"llbl","parentId":"663a7dec8f08318270c4f4db","childId":"605d369a8f0800820d2f0cd8"},
{"id":"663a87b88f08c2c112f533dd","companyId":null,"createdDate":1715111864252,"updatedDate":1715111864252,"versionId":0,"referenceId":null,"systemStatus":null,"updatedByUserId":null,"updatedByUserName":null,"systemStatusText":null,"userTypes":null,"requirementIds":null,"name":null,"sourceReferenceId":null,"sourceReferenceAppId":null,"lockedByUserId":null,"lockedByUserName":null,"publicArtifact":false,"enableOffline":false,"locked":false,"canUnlock":false,"publishComment":null,"importantPublish":false,"appId":"5f47f6158f0814ff0a917552","type":"llbl","parentId":"663a7dec8f08318270c4f4db","childId":"605c01198f0800820d2f08a9"},
{"id":"663a87b88f08c2c112f533de","companyId":null,"createdDate":1715111864262,"updatedDate":1715111864262,"versionId":0,"referenceId":null,"systemStatus":null,"updatedByUserId":null,"updatedByUserName":null,"systemStatusText":null,"userTypes":null,"requirementIds":null,"name":null,"sourceReferenceId":null,"sourceReferenceAppId":null,"lockedByUserId":null,"lockedByUserName":null,"publicArtifact":false,"enableOffline":false,"locked":false,"canUnlock":false,"publishComment":null,"importantPublish":false,"appId":"5f47f6158f0814ff0a917552","type":"llbl","parentId":"663a7dec8f08318270c4f4db","childId":"605d36aa8f0800820d2f0cda"},
{"id":"663a87b88f08c2c112f533df","companyId":null,"createdDate":1715111864273,"updatedDate":1715111864273,"versionId":0,"referenceId":null,"systemStatus":null,"updatedByUserId":null,"updatedByUserName":null,"systemStatusText":null,"userTypes":null,"requirementIds":null,"name":null,"sourceReferenceId":null,"sourceReferenceAppId":null,"lockedByUserId":null,"lockedByUserName":null,"publicArtifact":false,"enableOffline":false,"locked":false,"canUnlock":false,"publishComment":null,"importantPublish":false,"appId":"5f47f6158f0814ff0a917552","type":"llbl","parentId":"663a7dec8f08318270c4f4db","childId":"605d36b38f0800820d2f0cdc"}]