[{"id":"64aeb76a8f084726da57630e","companyId":"5f47ce0c8f0815394ff3bd8a","createdDate":1703190154647,"updatedDate":1714490136430,"versionId":0,"referenceId":null,"systemStatus":null,"updatedByUserId":"5f4d87978f086f27a2ab1467","updatedByUserName":"Chris Lamberth","systemStatusText":null,"userTypes":[],"requirementIds":[],"name":"Paginated User Search","sourceReferenceId":null,"sourceReferenceAppId":null,"lockedByUserId":null,"lockedByUserName":null,"publicArtifact":false,"enableOffline":false,"locked":false,"canUnlock":false,"publishComment":null,"importantPublish":false,"appId":"5f47f6158f0814ff0a917552","dataModel":"User","inputDataModel":"API_UserRequest","operator":"and","relationshipOperator":"and","onlySelectedFields":true,"dynamicSearchCriteria":true,"dynamicCriteriaFieldName":"list","relationshipFilters":[{"relationShip":"belongsToTag","model":"Branch_UserTags","exclude":false,"count":false,"sortOrder":"DESC","filterValue":"userTagId","nextFilter":null,"inOperator":false,"filterData":null}],"selectFields":[{"modelLabel":null,"fieldName":"_id","sortOrder":0,"seq":0,"dynamicFieldName":false},{"modelLabel":null,"fieldName":"email","sortOrder":0,"seq":0,"dynamicFieldName":false},{"modelLabel":null,"fieldName":"userName","sortOrder":0,"seq":0,"dynamicFieldName":false},{"modelLabel":null,"fieldName":"lastSession.sessionStart","sortOrder":0,"seq":0,"dynamicFieldName":false},{"modelLabel":null,"fieldName":"verifiedDisplay","sortOrder":0,"seq":0,"dynamicFieldName":false},{"modelLabel":null,"fieldName":"fullName","sortOrder":0,"seq":0,"dynamicFieldName":false},{"modelLabel":null,"fieldName":"profileImage","sortOrder":0,"seq":0,"dynamicFieldName":false}],"sortFields":[{"modelLabel":null,"fieldName":"createdDate","sortOrder":1,"seq":1,"dynamicFieldName":false}],"conditions":[{"fieldName":"branchId","fieldValue":"branchId","dynamicOpeartor":false,"operator":"$eq","fieldType":null,"dynamicFieldName":false,"dynamicFilter":true,"filterValueToken":false,"ignoreCase":false,"fieldListValue":null,"additionalValueDynamic":false,"additionalValueField":null,"additionalValue":0.0,"location":null,"locations":null,"leftModelLabel":null,"rightModelLabel":null,"rightFieldName":null},{"fieldName":"sysName","fieldValue":"userSearchInput1","dynamicOpeartor":false,"operator":"contains","fieldType":null,"dynamicFieldName":false,"dynamicFilter":true,"filterValueToken":false,"ignoreCase":true,"fieldListValue":null,"additionalValueDynamic":false,"additionalValueField":null,"additionalValue":0.0,"location":null,"locations":null,"leftModelLabel":null,"rightModelLabel":null,"rightFieldName":null}],"relationFilterFieldName":null,"limit":0,"randomizeResults":false,"hidden":false,"platformObjects":false,"dynamicDataModel":false,"dataModelField":null,"platformObjectName":null,"inputRecordModel":null,"inputRecordField":null,"allRelations":false,"relatedDataModel":null,"relationName":null,"outputDataModel":null,"outputFieldName":null,"sourceDatabase":null,"aggregation":false,"multipleModels":false,"joinModels":null,"joinConditions":null,"deletedData":false,"auditData":false,"auditRecordIdField":null,"aggregationFields":null,"groupFields":null,"createScreen":false,"pageId":null,"pageModelName":null,"pageModelId":null,"securityConditions":null},
{"id":"65e0ccae8f0887c2fc6fa6a1","companyId":"5f47ce0c8f0815394ff3bd8a","createdDate":1709231278609,"updatedDate":1714491459484,"versionId":0,"referenceId":null,"systemStatus":null,"updatedByUserId":"5f4d87978f086f27a2ab1467","updatedByUserName":"Chris Lamberth","systemStatusText":null,"userTypes":[],"requirementIds":[],"name":"Branch_UserTags for API_Branch_Get_UserTags","sourceReferenceId":null,"sourceReferenceAppId":null,"lockedByUserId":null,"lockedByUserName":null,"publicArtifact":false,"enableOffline":false,"locked":false,"canUnlock":false,"publishComment":null,"importantPublish":false,"appId":"5f47f6158f0814ff0a917552","dataModel":"Branch_UserTags","inputDataModel":"API_BranchRequest","operator":"and","relationshipOperator":"and","onlySelectedFields":true,"dynamicSearchCriteria":true,"dynamicCriteriaFieldName":"list","relationshipFilters":null,"selectFields":[{"modelLabel":null,"fieldName":"_id","sortOrder":0,"seq":0,"dynamicFieldName":false},{"modelLabel":null,"fieldName":"name","sortOrder":0,"seq":0,"dynamicFieldName":false}],"sortFields":[{"modelLabel":null,"fieldName":"name","sortOrder":1,"seq":1,"dynamicFieldName":false}],"conditions":null,"relationFilterFieldName":null,"limit":10000,"randomizeResults":false,"hidden":false,"platformObjects":false,"dynamicDataModel":false,"dataModelField":null,"platformObjectName":null,"inputRecordModel":null,"inputRecordField":null,"allRelations":false,"relatedDataModel":null,"relationName":null,"outputDataModel":null,"outputFieldName":null,"sourceDatabase":null,"aggregation":false,"multipleModels":false,"joinModels":null,"joinConditions":null,"deletedData":false,"auditData":false,"auditRecordIdField":null,"aggregationFields":null,"groupFields":null,"createScreen":false,"pageId":null,"pageModelName":null,"pageModelId":null,"securityConditions":null}]