[{"id":"626ae2978f08bf10ebb6e5c5","companyId":"5f47ce0c8f0815394ff3bd8a","createdDate":1714491124881,"updatedDate":1714491124881,"versionId":8,"referenceId":null,"systemStatus":"P","updatedByUserId":"5f4d87978f086f27a2ab1467","updatedByUserName":"Chris Lamberth","systemStatusText":null,"userTypes":null,"requirementIds":null,"name":"API_User_Get_AdminTags","sourceReferenceId":null,"sourceReferenceAppId":null,"lockedByUserId":null,"lockedByUserName":null,"publicArtifact":false,"enableOffline":false,"locked":false,"canUnlock":false,"publishComment":" ","importantPublish":false,"appId":"5f47f6158f0814ff0a917552","folderId":"","initializer":null,"triggerType":"workflow","flow":[],"createdBy":null,"lastModifiedBy":null,"objectsMap":{"1651171991111":{"id":"1651171991111","type":"startObject","value":null,"taskName":"Start","triggerType":"workflow","addedToConfig":true,"painted":true,"position":{},"taskNotes":"<p><br></p>","modelName":"API_UserRequest","desc":"API_UserRequest","output":"API_MainResponse"},"16511719911111000":{"id":"16511719911111000","parent":"1651172174722_end","systemExit":true,"type":"return","returnType":"return","taskName":"Exit","label":"","addedToConfig":false,"painted":false,"position":{},"taskNotes":"<p><br></p>","desc":"Return","outputTask":"1651172009242"},"1651172009242":{"id":"1651172009242","type":"createDataObject","position":{},"condition":"API_MainResponse","mapping":[{"name":"status","valueType":"constant","value":"SUCCESS - API_User_Get_AdminTags","fieldType":"String","list":false,"rr_dynamic_field_name_type":"","fromModel":""}],"label":"","taskName":"API_MainResponse","parent":"1651171991111","painted":false,"taskNotes":"<p><br></p>","addedToConfig":false},"1651172037928_end":{"id":"1651172037928_end","decisionId":"1651172037928","position":{},"type":"decisionEnd","painted":false,"taskNotes":"<p><br></p>","addedToConfig":false},"1651172037928_success_start":{"id":"1651172037928_success_start","decisionId":"1651172037928","parent":"1651172037928","position":{},"type":"decisionSucessStart","painted":false,"addedToConfig":false},"1651172037928_failure_start":{"id":"1651172037928_failure_start","decisionId":"1651172037928","parent":"1651172037928","position":{},"type":"decisionFailureStart","painted":false,"addedToConfig":false},"1651172037928_success_end":{"id":"1651172037928_success_end","decisionId":"1651172037928","parent":"1651172037928_success_start","position":{},"type":"decisionSucessEnd","painted":false,"addedToConfig":false},"1651172037928_failure_end":{"id":"1651172037928_failure_end","decisionId":"1651172037928","parent":"1651172072809","position":{},"type":"decisionFailureEnd","painted":false,"addedToConfig":false},"1651172037928":{"id":"1651172037928","type":"decision","newMapping":true,"position":{},"condition":null,"serviceName":null,"serviceType":null,"operator":"and","mapping":[{"sourceType":"variable","sourceValue":"userId","source":"rr_page_data","sourceFieldType":"String","sourceModel":"API_UserRequest","isSourceList":false,"targetType":"variable","targetValue":null,"target":null,"targetFieldType":null,"targetModel":"","isTargetList":null,"comparator":"notEmpty"}],"label":"","parent":"1651172009242","painted":false,"taskNotes":"<p><br></p>","addedToConfig":false},"1651172050568":{"id":"1651172050568","type":"dataTransfer","position":{},"source":"mddui_page_input_data","sourceType":"page","sourceVariable":"rr_page_data","targetType":"page","target":"1651172009242","targetVariable":null,"resultVariable":null,"mapping":[{"name":"status","valueType":"constant","value":"FAILED","fieldType":"String","list":false,"rr_dynamic_field_name_type":"","fromModel":""}],"label":"","taskName":"Update Model in Memory","parent":"1651172037928_failure_start","painted":false,"taskNotes":"<p><br></p>","condition":"API_MainResponse","addedToConfig":false},"1651172060025":{"id":"1651172060025","type":"expression","position":{},"expression":[{"type":"data","source":"constant","value":"userId Not Defined"}],"targetVariable":null,"label":"","taskName":"userId Not Defined","parent":"1651172050568","painted":false,"taskNotes":"<p><br></p>","outputVariable":"","expressionType":"string","addedToConfig":false},"1651172072809":{"id":"1651172072809","type":"service","value":"Utility Function","serviceType":"internal","position":{},"label":"","callType":"async","taskName":"Add Reason to List","parent":"1651172060025","painted":false,"desc":"Utility Function","taskNotes":"<p><br></p>","utilityFunctionId":"addToList","addAtIndexType":"constant","addAtIndex":false,"inputTask":"1651172060025","inputValue":"","targetTask":"1651172009242","targetValue":"reasons","addedToConfig":false},"1651172089282_end":{"id":"1651172089282_end","decisionId":"1651172089282","position":{},"type":"decisionEnd","painted":false,"addedToConfig":false},"1651172089282_success_start":{"id":"1651172089282_success_start","decisionId":"1651172089282","parent":"1651172089282","position":{},"type":"decisionSucessStart","painted":false,"addedToConfig":false},"1651172089282_failure_start":{"id":"1651172089282_failure_start","decisionId":"1651172089282","parent":"1651172089282","position":{},"type":"decisionFailureStart","painted":false,"addedToConfig":false},"1651172089282_success_end":{"id":"1651172089282_success_end","decisionId":"1651172089282","parent":"1651172100393","position":{},"type":"decisionSucessEnd","painted":false,"addedToConfig":false},"1651172089282_failure_end":{"id":"1651172089282_failure_end","decisionId":"1651172089282","parent":"1651172089282_failure_start","position":{},"type":"decisionFailureEnd","painted":false,"addedToConfig":false},"1651172089282":{"id":"1651172089282","type":"decision","newMapping":true,"position":{},"condition":null,"serviceName":null,"serviceType":null,"operator":"and","mapping":[{"sourceType":"variable","sourceValue":"status","source":"1651172009242","sourceFieldType":"String","sourceModel":"API_MainResponse","isSourceList":false,"targetType":"constant","targetValue":"FAILED","target":null,"targetFieldType":null,"targetModel":"","isTargetList":null,"comparator":"equals"}],"label":"","parent":"1651172037928_end","painted":false,"taskNotes":"<p><br></p>","addedToConfig":false},"1651172100393":{"id":"1651172100393","type":"goTo","position":{},"mapping":null,"label":"","taskId":"16511719911111000","taskParent":"1651172089282_end","taskName":"Go To","parent":"1651172089282_success_start","painted":false,"taskNotes":"<p><br></p>","addedToConfig":false},"1651172108890":{"id":"1651172108890","type":"query","position":{},"source":null,"target":null,"mapping":[{"name":"_id","valueType":"variable","value":null,"fieldType":"String","list":false,"fromModel":"","comparator":"notEmpty"}],"label":"","filterBy":"criteria","searchOption":"many","operator":"and","taskName":"Branch_UserTags","parent":"1651172089282_end","painted":false,"taskNotes":"<p><br></p>","ignoreSecurity":true,"queryType":"dynamic","relationshipMapping":[{"name":"managedBy","inputTask":"rr_page_data","inputValue":"userId","model":"User","fromModel":"API_UserRequest"}],"selectFields":[{"fieldName":"_id"},{"fieldName":"name"}],"sortFields":[{"fieldName":"name","sortOrder":1}],"modelName":"Branch_UserTags","addedToConfig":false,"useOwnerTenant":false},"1651172174722":{"id":"1651172174722","type":"decision","newMapping":true,"position":{},"condition":null,"serviceName":null,"serviceType":null,"operator":"and","mapping":[{"sourceType":"notNull","sourceValue":"userId","source":"1651172108890","sourceFieldType":"String","sourceModel":"Branch_UserTags","isSourceList":false,"targetType":"variable","targetValue":null,"target":null,"targetFieldType":null,"targetModel":"","isTargetList":null,"comparator":"notEmpty"}],"label":"","parent":"1651172108890","painted":false,"taskNotes":"<p><br></p>","addedToConfig":false},"1651172174722_end":{"id":"1651172174722_end","decisionId":"1651172174722","position":{},"type":"decisionEnd","painted":false,"taskNotes":"<p><br></p>","addedToConfig":false},"1651172174722_success_start":{"id":"1651172174722_success_start","decisionId":"1651172174722","parent":"1651172174722","position":{},"type":"decisionSucessStart","painted":false,"addedToConfig":false},"1651172174722_failure_start":{"id":"1651172174722_failure_start","decisionId":"1651172174722","parent":"1651172174722","position":{},"type":"decisionFailureStart","painted":false,"addedToConfig":false},"1651172174722_success_end":{"id":"1651172174722_success_end","decisionId":"1651172174722","parent":"1651172248429","position":{},"type":"decisionSucessEnd","painted":false,"addedToConfig":false},"1651172174722_failure_end":{"id":"1651172174722_failure_end","decisionId":"1651172174722","parent":"1651172174727","position":{},"type":"decisionFailureEnd","painted":false,"addedToConfig":false},"1651172174725":{"id":"1651172174725","type":"dataTransfer","position":{},"source":"mddui_page_input_data","sourceType":"page","sourceVariable":"rr_page_data","targetType":"page","target":"1651172009242","targetVariable":null,"resultVariable":null,"mapping":[{"name":"status","valueType":"constant","value":"FAILED","fieldType":"String","list":false,"rr_dynamic_field_name_type":"","fromModel":""}],"label":"","taskName":"Update Model in Memory","parent":"1651172174722_failure_start","painted":false,"taskNotes":"<p><br></p>","condition":"API_MainResponse","addedToConfig":false},"1651172174726":{"id":"1651172174726","type":"expression","position":{},"expression":[{"type":"data","source":"constant","value":"No Branch_UserTags Found"}],"targetVariable":null,"label":"","taskName":"No Branch_UserTags Found","parent":"1651172174725","painted":false,"taskNotes":"<p><br></p>","outputVariable":"","expressionType":"string","addedToConfig":false},"1651172174727":{"id":"1651172174727","type":"service","value":"Utility Function","serviceType":"internal","position":{},"label":"","callType":"async","taskName":"Add Reason to List","parent":"1651172174726","painted":false,"desc":"Utility Function","taskNotes":"<p><br></p>","utilityFunctionId":"addToList","addAtIndexType":"constant","addAtIndex":false,"inputTask":"1651172174726","inputValue":"","targetTask":"1651172009242","targetValue":"reasons","addedToConfig":false},"1651172203366":{"id":"1651172203366","type":"service","value":"Utility Function","serviceType":"internal","position":{},"label":"","callType":"async","taskName":"List Size","parent":"1651173688825","painted":false,"desc":"Utility Function","taskNotes":"<p><br></p>","utilityFunctionId":"listSize","addAtIndexType":"constant","addAtIndex":false,"modelName":"","inputTask":"1651172108890","inputValue":null,"addedToConfig":false},"1651172214821":{"id":"1651172214821","type":"expression","position":{},"expression":[{"type":"data","sourceText":"Output of List Size","source":"1651172203366"},{"type":"operator","operator":"+","symbol":"+"},{"type":"data","source":"constant","value":" Branch_UserTags Found"}],"targetVariable":null,"label":"","taskName":"# Branch_UserTags Found","parent":"1651172203366","painted":false,"taskNotes":"<p><br></p>","outputVariable":"","expressionType":"string","addedToConfig":false},"1651172248429":{"id":"1651172248429","type":"service","value":"Utility Function","serviceType":"internal","position":{},"label":"","callType":"async","taskName":"Add Reason to List","parent":"1651172214821","painted":false,"desc":"Utility Function","taskNotes":"<p><br></p>","utilityFunctionId":"addToList","addAtIndexType":"constant","addAtIndex":false,"inputTask":"1651172214821","inputValue":null,"targetTask":"1651172009242","targetValue":"reasons","addedToConfig":false},"1651173360964":{"id":"1651173360964","type":"iterator","iterationType":"for","position":{},"mapping":[],"label":"","taskName":"Current Branch_UserTag","parent":"1651172174722_success_start","painted":false,"addedToConfig":false,"counterType":"dynamic","operator":"and","taskNotes":"<p><br></p>","inputTask":"1651172108890","inputValue":null,"inputDataModel":"Branch_UserTags"},"1651173360964iterationEnd":{"id":"1651173360964iterationEnd","iteratorId":"1651173360964","parent":"1651173360982_end","position":{},"type":"iterationEnd","painted":false,"addedToConfig":false},"1651173360971":{"id":"1651173360971","type":"dataTransfer","position":{},"source":"mddui_page_input_data","sourceType":"page","sourceVariable":"rr_page_data","targetType":"page","target":"rr_page_data","targetVariable":null,"resultVariable":null,"mapping":[{"name":"contentId","valueType":"variable","value":"_id","fieldType":"String","list":false,"rr_dynamic_field_name_type":"","fromModel":"Branch_UserTags","source":"1651173360964"}],"label":"","taskName":"Update Model in Memory","parent":"1651173360964","painted":false,"taskNotes":"<p><br></p>","condition":"API_UserRequest","addedToConfig":false},"1651173360972":{"id":"1651173360972","type":"query","position":{},"source":null,"target":null,"mapping":[],"label":"","filterBy":"criteria","searchOption":"one","operator":"and","taskName":"Admin Count","parent":"1651173360971","painted":false,"taskNotes":"<p><br></p>","ignoreSecurity":true,"queryType":"named","relationshipMapping":[],"selectFields":[],"sortFields":[],"query":"625f5b658f08bf10ebb6d7b2","modelName":"User","inputTask":"rr_page_data","inputValue":null,"addedToConfig":false,"useOwnerTenant":false},"1651173360973":{"id":"1651173360973","type":"decision","newMapping":true,"position":{},"condition":null,"serviceName":null,"serviceType":null,"operator":"and","mapping":[{"sourceType":"notNull","sourceValue":null,"source":"1651173360972","sourceFieldType":null,"sourceModel":"User","isSourceList":null,"targetType":"variable","targetValue":null,"target":null,"targetFieldType":null,"targetModel":"","isTargetList":null,"comparator":null}],"label":"","parent":"1651173360972","painted":false,"taskNotes":"<p><br></p>","addedToConfig":false},"1651173360973_end":{"id":"1651173360973_end","decisionId":"1651173360973","position":{},"type":"decisionEnd","painted":false,"taskNotes":"<p><br></p>","addedToConfig":false},"1651173360973_success_start":{"id":"1651173360973_success_start","decisionId":"1651173360973","parent":"1651173360973","position":{},"type":"decisionSucessStart","painted":false,"addedToConfig":false},"1651173360973_failure_start":{"id":"1651173360973_failure_start","decisionId":"1651173360973","parent":"1651173360973","position":{},"type":"decisionFailureStart","painted":false,"addedToConfig":false},"1651173360973_success_end":{"id":"1651173360973_success_end","decisionId":"1651173360973","parent":"1651173360974","position":{},"type":"decisionSucessEnd","painted":false,"addedToConfig":false},"1651173360973_failure_end":{"id":"1651173360973_failure_end","decisionId":"1651173360973","parent":"1651173360979","position":{},"type":"decisionFailureEnd","painted":false,"addedToConfig":false},"1651173360974":{"id":"1651173360974","type":"dataTransfer","position":{},"source":"mddui_page_input_data","sourceType":"page","sourceVariable":"rr_page_data","targetType":"page","target":"1651173360964","targetVariable":null,"resultVariable":null,"mapping":[{"name":"tempAdminCount","valueType":"variable","value":"tempCount","fieldType":"Number","list":false,"rr_dynamic_field_name_type":"","fromModel":"User","source":"1651173360972"}],"label":"","taskName":"Update Model in Memory","parent":"1651173360973_success_start","painted":false,"taskNotes":"<p><br></p>","condition":"Branch_UserTags","addedToConfig":false},"1651173360976":{"id":"1651173360976","type":"dataTransfer","position":{},"source":"mddui_page_input_data","sourceType":"page","sourceVariable":"rr_page_data","targetType":"page","target":"1651173360964","targetVariable":null,"resultVariable":null,"mapping":[{"name":"tempAdminCount","valueType":"constant","value":"0","fieldType":"Number","list":false,"rr_dynamic_field_name_type":"","fromModel":"User","source":"1651173360972"}],"label":"","taskName":"Update Model in Memory","parent":"1651173360973_failure_start","painted":false,"taskNotes":"<p><br></p>","condition":"Branch_UserTags","addedToConfig":false},"1651173360978":{"id":"1651173360978","type":"expression","position":{},"expression":[{"type":"data","source":"constant","value":"No Admins Found for "},{"type":"operator","operator":"+","symbol":"+"},{"type":"data","sourceText":"Output of Current Branch_UserTag ( Branch_UserTags )","source":"1651173360964","value":"_id"}],"targetVariable":null,"label":"","taskName":"No Admins Found for <_id>","parent":"1651173360976","painted":false,"taskNotes":"<p><br></p>","outputVariable":"","expressionType":"string","addedToConfig":false},"1651173360979":{"id":"1651173360979","type":"service","value":"Utility Function","serviceType":"internal","position":{},"label":"","callType":"async","taskName":"Add Reason to List","parent":"1651173360978","painted":false,"desc":"Utility Function","taskNotes":"<p><br></p>","utilityFunctionId":"addToList","addAtIndexType":"constant","addAtIndex":false,"inputTask":"1651173360978","inputValue":null,"targetTask":"1651172009242","targetValue":"reasons","addedToConfig":false},"1651173360981":{"id":"1651173360981","type":"query","position":{},"source":null,"target":null,"mapping":[],"label":"","filterBy":"criteria","searchOption":"one","operator":"and","taskName":"User Count","parent":"1651173360973_end","painted":false,"taskNotes":"<p><br></p>","ignoreSecurity":true,"queryType":"named","relationshipMapping":[],"selectFields":[],"sortFields":[],"query":"625f5a5d8f08bf10ebb6d796","modelName":"User","inputTask":"rr_page_data","inputValue":null,"addedToConfig":false,"useOwnerTenant":false},"1651173360982":{"id":"1651173360982","type":"decision","newMapping":true,"position":{},"condition":null,"serviceName":null,"serviceType":null,"operator":"and","mapping":[{"sourceType":"notNull","sourceValue":null,"source":"1651173360981","sourceFieldType":null,"sourceModel":"User","isSourceList":null,"targetType":"variable","targetValue":null,"target":null,"targetFieldType":null,"targetModel":"","isTargetList":null,"comparator":null}],"label":"","parent":"1651173360981","painted":false,"taskNotes":"<p><br></p>","addedToConfig":false},"1651173360982_end":{"id":"1651173360982_end","decisionId":"1651173360982","position":{},"type":"decisionEnd","painted":false,"taskNotes":"<p><br></p>","addedToConfig":false},"1651173360982_success_start":{"id":"1651173360982_success_start","decisionId":"1651173360982","parent":"1651173360982","position":{},"type":"decisionSucessStart","painted":false,"addedToConfig":false},"1651173360982_failure_start":{"id":"1651173360982_failure_start","decisionId":"1651173360982","parent":"1651173360982","position":{},"type":"decisionFailureStart","painted":false,"addedToConfig":false},"1651173360982_success_end":{"id":"1651173360982_success_end","decisionId":"1651173360982","parent":"1651173360983","position":{},"type":"decisionSucessEnd","painted":false,"addedToConfig":false},"1651173360982_failure_end":{"id":"1651173360982_failure_end","decisionId":"1651173360982","parent":"1651173360988","position":{},"type":"decisionFailureEnd","painted":false,"addedToConfig":false},"1651173360983":{"id":"1651173360983","type":"dataTransfer","position":{},"source":"mddui_page_input_data","sourceType":"page","sourceVariable":"rr_page_data","targetType":"page","target":"1651173360964","targetVariable":null,"resultVariable":null,"mapping":[{"name":"tempUserCount","valueType":"variable","value":"tempCount","fieldType":"Number","list":false,"rr_dynamic_field_name_type":"","fromModel":"User","source":"1651173360981"}],"label":"","taskName":"Update Model in Memory","parent":"1651173360982_success_start","painted":false,"taskNotes":"<p><br></p>","condition":"Branch_UserTags","addedToConfig":false},"1651173360985":{"id":"1651173360985","type":"dataTransfer","position":{},"source":"mddui_page_input_data","sourceType":"page","sourceVariable":"rr_page_data","targetType":"page","target":"1651173360964","targetVariable":null,"resultVariable":null,"mapping":[{"name":"tempUserCount","valueType":"constant","value":"0","fieldType":"Number","list":false,"rr_dynamic_field_name_type":"","fromModel":"User","source":"1651173360981"}],"label":"","taskName":"Update Model in Memory","parent":"1651173360982_failure_start","painted":false,"taskNotes":"<p><br></p>","condition":"Branch_UserTags","addedToConfig":false},"1651173360986":{"id":"1651173360986","type":"expression","position":{},"expression":[{"type":"data","source":"constant","value":"No Users Found for "},{"type":"operator","operator":"+","symbol":"+"},{"type":"data","sourceText":"Output of Current Branch_UserTag ( Branch_UserTags )","source":"1651173360964","value":"_id"}],"targetVariable":null,"label":"","taskName":"No Users Found for <_id>","parent":"1651173360985","painted":false,"taskNotes":"<p><br></p>","outputVariable":"","expressionType":"string","addedToConfig":false},"1651173360988":{"id":"1651173360988","type":"service","value":"Utility Function","serviceType":"internal","position":{},"label":"","callType":"async","taskName":"Add Reason to List","parent":"1651173360986","painted":false,"desc":"Utility Function","taskNotes":"<p><br></p>","utilityFunctionId":"addToList","addAtIndexType":"constant","addAtIndex":false,"inputTask":"1651173360986","inputValue":null,"targetTask":"1651172009242","targetValue":"reasons","addedToConfig":false},"1651173688825":{"id":"1651173688825","type":"service","value":"Utility Function","serviceType":"internal","position":{},"label":"","callType":"async","taskName":"Add All to LIst","parent":"1651173360964iterationEnd","painted":false,"desc":"Utility Function","taskNotes":"<p><br></p>","utilityFunctionId":"addAllToList","addAtIndexType":"constant","addAtIndex":false,"inputTask":"1651172108890","inputValue":null,"targetTask":"1651172009242","targetValue":"list","addedToConfig":false}},"decisionsMap":{"1651172037928":{"success":"1651172037928_success_start","failure":"1651172037928_failure_start","successEnd":"1651172037928_success_end","failureEnd":"1651172037928_failure_end","end":"1651172037928_end","root":true},"1651172089282":{"success":"1651172089282_success_start","failure":"1651172089282_failure_start","successEnd":"1651172089282_success_end","failureEnd":"1651172089282_failure_end","end":"1651172089282_end","root":false},"1651172174722":{"root":false,"success":"1651172174722_success_start","failure":"1651172174722_failure_start","successEnd":"1651172174722_success_end","failureEnd":"1651172174722_failure_end","end":"1651172174722_end"},"1651173360973":{"root":false,"success":"1651173360973_success_start","failure":"1651173360973_failure_start","successEnd":"1651173360973_success_end","failureEnd":"1651173360973_failure_end","end":"1651173360973_end"},"1651173360982":{"root":false,"success":"1651173360982_success_start","failure":"1651173360982_failure_start","successEnd":"1651173360982_success_end","failureEnd":"1651173360982_failure_end","end":"1651173360982_end"}},"active":false,"scheduler":false,"savedId":null,"workInProgress":false,"uiFLow":false,"startTaskId":"1651171991111","shouldSecure":true,"allowExecutionForAll":false,"testCase":false,"testSuite":false,"sequence":1,"internal":false,"triggeredFromBpm":false,"inputModel":"API_UserRequest","outputModel":"API_MainResponse","appName":null},
{"id":"64aecbad8f084726da5763f3","companyId":"5f47ce0c8f0815394ff3bd8a","createdDate":1714490280404,"updatedDate":1714490280404,"versionId":37,"referenceId":null,"systemStatus":"P","updatedByUserId":"5f4d87978f086f27a2ab1467","updatedByUserName":"Chris Lamberth","systemStatusText":null,"userTypes":null,"requirementIds":null,"name":"API_User_Search_Paginated_UsersList","sourceReferenceId":"5f1ee36de4b0ae88e7df0e44","sourceReferenceAppId":"5e3c7705e4b0dc635b34e645","lockedByUserId":null,"lockedByUserName":null,"publicArtifact":false,"enableOffline":false,"locked":false,"canUnlock":false,"publishComment":"Add select fields to Branch_UserTag query. ","importantPublish":false,"appId":"5f47f6158f0814ff0a917552","folderId":"","initializer":null,"triggerType":"workflow","flow":[],"createdBy":null,"lastModifiedBy":null,"objectsMap":{"1591979181991":{"id":"1591979181991","type":"startObject","value":null,"taskName":"Start","triggerType":"workflow","addedToConfig":true,"painted":true,"position":{},"taskNotes":"<p><br></p>","modelName":"API_UserRequest","desc":"API_UserRequest"},"15919791819911000":{"id":"15919791819911000","parent":"1689177031959_end","systemExit":true,"type":"return","returnType":"return","taskName":"Exit","label":"","addedToConfig":false,"painted":false,"position":{},"taskNotes":"<p><br></p>","desc":"Return","outputTask":"1591979197200"},"1591979197200":{"id":"1591979197200","type":"createDataObject","position":{},"condition":"API_MainResponse","mapping":[{"name":"status","valueType":"constant","value":"SUCCESS - API_User_Search_Paginated_UsersList","fieldType":"String","list":false,"rr_dynamic_field_name_type":"","fromModel":""}],"label":"","taskName":"API_MainResponse","parent":"1591979181991","painted":false,"taskNotes":"<p><br></p>","addedToConfig":false},"1689177031959":{"id":"1689177031959","type":"decision","newMapping":true,"position":{},"condition":null,"serviceName":null,"serviceType":null,"operator":"and","mapping":[{"sourceType":"notNull","sourceValue":null,"source":"1689177041959","sourceFieldType":null,"sourceModel":"Branch_UserTags","isSourceList":null,"targetType":"variable","targetValue":null,"target":null,"targetFieldType":null,"targetModel":"","isTargetList":null,"comparator":null}],"label":"","parent":"1689177041959","painted":false,"taskNotes":"<p><br></p>","addedToConfig":false},"1689177031959_end":{"id":"1689177031959_end","decisionId":"1689177031959","position":{},"type":"decisionEnd","painted":false,"addedToConfig":false},"1689177031959_success_start":{"id":"1689177031959_success_start","decisionId":"1689177031959","parent":"1689177031959","position":{},"type":"decisionSucessStart","painted":false,"addedToConfig":false},"1689177031959_failure_start":{"id":"1689177031959_failure_start","decisionId":"1689177031959","parent":"1689177031959","position":{},"type":"decisionFailureStart","painted":false,"addedToConfig":false},"1689177031959_success_end":{"id":"1689177031959_success_end","decisionId":"1689177031959","parent":"1689177032002","position":{},"type":"decisionSucessEnd","painted":false,"addedToConfig":false},"1689177031959_failure_end":{"id":"1689177031959_failure_end","decisionId":"1689177031959","parent":"1689177032005_end","position":{},"type":"decisionFailureEnd","painted":false,"addedToConfig":false},"1689177031961":{"id":"1689177031961","type":"iterator","iterationType":"for","position":{},"mapping":[],"label":"","taskName":"Current Tag","parent":"1689354163350","painted":false,"counterType":"dynamic","operator":"and","taskNotes":"<p><br></p>","inputTask":"1689177041959","inputValue":null,"inputDataModel":"Branch_UserTags","addedToConfig":false},"1689177031961iterationEnd":{"id":"1689177031961iterationEnd","iteratorId":"1689177031961","parent":"1689177031964_end","position":{},"type":"iterationEnd","painted":false,"addedToConfig":false,"taskNotes":"<p><br></p>"},"1689177031963":{"id":"1689177031963","type":"query","position":{},"source":null,"target":null,"mapping":[{"name":null,"valueType":"variable","value":null,"fieldType":null,"list":null,"fromModel":"API_UserRequest","source":"rr_page_data"}],"label":"","filterBy":"criteria","searchOption":"byPage","operator":"and","taskName":"Users","parent":"1689354033582_end","painted":false,"taskNotes":"<p><br></p>","ignoreSecurity":true,"queryType":"named","relationshipMapping":[],"modelName":"User","addedToConfig":false,"query":"64aeb76a8f084726da57630e","inputTask":"rr_page_data","inputValue":null,"startIndexTask":"1689178542443","startIndexValue":"startIndex","pageSizeTask":"1689178542443","pageSizeValue":"pageSize","useOwnerTenant":false},"1689177031964":{"id":"1689177031964","type":"decision","newMapping":true,"position":{},"condition":null,"serviceName":null,"serviceType":null,"operator":"and","mapping":[{"sourceType":"notNull","sourceValue":null,"source":"1689177031963","sourceFieldType":null,"sourceModel":"SysQueryResult","isSourceList":null,"targetType":"variable","targetValue":null,"target":null,"targetFieldType":null,"targetModel":"","isTargetList":null,"comparator":null}],"label":"","parent":"1689177031963","painted":false,"taskNotes":"<p><br></p>","addedToConfig":false},"1689177031964_end":{"id":"1689177031964_end","decisionId":"1689177031964","position":{},"type":"decisionEnd","painted":false,"addedToConfig":false},"1689177031964_success_start":{"id":"1689177031964_success_start","decisionId":"1689177031964","parent":"1689177031964","position":{},"type":"decisionSucessStart","painted":false,"addedToConfig":false},"1689177031964_failure_start":{"id":"1689177031964_failure_start","decisionId":"1689177031964","parent":"1689177031964","position":{},"type":"decisionFailureStart","painted":false,"addedToConfig":false},"1689177031964_success_end":{"id":"1689177031964_success_end","decisionId":"1689177031964","parent":"1689355054054","position":{},"type":"decisionSucessEnd","painted":false,"addedToConfig":false},"1689177031964_failure_end":{"id":"1689177031964_failure_end","decisionId":"1689177031964","parent":"1689177031994","position":{},"type":"decisionFailureEnd","painted":false,"addedToConfig":false},"1689177031966":{"id":"1689177031966","type":"iterator","iterationType":"for","position":{},"mapping":[],"label":"","taskName":"Current User","parent":"1689177031964_success_start","painted":false,"counterType":"dynamic","operator":"and","taskNotes":"<p><br></p>","inputTask":"1689177031963","inputValue":"data","inputDataModel":"User","addedToConfig":false},"1689177031966iterationEnd":{"id":"1689177031966iterationEnd","iteratorId":"1689177031966","parent":"1689177031971_end","position":{},"type":"iterationEnd","painted":false,"addedToConfig":false},"1689177031968":{"id":"1689177031968","type":"service","value":"Utility Function","serviceType":"internal","position":{},"label":"","callType":"async","taskName":"Empty List","parent":"1689177031966","painted":false,"desc":"Utility Function","taskNotes":"<p><br></p>","utilityFunctionId":"createList","addAtIndexType":"constant","addAtIndex":false,"addedToConfig":false},"1689177031969":{"id":"1689177031969","type":"dataTransfer","position":{},"source":"mddui_page_input_data","sourceType":"page","sourceVariable":"rr_page_data","targetType":"page","target":"1689177031966","targetVariable":null,"resultVariable":null,"mapping":[{"name":"tempRoleList","valueType":"variable","value":null,"fieldType":"SUB_String","list":false,"rr_dynamic_field_name_type":"","source":"1689177031968"}],"label":"","taskName":"Update Model in Memory","parent":"1689177031968","painted":false,"taskNotes":"<p><br></p>","condition":"User","addedToConfig":false},"1689177031970":{"id":"1689177031970","type":"query","position":{},"source":null,"target":null,"mapping":[{"name":"userId","valueType":"variable","value":"_id","fieldType":"String","list":false,"fromModel":"User","comparator":"equals","source":"1689177031966"}],"label":"","filterBy":"criteria","searchOption":"many","operator":"and","taskName":"SysRoleUser","parent":"1689177031969","painted":false,"taskNotes":"<p><br></p>","ignoreSecurity":true,"queryType":"dynamic","relationshipMapping":[],"modelName":"SysRoleUser","addedToConfig":false,"selectFields":[],"sortFields":[],"useOwnerTenant":false},"1689177031971":{"id":"1689177031971","type":"decision","newMapping":true,"position":{},"condition":null,"serviceName":null,"serviceType":null,"operator":"and","mapping":[{"sourceType":"notNull","sourceValue":null,"source":"1689177031970","sourceFieldType":null,"sourceModel":"SysRoleUser","isSourceList":null,"targetType":"variable","targetValue":null,"target":null,"targetFieldType":null,"targetModel":"","isTargetList":null,"comparator":null}],"label":"","parent":"1689177031970","painted":false,"taskNotes":"<p><br></p>","addedToConfig":false},"1689177031971_end":{"id":"1689177031971_end","decisionId":"1689177031971","position":{},"type":"decisionEnd","painted":false,"addedToConfig":false},"1689177031971_success_start":{"id":"1689177031971_success_start","decisionId":"1689177031971","parent":"1689177031971","position":{},"type":"decisionSucessStart","painted":false,"addedToConfig":false},"1689177031971_failure_start":{"id":"1689177031971_failure_start","decisionId":"1689177031971","parent":"1689177031971","position":{},"type":"decisionFailureStart","painted":false,"addedToConfig":false},"1689177031971_success_end":{"id":"1689177031971_success_end","decisionId":"1689177031971","parent":"1689177031972iterationEnd","position":{},"type":"decisionSucessEnd","painted":false,"addedToConfig":false},"1689177031971_failure_end":{"id":"1689177031971_failure_end","decisionId":"1689177031971","parent":"1689177031986","position":{},"type":"decisionFailureEnd","painted":false,"addedToConfig":false},"1689177031972":{"id":"1689177031972","type":"iterator","iterationType":"for","position":{},"mapping":[],"label":"","taskName":"Current SysRoleUser","parent":"1689177031971_success_start","painted":false,"counterType":"dynamic","operator":"and","taskNotes":"<p><br></p>","inputTask":"1689177031970","inputValue":null,"inputDataModel":"SysRoleUser","addedToConfig":false},"1689177031972iterationEnd":{"id":"1689177031972iterationEnd","iteratorId":"1689177031972","parent":"1689177031974_end","position":{},"type":"iterationEnd","painted":false,"addedToConfig":false},"1689177031973":{"id":"1689177031973","type":"query","position":{},"source":null,"target":null,"mapping":[{"name":"roleId","valueType":"variable","value":"appRoleId","fieldType":"String","list":false,"fromModel":"SysRole","comparator":"equals","source":"1705953965210"}],"label":"","filterBy":"criteria","searchOption":"one","operator":"and","taskName":"Lookup_RoleInfo","parent":"1705953965210","painted":false,"taskNotes":"<p><br></p>","ignoreSecurity":true,"queryType":"dynamic","relationshipMapping":[],"modelName":"Lookup_RoleInfo","addedToConfig":false,"selectFields":[],"sortFields":[],"useOwnerTenant":true},"1689177031974":{"id":"1689177031974","type":"decision","newMapping":true,"position":{},"condition":null,"serviceName":null,"serviceType":null,"operator":"and","mapping":[{"sourceType":"notNull","sourceValue":null,"source":"1689177031973","sourceFieldType":null,"sourceModel":"Lookup_RoleInfo","isSourceList":null,"targetType":"variable","targetValue":null,"target":null,"targetFieldType":null,"targetModel":"","isTargetList":null,"comparator":null}],"label":"","parent":"1689177031973","painted":false,"taskNotes":"<p><br></p>","addedToConfig":false},"1689177031974_end":{"id":"1689177031974_end","decisionId":"1689177031974","position":{},"type":"decisionEnd","painted":false,"addedToConfig":false},"1689177031974_success_start":{"id":"1689177031974_success_start","decisionId":"1689177031974","parent":"1689177031974","position":{},"type":"decisionSucessStart","painted":false,"addedToConfig":false},"1689177031974_failure_start":{"id":"1689177031974_failure_start","decisionId":"1689177031974","parent":"1689177031974","position":{},"type":"decisionFailureStart","painted":false,"addedToConfig":false},"1689177031974_success_end":{"id":"1689177031974_success_end","decisionId":"1689177031974","parent":"1689177031977","position":{},"type":"decisionSucessEnd","painted":false,"addedToConfig":false},"1689177031974_failure_end":{"id":"1689177031974_failure_end","decisionId":"1689177031974","parent":"1689177031980","position":{},"type":"decisionFailureEnd","painted":false,"addedToConfig":false},"1689177031976":{"id":"1689177031976","type":"createDataObject","position":{},"condition":"SUB_String","mapping":[{"name":"string","valueType":"variable","value":"roleName","fieldType":"String","list":false,"rr_dynamic_field_name_type":"","fromModel":"Lookup_RoleInfo","source":"1689177031973"},{"name":"string2","valueType":"variable","value":"roleColor","fieldType":"String","list":false,"rr_dynamic_field_name_type":"","fromModel":"Lookup_RoleInfo","source":"1689177031973"}],"label":"","taskName":"SUB_String","parent":"1689177031974_success_start","painted":false,"taskNotes":"<p><br></p>","addedToConfig":false},"1689177031977":{"id":"1689177031977","type":"service","value":"Utility Function","serviceType":"internal","position":{},"label":"","callType":"async","taskName":"Add Role to tempRoleList","parent":"1689177031976","painted":false,"desc":"Utility Function","taskNotes":"<p><br></p>","utilityFunctionId":"addToList","inputTask":"1689177031976","inputValue":null,"targetTask":"1689177031966","targetValue":"tempRoleList","uniqueList":true,"compareFieldNameTask":"SUB_String","compareFieldName":"string","addedToConfig":false,"addAtIndexType":"constant","addAtIndex":false},"1689177031979":{"id":"1689177031979","type":"expression","position":{},"expression":[{"type":"data","source":"constant","value":"No SysRole Record Found for "},{"type":"operator","operator":"+","symbol":"+"},{"type":"data","sourceText":"Output of Current SysRoleUser ( SysRoleUser )","source":"1689177031972","value":"roleId"}],"targetVariable":null,"label":"","taskName":"No SysRole Record Found for <roleId>","parent":"1689177031974_failure_start","painted":false,"taskNotes":"<p><br></p>","expressionType":"string","addedToConfig":false},"1689177031980":{"id":"1689177031980","type":"service","value":"Utility Function","serviceType":"internal","position":{},"label":"","callType":"async","taskName":"Add Reason to List","parent":"1689177031979","painted":false,"desc":"Utility Function","taskNotes":"<p><br></p>","utilityFunctionId":"addToList","inputTask":"1689177031979","inputValue":null,"targetTask":"1591979197200","targetValue":"reasons","addedToConfig":false,"addAtIndexType":"constant","addAtIndex":false},"1689177031985":{"id":"1689177031985","type":"expression","position":{},"expression":[{"type":"data","source":"constant","value":"No SysRoleUser Records for "},{"type":"operator","operator":"+","symbol":"+"},{"type":"data","sourceText":"Output of Current User ( User )","source":"1689177031966","value":"_id"}],"targetVariable":null,"label":"","taskName":"No SysRoleUser Records for <userId>","parent":"1689177031971_failure_start","painted":false,"taskNotes":"<p><br></p>","expressionType":"string","addedToConfig":false},"1689177031986":{"id":"1689177031986","type":"service","value":"Utility Function","serviceType":"internal","position":{},"label":"","callType":"async","taskName":"Add Reason to List","parent":"1689177031985","painted":false,"desc":"Utility Function","taskNotes":"<p><br></p>","utilityFunctionId":"addToList","inputTask":"1689177031985","inputValue":null,"targetTask":"1591979197200","targetValue":"reasons","addedToConfig":false,"addAtIndexType":"constant","addAtIndex":false},"1689177031992":{"id":"1689177031992","type":"expression","position":{},"expression":[{"type":"data","source":"constant","value":"No Users Found for tag "},{"type":"operator","operator":"+","symbol":"+"},{"type":"data","sourceText":"Output of Current Tag ( Branch_UserTags )","source":"1689177031961","value":"_id"}],"targetVariable":null,"label":"","taskName":"No Users Found for tag <_id>","parent":"1689177031964_failure_start","painted":false,"taskNotes":"<p><br></p>","expressionType":"string","addedToConfig":false},"1689177031993":{"id":"1689177031993","type":"dataTransfer","position":{},"source":"mddui_page_input_data","sourceType":"page","sourceVariable":"rr_page_data","targetType":"page","target":"1591979197200","targetVariable":null,"resultVariable":null,"mapping":[{"name":"status","valueType":"constant","value":"FAILED","fieldType":"String","list":false,"rr_dynamic_field_name_type":"","fromModel":""}],"label":"","taskName":"Update Model in Memory","parent":"1689177031992","painted":false,"taskNotes":"<p><br></p>","condition":"API_MainResponse","addedToConfig":false},"1689177031994":{"id":"1689177031994","type":"service","value":"Utility Function","serviceType":"internal","position":{},"label":"","callType":"async","taskName":"Add Reason to List","parent":"1689177031993","painted":false,"desc":"Utility Function","taskNotes":"<p><br></p>","utilityFunctionId":"addToList","inputTask":"1689177031992","inputValue":"","targetTask":"1591979197200","targetValue":"reasons","addedToConfig":false,"addAtIndexType":"constant","addAtIndex":false},"1689177031998":{"id":"1689177031998","type":"createDataObject","position":{},"condition":"SUB_String","mapping":[],"label":"","taskName":"USER_SEARCH_RESULTS_COUNT","parent":"1689177031961iterationEnd","painted":false,"taskNotes":"<p><br></p>","showAllFields":false,"addedToConfig":false},"1689177031999":{"id":"1689177031999","type":"service","value":"Utility Function","serviceType":"internal","position":{},"label":"","callType":"async","taskName":"Results Count","parent":"1689177031998","painted":false,"desc":"Utility Function","taskNotes":"<p><br></p>","utilityFunctionId":"listSize","inputTask":"1591979197200","inputValue":"list","addedToConfig":false},"1689177032000":{"id":"1689177032000","type":"expression","position":{},"expression":[{"type":"data","source":"constant","value":"Found "},{"type":"operator","operator":"+","symbol":"+"},{"type":"data","sourceText":"Output of Results Count","source":"1689177031999"},{"type":"operator","operator":"+","symbol":"+"},{"type":"data","source":"constant","value":" users."}],"targetVariable":null,"label":"","taskName":"Expression","parent":"1689177031999","painted":false,"taskNotes":"<p><br></p>","outputTask":"1689177031998","outputVariable":"string","expressionType":"string","addedToConfig":false},"1689177032002":{"id":"1689177032002","type":"dataTransfer","position":{},"source":"mddui_page_input_data","sourceType":"page","sourceVariable":"rr_page_data","targetType":"page","target":"1591979197200","targetVariable":null,"resultVariable":null,"mapping":[{"name":"object","valueType":"variable","value":"rr_this_object","fieldType":"Object","list":false,"rr_dynamic_field_name_type":"","fromModel":"SUB_String","source":"1689177031998"}],"label":"","taskName":"Update Model in Memory","parent":"1689177032000","painted":false,"taskNotes":"<p><br></p>","condition":"API_MainResponse","addedToConfig":false,"showAllFields":false},"1689177032004":{"id":"1689177032004","type":"query","position":{},"source":null,"target":null,"mapping":[{"name":null,"valueType":"variable","value":null,"fieldType":null,"list":null,"fromModel":"API_UserRequest","source":"rr_page_data"}],"label":"","filterBy":"criteria","searchOption":"byPage","operator":"and","taskName":"Users","parent":"1689352315241_end","painted":false,"taskNotes":"<p><br></p>","ignoreSecurity":true,"queryType":"named","relationshipMapping":[],"modelName":"User","addedToConfig":false,"query":"64aeb76a8f084726da57630e","inputTask":"rr_page_data","inputValue":null,"startIndexTask":"1689178542443","startIndexValue":"startIndex","pageSizeTask":"1689178542443","pageSizeValue":"pageSize","selectFields":[],"sortFields":[],"useOwnerTenant":false},"1689177032005":{"id":"1689177032005","type":"decision","newMapping":true,"position":{},"condition":null,"serviceName":null,"serviceType":null,"operator":"and","mapping":[{"sourceType":"notNull","sourceValue":null,"source":"1689177032004","sourceFieldType":null,"sourceModel":"SysQueryResult","isSourceList":null,"targetType":"variable","targetValue":null,"target":null,"targetFieldType":null,"targetModel":"","isTargetList":null,"comparator":null}],"label":"","parent":"1689177032004","painted":false,"taskNotes":"<p><br></p>","addedToConfig":false},"1689177032005_end":{"id":"1689177032005_end","decisionId":"1689177032005","position":{},"type":"decisionEnd","painted":false,"addedToConfig":false},"1689177032005_success_start":{"id":"1689177032005_success_start","decisionId":"1689177032005","parent":"1689177032005","position":{},"type":"decisionSucessStart","painted":false,"addedToConfig":false},"1689177032005_failure_start":{"id":"1689177032005_failure_start","decisionId":"1689177032005","parent":"1689177032005","position":{},"type":"decisionFailureStart","painted":false,"addedToConfig":false},"1689177032005_success_end":{"id":"1689177032005_success_end","decisionId":"1689177032005","parent":"1689177032039","position":{},"type":"decisionSucessEnd","painted":false,"addedToConfig":false},"1689177032005_failure_end":{"id":"1689177032005_failure_end","decisionId":"1689177032005","parent":"1689177032043","position":{},"type":"decisionFailureEnd","painted":false,"addedToConfig":false},"1689177032007":{"id":"1689177032007","type":"iterator","iterationType":"for","position":{},"mapping":[],"label":"","taskName":"Current User","parent":"1689177032005_success_start","painted":false,"counterType":"dynamic","operator":"and","taskNotes":"<p><br></p>","inputTask":"1689177032004","inputValue":"data","inputDataModel":"User","addedToConfig":false},"1689177032007iterationEnd":{"id":"1689177032007iterationEnd","iteratorId":"1689177032007","parent":"1689177032012_end","position":{},"type":"iterationEnd","painted":false,"addedToConfig":false},"1689177032008":{"id":"1689177032008","type":"service","value":"Utility Function","serviceType":"internal","position":{},"label":"","callType":"async","taskName":"Empty List","parent":"1689177032007","painted":false,"desc":"Utility Function","taskNotes":"<p><br></p>","utilityFunctionId":"createList","addAtIndexType":"constant","addAtIndex":false,"addedToConfig":false},"1689177032009":{"id":"1689177032009","type":"dataTransfer","position":{},"source":"mddui_page_input_data","sourceType":"page","sourceVariable":"rr_page_data","targetType":"page","target":"1689177032007","targetVariable":null,"resultVariable":null,"mapping":[{"name":"tempRoleList","valueType":"variable","value":null,"fieldType":"SUB_String","list":false,"rr_dynamic_field_name_type":"","source":"1689177032008"}],"label":"","taskName":"Update Model in Memory","parent":"1689177032008","painted":false,"taskNotes":"<p><br></p>","condition":"User","addedToConfig":false},"1689177032010":{"id":"1689177032010","type":"query","position":{},"source":null,"target":null,"mapping":[{"name":"userId","valueType":"variable","value":"_id","fieldType":"String","list":false,"fromModel":"User","comparator":"equals","source":"1689177032007"}],"label":"","filterBy":"criteria","searchOption":"many","operator":"and","taskName":"SysRoleUser","parent":"1689177032009","painted":false,"taskNotes":"<p><br></p>","ignoreSecurity":true,"queryType":"dynamic","relationshipMapping":[],"modelName":"SysRoleUser","addedToConfig":false,"selectFields":[],"sortFields":[],"useOwnerTenant":false},"1689177032012":{"id":"1689177032012","type":"decision","newMapping":true,"position":{},"condition":null,"serviceName":null,"serviceType":null,"operator":"and","mapping":[{"sourceType":"notNull","sourceValue":null,"source":"1689177032010","sourceFieldType":null,"sourceModel":"SysRoleUser","isSourceList":null,"targetType":"variable","targetValue":null,"target":null,"targetFieldType":null,"targetModel":"","isTargetList":null,"comparator":null}],"label":"","parent":"1689177032010","painted":false,"taskNotes":"<p><br></p>","addedToConfig":false},"1689177032012_end":{"id":"1689177032012_end","decisionId":"1689177032012","position":{},"type":"decisionEnd","painted":false,"addedToConfig":false},"1689177032012_success_start":{"id":"1689177032012_success_start","decisionId":"1689177032012","parent":"1689177032012","position":{},"type":"decisionSucessStart","painted":false,"addedToConfig":false},"1689177032012_failure_start":{"id":"1689177032012_failure_start","decisionId":"1689177032012","parent":"1689177032012","position":{},"type":"decisionFailureStart","painted":false,"addedToConfig":false},"1689177032012_success_end":{"id":"1689177032012_success_end","decisionId":"1689177032012","parent":"1689177032013iterationEnd","position":{},"type":"decisionSucessEnd","painted":false,"addedToConfig":false},"1689177032012_failure_end":{"id":"1689177032012_failure_end","decisionId":"1689177032012","parent":"1689177032026","position":{},"type":"decisionFailureEnd","painted":false,"addedToConfig":false},"1689177032013":{"id":"1689177032013","type":"iterator","iterationType":"for","position":{},"mapping":[],"label":"","taskName":"Current SysRoleUser","parent":"1689177032012_success_start","painted":false,"counterType":"dynamic","operator":"and","taskNotes":"<p><br></p>","inputTask":"1689177032010","inputValue":null,"inputDataModel":"SysRoleUser","addedToConfig":false},"1689177032013iterationEnd":{"id":"1689177032013iterationEnd","iteratorId":"1689177032013","parent":"1689177032015_end","position":{},"type":"iterationEnd","painted":false,"addedToConfig":false},"1689177032014":{"id":"1689177032014","type":"query","position":{},"source":null,"target":null,"mapping":[{"name":"roleId","valueType":"variable","value":"appRoleId","fieldType":"String","list":false,"fromModel":"SysRole","comparator":"equals","source":"1705938464312"}],"label":"","filterBy":"criteria","searchOption":"one","operator":"and","taskName":"Lookup_RoleInfo","parent":"1705938464312","painted":false,"taskNotes":"<p><br></p>","ignoreSecurity":true,"queryType":"dynamic","relationshipMapping":[],"modelName":"Lookup_RoleInfo","addedToConfig":false,"selectFields":[],"sortFields":[],"useOwnerTenant":true},"1689177032015":{"id":"1689177032015","type":"decision","newMapping":true,"position":{},"condition":null,"serviceName":null,"serviceType":null,"operator":"and","mapping":[{"sourceType":"notNull","sourceValue":null,"source":"1689177032014","sourceFieldType":null,"sourceModel":"Lookup_RoleInfo","isSourceList":null,"targetType":"variable","targetValue":null,"target":null,"targetFieldType":null,"targetModel":"","isTargetList":null,"comparator":null}],"label":"","parent":"1689177032014","painted":false,"taskNotes":"<p><br></p>","addedToConfig":false},"1689177032015_end":{"id":"1689177032015_end","decisionId":"1689177032015","position":{},"type":"decisionEnd","painted":false,"addedToConfig":false},"1689177032015_success_start":{"id":"1689177032015_success_start","decisionId":"1689177032015","parent":"1689177032015","position":{},"type":"decisionSucessStart","painted":false,"addedToConfig":false},"1689177032015_failure_start":{"id":"1689177032015_failure_start","decisionId":"1689177032015","parent":"1689177032015","position":{},"type":"decisionFailureStart","painted":false,"addedToConfig":false},"1689177032015_success_end":{"id":"1689177032015_success_end","decisionId":"1689177032015","parent":"1689177032017","position":{},"type":"decisionSucessEnd","painted":false,"addedToConfig":false},"1689177032015_failure_end":{"id":"1689177032015_failure_end","decisionId":"1689177032015","parent":"1689177032020","position":{},"type":"decisionFailureEnd","painted":false,"addedToConfig":false},"1689177032016":{"id":"1689177032016","type":"createDataObject","position":{},"condition":"SUB_String","mapping":[{"name":"string","valueType":"variable","value":"roleName","fieldType":"String","list":false,"rr_dynamic_field_name_type":"","fromModel":"Lookup_RoleInfo","source":"1689177032014"},{"name":"string2","valueType":"variable","value":"roleColor","fieldType":"String","list":false,"rr_dynamic_field_name_type":"","fromModel":"Lookup_RoleInfo","source":"1689177032014"}],"label":"","taskName":"SUB_String","parent":"1689177032015_success_start","painted":false,"taskNotes":"<p><br></p>","addedToConfig":false},"1689177032017":{"id":"1689177032017","type":"service","value":"Utility Function","serviceType":"internal","position":{},"label":"","callType":"async","taskName":"Add Role to tempRoleList","parent":"1689177032016","painted":false,"desc":"Utility Function","taskNotes":"<p><br></p>","utilityFunctionId":"addToList","inputTask":"1689177032016","inputValue":null,"targetTask":"1689177032007","targetValue":"tempRoleList","uniqueList":true,"compareFieldNameTask":"SUB_String","compareFieldName":"string","addedToConfig":false,"addAtIndexType":"constant","addAtIndex":false},"1689177032019":{"id":"1689177032019","type":"expression","position":{},"expression":[{"type":"data","source":"constant","value":"No SysRole Record Found for "},{"type":"operator","operator":"+","symbol":"+"},{"type":"data","sourceText":"Output of Current SysRoleUser ( SysRoleUser )","source":"1689177032013","value":"roleId"}],"targetVariable":null,"label":"","taskName":"No SysRole Record Found for <roleId>","parent":"1689177032015_failure_start","painted":false,"taskNotes":"<p><br></p>","expressionType":"string","addedToConfig":false},"1689177032020":{"id":"1689177032020","type":"service","value":"Utility Function","serviceType":"internal","position":{},"label":"","callType":"async","taskName":"Add Reason to List","parent":"1689177032019","painted":false,"desc":"Utility Function","taskNotes":"<p><br></p>","utilityFunctionId":"addToList","inputTask":"1689177032019","inputValue":null,"targetTask":"1591979197200","targetValue":"reasons","addedToConfig":false,"addAtIndexType":"constant","addAtIndex":false},"1689177032025":{"id":"1689177032025","type":"expression","position":{},"expression":[{"type":"data","source":"constant","value":"No SysRoleUser Records for "},{"type":"operator","operator":"+","symbol":"+"},{"type":"data","sourceText":"Output of Current User ( User )","source":"1689177032007","value":"_id"}],"targetVariable":null,"label":"","taskName":"No SysRoleUser Records for <userId>","parent":"1689177032012_failure_start","painted":false,"taskNotes":"<p><br></p>","expressionType":"string","addedToConfig":false},"1689177032026":{"id":"1689177032026","type":"service","value":"Utility Function","serviceType":"internal","position":{},"label":"","callType":"async","taskName":"Add Reason to List","parent":"1689177032025","painted":false,"desc":"Utility Function","taskNotes":"<p><br></p>","utilityFunctionId":"addToList","inputTask":"1689177032025","inputValue":null,"targetTask":"1591979197200","targetValue":"reasons","addedToConfig":false,"addAtIndexType":"constant","addAtIndex":false},"1689177032030":{"id":"1689177032030","type":"createDataObject","position":{},"condition":"SUB_String","mapping":[],"label":"","taskName":"USER_SEARCH_RESULTS_COUNT","parent":"1689177032007iterationEnd","painted":false,"taskNotes":"<p><br></p>","showAllFields":false,"addedToConfig":false},"1689177032031":{"id":"1689177032031","type":"service","value":"Utility Function","serviceType":"internal","position":{},"label":"","callType":"async","taskName":"Results Count","parent":"1689177032030","painted":false,"desc":"Utility Function","taskNotes":"<p><br></p>","utilityFunctionId":"listSize","inputTask":"1689177032004","inputValue":"data","addedToConfig":false},"1689177032039":{"id":"1689177032039","type":"dataTransfer","position":{},"source":"mddui_page_input_data","sourceType":"page","sourceVariable":"rr_page_data","targetType":"page","target":"1591979197200","targetVariable":null,"resultVariable":null,"mapping":[{"name":"object2","valueType":"variable","value":"rr_this_object","fieldType":"Object","list":false,"rr_dynamic_field_name_type":"","fromModel":"SysQueryResult","source":"1689177032004"},{"name":"object","valueType":"variable","value":"rr_this_object","fieldType":"Object","list":false,"rr_dynamic_field_name_type":"","fromModel":"SUB_String","source":"1689177032030"}],"label":"","taskName":"Update Model in Memory","parent":"1713452741228","painted":false,"taskNotes":"<p><br></p>","condition":"API_MainResponse","addedToConfig":false},"1689177032041":{"id":"1689177032041","type":"expression","position":{},"expression":[{"type":"data","source":"constant","value":"No Users Found are"}],"targetVariable":null,"label":"","taskName":"No Users Found","parent":"1689177032005_failure_start","painted":false,"taskNotes":"<p><br></p>","expressionType":"string","addedToConfig":false},"1689177032042":{"id":"1689177032042","type":"dataTransfer","position":{},"source":"mddui_page_input_data","sourceType":"page","sourceVariable":"rr_page_data","targetType":"page","target":"1591979197200","targetVariable":null,"resultVariable":null,"mapping":[{"name":"status","valueType":"constant","value":"FAILED","fieldType":"String","list":false,"rr_dynamic_field_name_type":"","fromModel":""}],"label":"","taskName":"Update Model in Memory","parent":"1689177032041","painted":false,"taskNotes":"<p><br></p>","condition":"API_MainResponse","addedToConfig":false},"1689177032043":{"id":"1689177032043","type":"service","value":"Utility Function","serviceType":"internal","position":{},"label":"","callType":"async","taskName":"Add Reason to List","parent":"1689177032042","painted":false,"desc":"Utility Function","taskNotes":"<p><br></p>","utilityFunctionId":"addToList","inputTask":"1689177032041","inputValue":"","targetTask":"1591979197200","targetValue":"reasons","addedToConfig":false,"addAtIndexType":"constant","addAtIndex":false},"1689177041959":{"id":"1689177041959","type":"query","position":{},"source":null,"target":null,"mapping":[],"label":"","filterBy":"criteria","searchOption":"many","operator":"and","taskName":"Branch_UserTags","parent":"1689190102265_end","painted":false,"taskNotes":"<p><br></p>","ignoreSecurity":true,"queryType":"dynamic","relationshipMapping":[{"name":"managedBy","inputTask":"rr_page_data","inputValue":"loggedInUserId","model":"User","fromModel":"API_UserRequest"}],"selectFields":[{"fieldName":"_id"},{"fieldName":"name"}],"sortFields":[],"modelName":"Branch_UserTags","addedToConfig":false,"useOwnerTenant":false},"1689178116792":{"id":"1689178116792","type":"decision","newMapping":true,"position":{},"condition":null,"serviceName":null,"serviceType":null,"operator":"and","mapping":[{"sourceType":"variable","sourceValue":"branchId","source":"rr_page_data","sourceFieldType":"String","sourceModel":"API_UserRequest","isSourceList":false,"targetType":"variable","targetValue":null,"target":null,"targetFieldType":null,"targetModel":"","isTargetList":null,"comparator":"notEmpty"}],"label":"","parent":"1591979197200","painted":false,"taskNotes":"<p><br></p>","addedToConfig":false},"1689178116792_end":{"id":"1689178116792_end","decisionId":"1689178116792","position":{},"type":"decisionEnd","painted":false,"taskNotes":"<p><br></p>","addedToConfig":false},"1689178116792_success_start":{"id":"1689178116792_success_start","decisionId":"1689178116792","parent":"1689178116792","position":{},"type":"decisionSucessStart","painted":false,"addedToConfig":false},"1689178116792_failure_start":{"id":"1689178116792_failure_start","decisionId":"1689178116792","parent":"1689178116792","position":{},"type":"decisionFailureStart","painted":false,"addedToConfig":false},"1689178116792_success_end":{"id":"1689178116792_success_end","decisionId":"1689178116792","parent":"1689178116792_success_start","position":{},"type":"decisionSucessEnd","painted":false,"addedToConfig":false},"1689178116792_failure_end":{"id":"1689178116792_failure_end","decisionId":"1689178116792","parent":"1689178116797","position":{},"type":"decisionFailureEnd","painted":false,"addedToConfig":false},"1689178116795":{"id":"1689178116795","type":"dataTransfer","position":{},"source":"mddui_page_input_data","sourceType":"page","sourceVariable":"rr_page_data","targetType":"page","target":"1591979197200","targetVariable":null,"resultVariable":null,"mapping":[{"name":"status","valueType":"constant","value":"FAILED","fieldType":"String","list":false,"rr_dynamic_field_name_type":"","fromModel":""}],"label":"","taskName":"Update Model in Memory","parent":"1689178116792_failure_start","painted":false,"taskNotes":"<p><br></p>","condition":"API_MainResponse","addedToConfig":false},"1689178116796":{"id":"1689178116796","type":"expression","position":{},"expression":[{"type":"data","source":"constant","value":"branchId Not Defined"}],"targetVariable":null,"label":"","taskName":"branchId Not Defined","parent":"1689178116795","painted":false,"taskNotes":"<p><br></p>","outputVariable":"","expressionType":"string","addedToConfig":false},"1689178116797":{"id":"1689178116797","type":"service","value":"Utility Function","serviceType":"internal","position":{},"label":"","callType":"async","taskName":"Add Reason to List","parent":"1689178116796","painted":false,"desc":"Utility Function","taskNotes":"<p><br></p>","utilityFunctionId":"addToList","addAtIndexType":"constant","addAtIndex":false,"inputTask":"1689178116796","inputValue":"","targetTask":"1591979197200","targetValue":"reasons","addedToConfig":false},"1689178159737":{"id":"1689178159737","type":"decision","newMapping":true,"position":{},"condition":null,"serviceName":null,"serviceType":null,"operator":"and","mapping":[{"sourceType":"variable","sourceValue":"userId","source":"rr_page_data","sourceFieldType":"String","sourceModel":"API_UserRequest","isSourceList":false,"targetType":"variable","targetValue":null,"target":null,"targetFieldType":null,"targetModel":"","isTargetList":null,"comparator":"notEmpty"}],"label":"","parent":"1689178116792_end","painted":false,"taskNotes":"<p><br></p>","addedToConfig":false},"1689178159737_end":{"id":"1689178159737_end","decisionId":"1689178159737","position":{},"type":"decisionEnd","painted":false,"taskNotes":"<p><br></p>","addedToConfig":false},"1689178159737_success_start":{"id":"1689178159737_success_start","decisionId":"1689178159737","parent":"1689178159737","position":{},"type":"decisionSucessStart","painted":false,"addedToConfig":false},"1689178159737_failure_start":{"id":"1689178159737_failure_start","decisionId":"1689178159737","parent":"1689178159737","position":{},"type":"decisionFailureStart","painted":false,"addedToConfig":false},"1689178159737_success_end":{"id":"1689178159737_success_end","decisionId":"1689178159737","parent":"1689178159737_success_start","position":{},"type":"decisionSucessEnd","painted":false,"addedToConfig":false},"1689178159737_failure_end":{"id":"1689178159737_failure_end","decisionId":"1689178159737","parent":"1689178159747","position":{},"type":"decisionFailureEnd","painted":false,"addedToConfig":false},"1689178159745":{"id":"1689178159745","type":"dataTransfer","position":{},"source":"mddui_page_input_data","sourceType":"page","sourceVariable":"rr_page_data","targetType":"page","target":"1591979197200","targetVariable":null,"resultVariable":null,"mapping":[{"name":"status","valueType":"constant","value":"FAILED","fieldType":"String","list":false,"rr_dynamic_field_name_type":"","fromModel":""}],"label":"","taskName":"Update Model in Memory","parent":"1689178159737_failure_start","painted":false,"taskNotes":"<p><br></p>","condition":"API_MainResponse","addedToConfig":false},"1689178159746":{"id":"1689178159746","type":"expression","position":{},"expression":[{"type":"data","source":"constant","value":"userId Not Defined"}],"targetVariable":null,"label":"","taskName":"userId Not Defined","parent":"1689178159745","painted":false,"taskNotes":"<p><br></p>","outputVariable":"","expressionType":"string","addedToConfig":false},"1689178159747":{"id":"1689178159747","type":"service","value":"Utility Function","serviceType":"internal","position":{},"label":"","callType":"async","taskName":"Add Reason to List","parent":"1689178159746","painted":false,"desc":"Utility Function","taskNotes":"<p><br></p>","utilityFunctionId":"addToList","addAtIndexType":"constant","addAtIndex":false,"inputTask":"1689178159746","inputValue":"","targetTask":"1591979197200","targetValue":"reasons","addedToConfig":false},"1689178316230_end":{"id":"1689178316230_end","decisionId":"1689178316230","position":{},"type":"decisionEnd","painted":false,"taskNotes":"<p><br></p>","addedToConfig":false},"1689178316230_success_start":{"id":"1689178316230_success_start","decisionId":"1689178316230","parent":"1689178316230","position":{},"type":"decisionSucessStart","painted":false,"addedToConfig":false},"1689178316230_failure_start":{"id":"1689178316230_failure_start","decisionId":"1689178316230","parent":"1689178316230","position":{},"type":"decisionFailureStart","painted":false,"addedToConfig":false},"1689178316230_success_end":{"id":"1689178316230_success_end","decisionId":"1689178316230","parent":"1689178332327","position":{},"type":"decisionSucessEnd","painted":false,"addedToConfig":false},"1689178316230_failure_end":{"id":"1689178316230_failure_end","decisionId":"1689178316230","parent":"1689178316230_failure_start","position":{},"type":"decisionFailureEnd","painted":false,"addedToConfig":false},"1689178316230":{"id":"1689178316230","type":"decision","newMapping":true,"position":{},"condition":null,"serviceName":null,"serviceType":null,"operator":"and","mapping":[{"sourceType":"variable","sourceValue":"status","source":"1591979197200","sourceFieldType":"String","sourceModel":"API_MainResponse","isSourceList":false,"targetType":"constant","targetValue":"FAILED","target":null,"targetFieldType":null,"targetModel":"","isTargetList":null,"comparator":"equals"}],"label":"","parent":"1689178159737_end","painted":false,"taskNotes":"<p><br></p>","addedToConfig":false},"1689178332327":{"id":"1689178332327","type":"goTo","position":{},"mapping":null,"label":"","taskId":"15919791819911000","taskParent":"1689177031959_end","taskName":"Go To","parent":"1689178316230_success_start","painted":false,"taskNotes":"<p><br></p>","addedToConfig":false},"1689178542443":{"id":"1689178542443","type":"createDataObject","position":{},"condition":"SysQueryResult","mapping":[{"name":"rr_this_object","valueType":"variable","value":"object","fieldType":null,"list":null,"rr_dynamic_field_name_type":"","fromModel":"API_UserRequest","source":"rr_page_data"}],"label":"","taskName":"Temp SysQueryResult","parent":"1689178316230_end","painted":false,"taskNotes":"<p><br></p>","addedToConfig":false},"1689178550624":{"id":"1689178550624","type":"decision","newMapping":true,"position":{},"condition":null,"serviceName":null,"serviceType":null,"operator":"and","mapping":[{"sourceType":"variable","sourceValue":"startIndex","source":"1689178542443","sourceFieldType":"Number","sourceModel":"SysQueryResult","isSourceList":false,"targetType":"variable","targetValue":null,"target":null,"targetFieldType":null,"targetModel":"","isTargetList":null,"comparator":"notEmpty"}],"label":"","parent":"1689178542443","painted":false,"taskNotes":"<p><br></p>","addedToConfig":false},"1689178550624_end":{"id":"1689178550624_end","decisionId":"1689178550624","position":{},"type":"decisionEnd","painted":false,"addedToConfig":false,"taskNotes":"<p><br></p>"},"1689178550624_success_start":{"id":"1689178550624_success_start","decisionId":"1689178550624","parent":"1689178550624","position":{},"type":"decisionSucessStart","painted":false,"addedToConfig":false},"1689178550624_failure_start":{"id":"1689178550624_failure_start","decisionId":"1689178550624","parent":"1689178550624","position":{},"type":"decisionFailureStart","painted":false,"addedToConfig":false},"1689178550624_success_end":{"id":"1689178550624_success_end","decisionId":"1689178550624","parent":"1689178550624_success_start","position":{},"type":"decisionSucessEnd","painted":false,"addedToConfig":false},"1689178550624_failure_end":{"id":"1689178550624_failure_end","decisionId":"1689178550624","parent":"1689178550636","position":{},"type":"decisionFailureEnd","painted":false,"addedToConfig":false},"1689178550636":{"id":"1689178550636","type":"dataTransfer","position":{},"source":"mddui_page_input_data","sourceType":"page","sourceVariable":"rr_page_data","targetType":"page","target":"1689178542443","targetVariable":null,"resultVariable":null,"mapping":[{"name":"pageSize","valueType":"constant","value":"50","fieldType":"Number","list":false,"rr_dynamic_field_name_type":"","fromModel":""},{"name":"startIndex","valueType":"constant","value":"0","fieldType":"Number","list":false,"rr_dynamic_field_name_type":"","fromModel":""}],"label":"","taskName":"Update Model in Memory","parent":"1689178550624_failure_start","painted":false,"taskNotes":"<p><br></p>","condition":"SysQueryResult","addedToConfig":false},"1689178616361":{"id":"1689178616361","type":"createDataObject","position":{},"condition":"SysQueryCriteria","mapping":[{"name":"field","valueType":"constant","value":"branchId","fieldType":"String","list":false,"rr_dynamic_field_name_type":"","fromModel":""},{"name":"operator","valueType":"constant","value":"$eq","fieldType":"String","list":false,"rr_dynamic_field_name_type":"","fromModel":""},{"name":"value","valueType":"variable","value":"branchId","fieldType":"String","list":false,"rr_dynamic_field_name_type":"","fromModel":"API_LogicModelRequest","source":"rr_page_data"}],"label":"","taskName":"SysQueryCriteria","parent":"1689178550624_end","painted":false,"taskNotes":"<p><br></p>","addedToConfig":false},"1689178831091":{"id":"1689178831091","type":"service","value":"Utility Function","serviceType":"internal","position":{},"label":"","callType":"async","taskName":"Add to List","parent":"1689178616361","painted":false,"desc":"Utility Function","taskNotes":"<p><br></p>","utilityFunctionId":"addToList","addAtIndexType":"constant","addAtIndex":false,"inputTask":"1689178616361","inputValue":null,"targetTask":"rr_page_data","targetValue":"list","addedToConfig":false},"1689180287773":{"id":"1689180287773","type":"dataTransfer","position":{},"source":"mddui_page_input_data","sourceType":"page","sourceVariable":"rr_page_data","targetType":"page","target":"rr_page_data","targetVariable":null,"resultVariable":null,"mapping":[{"name":"userSearchType","valueType":"empty","value":null,"fieldType":"String","list":false,"rr_dynamic_field_name_type":"","fromModel":""}],"label":"","taskName":"Update Model in Memory","parent":"1689177031959_failure_start","painted":false,"taskNotes":"<p><br></p>","condition":"API_UserRequest","addedToConfig":false},"1689190102265":{"id":"1689190102265","type":"decision","newMapping":true,"position":{},"condition":null,"serviceName":null,"serviceType":null,"operator":"and","mapping":[{"sourceType":"variable","sourceValue":"userSearchInput1","source":"rr_page_data","sourceFieldType":"String","sourceModel":"API_LogicModelRequest","isSourceList":false,"targetType":"variable","targetValue":null,"target":null,"targetFieldType":null,"targetModel":"","isTargetList":null,"comparator":"notEmpty"}],"label":"","parent":"1713446043270","painted":false,"taskNotes":"<p><br></p>","addedToConfig":false},"1689190102265_end":{"id":"1689190102265_end","decisionId":"1689190102265","position":{},"type":"decisionEnd","painted":false,"addedToConfig":false,"taskNotes":"<p><br></p>"},"1689190102265_success_start":{"id":"1689190102265_success_start","decisionId":"1689190102265","parent":"1689190102265","position":{},"type":"decisionSucessStart","painted":false,"addedToConfig":false},"1689190102265_failure_start":{"id":"1689190102265_failure_start","decisionId":"1689190102265","parent":"1689190102265","position":{},"type":"decisionFailureStart","painted":false,"addedToConfig":false},"1689190102265_success_end":{"id":"1689190102265_success_end","decisionId":"1689190102265","parent":"1689190102268","position":{},"type":"decisionSucessEnd","painted":false,"addedToConfig":false},"1689190102265_failure_end":{"id":"1689190102265_failure_end","decisionId":"1689190102265","parent":"1689190102265_failure_start","position":{},"type":"decisionFailureEnd","painted":false,"addedToConfig":false},"1689190102266":{"id":"1689190102266","type":"createDataObject","position":{},"condition":"SysQueryCriteria","mapping":[{"name":"ignoreCase","valueType":"constant","value":"true","fieldType":"Boolean","list":false,"rr_dynamic_field_name_type":"","fromModel":""},{"name":"field","valueType":"constant","value":"sysName","fieldType":"String","list":false,"rr_dynamic_field_name_type":"","fromModel":""},{"name":"operator","valueType":"constant","value":"contains","fieldType":"String","list":false,"rr_dynamic_field_name_type":"","fromModel":""},{"name":"value","valueType":"variable","value":"userSearchInput1","fieldType":"String","list":false,"rr_dynamic_field_name_type":"","fromModel":"API_LogicModelRequest","source":"rr_page_data"}],"label":"","taskName":"SysQueryCriteria - userName","parent":"1689190102265_success_start","painted":false,"taskNotes":"<p><br></p>","addedToConfig":false},"1689190102268":{"id":"1689190102268","type":"service","value":"Utility Function","serviceType":"internal","position":{},"label":"","callType":"async","taskName":"Add to List","parent":"1689190102266","painted":false,"desc":"Utility Function","taskNotes":"<p><br></p>","utilityFunctionId":"addToList","addAtIndexType":"constant","addAtIndex":false,"inputTask":"1689190102266","inputValue":null,"targetTask":"rr_page_data","targetValue":"list","addedToConfig":false},"1689352315241_end":{"id":"1689352315241_end","decisionId":"1689352315241","position":{},"type":"decisionEnd","painted":false,"addedToConfig":false},"1689352315241_success_start":{"id":"1689352315241_success_start","decisionId":"1689352315241","parent":"1689352315241","position":{},"type":"decisionSucessStart","painted":false,"addedToConfig":false},"1689352315241_failure_start":{"id":"1689352315241_failure_start","decisionId":"1689352315241","parent":"1689352315241","position":{},"type":"decisionFailureStart","painted":false,"addedToConfig":false},"1689352315241_success_end":{"id":"1689352315241_success_end","decisionId":"1689352315241","parent":"1689352337209","position":{},"type":"decisionSucessEnd","painted":false,"addedToConfig":false},"1689352315241_failure_end":{"id":"1689352315241_failure_end","decisionId":"1689352315241","parent":"1689352315241_failure_start","position":{},"type":"decisionFailureEnd","painted":false,"addedToConfig":false},"1689352315241":{"id":"1689352315241","type":"decision","newMapping":true,"position":{},"condition":null,"serviceName":null,"serviceType":null,"operator":"and","mapping":[{"sourceType":"variable","sourceValue":"userTagId","source":"rr_page_data","sourceFieldType":"String","sourceModel":"API_UserRequest","isSourceList":false,"targetType":"constant","targetValue":"NO_TAG","target":null,"targetFieldType":null,"targetModel":"","isTargetList":null,"comparator":"equals"}],"label":"","parent":"1689180287773","painted":false,"taskNotes":"<p><br></p>","addedToConfig":false},"1689352337209":{"id":"1689352337209","type":"dataTransfer","position":{},"source":"mddui_page_input_data","sourceType":"page","sourceVariable":"rr_page_data","targetType":"page","target":"rr_page_data","targetVariable":null,"resultVariable":null,"mapping":[{"name":"userTagId","valueType":"empty","value":null,"fieldType":"String","list":false,"rr_dynamic_field_name_type":"","fromModel":""}],"label":"","taskName":"Update Model in Memory","parent":"1689352315241_success_start","painted":false,"taskNotes":"<p><br></p>","condition":"API_UserRequest","addedToConfig":false},"1689354033582_end":{"id":"1689354033582_end","decisionId":"1689354033582","position":{},"type":"decisionEnd","painted":false,"addedToConfig":false},"1689354033582_success_start":{"id":"1689354033582_success_start","decisionId":"1689354033582","parent":"1689354033582","position":{},"type":"decisionSucessStart","painted":false,"addedToConfig":false},"1689354033582_failure_start":{"id":"1689354033582_failure_start","decisionId":"1689354033582","parent":"1689354033582","position":{},"type":"decisionFailureStart","painted":false,"addedToConfig":false},"1689354033582_success_end":{"id":"1689354033582_success_end","decisionId":"1689354033582","parent":"1689354130456","position":{},"type":"decisionSucessEnd","painted":false,"addedToConfig":false},"1689354033582_failure_end":{"id":"1689354033582_failure_end","decisionId":"1689354033582","parent":"1689354066177","position":{},"type":"decisionFailureEnd","painted":false,"addedToConfig":false},"1689354033582":{"id":"1689354033582","type":"decision","newMapping":true,"position":{},"condition":null,"serviceName":null,"serviceType":null,"operator":"or","mapping":[{"sourceType":"variable","sourceValue":"_id","source":"1689177031961","sourceFieldType":"String","sourceModel":"Branch_UserTags","isSourceList":false,"targetType":"variable","targetValue":"userTagId","target":"rr_page_data","targetFieldType":"String","targetModel":"API_UserRequest","isTargetList":false,"comparator":"equals"}],"label":"","parent":"1689177031961","painted":false,"taskNotes":"<p><br></p>","addedToConfig":false},"1689354066177":{"id":"1689354066177","type":"continue","position":{},"label":"","taskName":"Continue","parent":"1689354033582_failure_start","painted":false,"iteratorId":"1689177031961","addedToConfig":false,"taskNotes":"<p><br></p>"},"1689354130456":{"id":"1689354130456","type":"dataTransfer","position":{},"source":"mddui_page_input_data","sourceType":"page","sourceVariable":"rr_page_data","targetType":"page","target":"rr_page_data","targetVariable":null,"resultVariable":null,"mapping":[{"name":"userTagId","valueType":"variable","value":"_id","fieldType":"String","list":false,"rr_dynamic_field_name_type":"","fromModel":"Branch_UserTags","source":"1689177031961"}],"label":"","taskName":"Update Model in Memory","parent":"1689354033582_success_start","painted":false,"taskNotes":"<p><br></p>","condition":"API_UserRequest","addedToConfig":false},"1689354163350":{"id":"1689354163350","type":"createDataObject","position":{},"condition":"SysQueryResult","mapping":[],"label":"","taskName":"SysQueryResult for Tag Admins","parent":"1689177031959_success_start","painted":false,"taskNotes":"<p><br></p>","addedToConfig":false},"1689355054054":{"id":"1689355054054","type":"dataTransfer","position":{},"source":"mddui_page_input_data","sourceType":"page","sourceVariable":"rr_page_data","targetType":"page","target":"1591979197200","targetVariable":null,"resultVariable":null,"mapping":[{"name":"object2","valueType":"variable","value":"rr_this_object","fieldType":"Object","list":false,"rr_dynamic_field_name_type":"","fromModel":"SysQueryResult","source":"1689177031963"}],"label":"","taskName":"Update Model in Memory","parent":"1713452709662","painted":false,"taskNotes":"<p><br></p>","condition":"API_MainResponse","addedToConfig":false},"1690213509076":{"id":"1690213509076","type":"expression","position":{},"expression":[{"type":"data","sourceText":"Output of Results Count","source":"1689177032031"}],"targetVariable":null,"label":"","taskName":"Expression","parent":"1689177032031","painted":false,"taskNotes":"<p><br></p>","expressionType":"string","outputTask":"1689177032030","outputVariable":"string","addedToConfig":false},"1705938464312":{"id":"1705938464312","type":"query","position":{},"source":null,"target":null,"mapping":[{"name":"_id","valueType":"variable","value":"roleId","fieldType":"String","list":false,"fromModel":"SysRoleUser","comparator":"equals","source":"1689177032013"}],"label":"","filterBy":"criteria","searchOption":"one","operator":"and","taskName":"SysRole","parent":"1689177032013","painted":false,"taskNotes":"<p><br></p>","ignoreSecurity":true,"queryType":"dynamic","relationshipMapping":[],"selectFields":[],"sortFields":[],"modelName":"SysRole","addedToConfig":false},"1705953965210":{"id":"1705953965210","type":"query","position":{},"source":null,"target":null,"mapping":[{"name":"_id","valueType":"variable","value":"roleId","fieldType":"String","list":false,"fromModel":"SysRoleUser","comparator":"equals","source":"1689177031970"}],"label":"","filterBy":"criteria","searchOption":"one","operator":"and","taskName":"SysRole","parent":"1689177031972","painted":false,"taskNotes":"<p><br></p>","ignoreSecurity":true,"queryType":"dynamic","relationshipMapping":[],"selectFields":[],"sortFields":[],"modelName":"SysRole","addedToConfig":false},"1713446038354":{"id":"1713446038354","type":"createDataObject","position":{},"condition":"SysQueryCriteria","mapping":[{"name":"field","valueType":"constant","value":"userName","fieldType":"String","list":false,"rr_dynamic_field_name_type":"","fromModel":""},{"name":"operator","valueType":"constant","value":"notContains","fieldType":"String","list":false,"rr_dynamic_field_name_type":"","fromModel":""},{"name":"value","valueType":"constant","value":"PUBLIC@","fieldType":"String","list":false,"rr_dynamic_field_name_type":"","fromModel":"API_LogicModelRequest","source":"rr_page_data"}],"label":"","taskName":"SysQueryCriteria","parent":"1689178831091","painted":false,"taskNotes":"<p><br></p>","addedToConfig":false},"1713446043270":{"id":"1713446043270","type":"service","value":"Utility Function","serviceType":"internal","position":{},"label":"","callType":"async","taskName":"Add to List","parent":"1713446038354","painted":false,"desc":"Utility Function","taskNotes":"<p><br></p>","utilityFunctionId":"addToList","addAtIndexType":"constant","addAtIndex":false,"inputTask":"1713446038354","inputValue":null,"targetTask":"rr_page_data","targetValue":"list","addedToConfig":false},"1713452709662":{"id":"1713452709662","type":"dataTransfer","position":{},"source":"mddui_page_input_data","sourceType":"page","sourceVariable":"rr_page_data","targetType":"page","target":"1689177031963","targetVariable":null,"resultVariable":null,"mapping":[{"name":"pages","valueType":"empty","value":null,"fieldType":"Number","list":true,"rr_dynamic_field_name_type":"","fromModel":""}],"label":"","taskName":"Update Model in Memory","parent":"1689177031966iterationEnd","painted":false,"taskNotes":"<p><br></p>","condition":"SysQueryResult","addedToConfig":false},"1713452741228":{"id":"1713452741228","type":"dataTransfer","position":{},"source":"mddui_page_input_data","sourceType":"page","sourceVariable":"rr_page_data","targetType":"page","target":"1689177032004","targetVariable":null,"resultVariable":null,"mapping":[{"name":"pages","valueType":"empty","value":null,"fieldType":"Number","list":true,"rr_dynamic_field_name_type":"","fromModel":""}],"label":"","taskName":"Update Model in Memory","parent":"1690213509076","painted":false,"taskNotes":"<p><br></p>","condition":"SysQueryResult","addedToConfig":false}},"decisionsMap":{"1689177031959":{"root":false,"success":"1689177031959_success_start","failure":"1689177031959_failure_start","successEnd":"1689177031959_success_end","failureEnd":"1689177031959_failure_end","end":"1689177031959_end"},"1689177031964":{"root":false,"success":"1689177031964_success_start","failure":"1689177031964_failure_start","successEnd":"1689177031964_success_end","failureEnd":"1689177031964_failure_end","end":"1689177031964_end"},"1689177031971":{"root":false,"success":"1689177031971_success_start","failure":"1689177031971_failure_start","successEnd":"1689177031971_success_end","failureEnd":"1689177031971_failure_end","end":"1689177031971_end"},"1689177031974":{"root":false,"success":"1689177031974_success_start","failure":"1689177031974_failure_start","successEnd":"1689177031974_success_end","failureEnd":"1689177031974_failure_end","end":"1689177031974_end"},"1689177032005":{"root":false,"success":"1689177032005_success_start","failure":"1689177032005_failure_start","successEnd":"1689177032005_success_end","failureEnd":"1689177032005_failure_end","end":"1689177032005_end"},"1689177032012":{"root":false,"success":"1689177032012_success_start","failure":"1689177032012_failure_start","successEnd":"1689177032012_success_end","failureEnd":"1689177032012_failure_end","end":"1689177032012_end"},"1689177032015":{"root":false,"success":"1689177032015_success_start","failure":"1689177032015_failure_start","successEnd":"1689177032015_success_end","failureEnd":"1689177032015_failure_end","end":"1689177032015_end"},"1689178116792":{"root":false,"success":"1689178116792_success_start","failure":"1689178116792_failure_start","successEnd":"1689178116792_success_end","failureEnd":"1689178116792_failure_end","end":"1689178116792_end"},"1689178159737":{"root":false,"success":"1689178159737_success_start","failure":"1689178159737_failure_start","successEnd":"1689178159737_success_end","failureEnd":"1689178159737_failure_end","end":"1689178159737_end"},"1689178316230":{"success":"1689178316230_success_start","failure":"1689178316230_failure_start","successEnd":"1689178316230_success_end","failureEnd":"1689178316230_failure_end","end":"1689178316230_end","root":false},"1689178550624":{"root":false,"success":"1689178550624_success_start","failure":"1689178550624_failure_start","successEnd":"1689178550624_success_end","failureEnd":"1689178550624_failure_end","end":"1689178550624_end"},"1689190102265":{"root":false,"success":"1689190102265_success_start","failure":"1689190102265_failure_start","successEnd":"1689190102265_success_end","failureEnd":"1689190102265_failure_end","end":"1689190102265_end"},"1689352315241":{"success":"1689352315241_success_start","failure":"1689352315241_failure_start","successEnd":"1689352315241_success_end","failureEnd":"1689352315241_failure_end","end":"1689352315241_end","root":false},"1689354033582":{"success":"1689354033582_success_start","failure":"1689354033582_failure_start","successEnd":"1689354033582_success_end","failureEnd":"1689354033582_failure_end","end":"1689354033582_end","root":false}},"active":false,"scheduler":false,"savedId":null,"workInProgress":false,"uiFLow":false,"startTaskId":"1591979181991","shouldSecure":true,"allowExecutionForAll":true,"testCase":false,"testSuite":false,"sequence":1,"internal":false,"triggeredFromBpm":false,"inputModel":"API_UserRequest","outputModel":null,"appName":null}]