[{"id":"61f9601a8f08813392861806","companyId":"5f47ce0c8f0815394ff3bd8a","createdDate":1715116751226,"updatedDate":1715116751226,"versionId":23,"referenceId":null,"systemStatus":"P","updatedByUserId":"5f47ce0e8f0815394ff3be1b","updatedByUserName":"Josh Havens","systemStatusText":null,"userTypes":null,"requirementIds":null,"name":"API_Course_Get_Courses","sourceReferenceId":null,"sourceReferenceAppId":null,"lockedByUserId":null,"lockedByUserName":null,"publicArtifact":false,"enableOffline":false,"locked":false,"canUnlock":false,"publishComment":" ","importantPublish":false,"appId":"5f47f6158f0814ff0a917552","folderId":"","initializer":null,"triggerType":"workflow","flow":[],"createdBy":null,"lastModifiedBy":null,"objectsMap":{"1643733018005":{"id":"1643733018005","type":"startObject","value":null,"taskName":"Start","triggerType":"workflow","addedToConfig":true,"painted":true,"position":{},"taskNotes":"<p><br></p>","modelName":"API_CourseRequest","desc":"API_CourseRequest","output":"API_MainResponse"},"16437330180051000":{"id":"16437330180051000","parent":"1643733104563switchEnd","systemExit":true,"type":"return","returnType":"return","taskName":"Exit","label":"","addedToConfig":false,"painted":false,"position":{},"taskNotes":"<p><br></p>","desc":"Return","outputTask":"1643733074643"},"1643733074643":{"id":"1643733074643","type":"createDataObject","position":{},"condition":"API_MainResponse","mapping":[{"name":"status","valueType":"constant","value":"SUCCESS - API_Course_Get_Courses","fieldType":"String","list":false,"rr_dynamic_field_name_type":"","fromModel":""}],"label":"","taskName":"API_MainResponse","parent":"1643733018005","painted":false,"taskNotes":"<p><br></p>","addedToConfig":false},"1643733104563":{"id":"1643733104563","type":"wfSwitch","position":{},"label":"","expressionType":"variable","taskName":"role","parent":"1678291740196","painted":false,"taskNotes":"<p><br></p>","inputTask":"rr_page_data","inputValue":"role","addedToConfig":false},"1643733104563switchEnd":{"id":"1643733104563switchEnd","switchId":"1643733104563","parent":"1643733104673caseEnd","position":{},"type":"switchEnd","taskName":"Switch End","painted":false,"addedToConfig":false},"1643733104588":{"id":"1643733104588","switchId":"1643733104563","type":"wfCase","position":{},"label":"","operator":"equals","taskName":"Administrator","parent":"1643733104563","painted":false,"taskNotes":"<p><br></p>","caseValue":"Administrator","addedToConfig":false},"1643733104588caseEnd":{"id":"1643733104588caseEnd","caseId":"1643733104588","switchId":"1643733104563","parent":"1643733104590_end","position":{},"type":"caseEnd","taskName":"Break","painted":false,"addedToConfig":false,"taskNotes":"<p><br></p>"},"1643733104589":{"id":"1643733104589","type":"query","position":{},"source":null,"target":null,"mapping":[{"name":"branchId","valueType":"variable","value":"branchId","fieldType":"String","list":false,"fromModel":"API_CourseRequest","comparator":"equals","source":"rr_page_data"},{"name":"status","valueType":"variable","value":"type","fieldType":"String","list":false,"fromModel":"API_CourseRequest","comparator":"equals","source":"rr_page_data"}],"label":"","filterBy":"criteria","searchOption":"byPage","operator":"and","taskName":"Administrator Course","parent":"1705613909457","painted":false,"taskNotes":"<p><br></p>","ignoreSecurity":true,"queryType":"named","relationshipMapping":[],"modelName":"Course","addedToConfig":false,"selectFields":[],"sortFields":[],"query":"5fc8057f8f0812e96d3e3b36","inputTask":"rr_page_data","inputValue":null,"startIndexTask":"1678291740196","startIndexValue":"startIndex","pageSizeTask":"1678291740196","pageSizeValue":"pageSize"},"1643733104590":{"id":"1643733104590","type":"decision","newMapping":true,"position":{},"condition":null,"serviceName":null,"serviceType":null,"operator":"and","mapping":[{"sourceType":"notNull","sourceValue":null,"source":"1643733104589","sourceFieldType":null,"sourceModel":"Course","isSourceList":null,"targetType":"variable","targetValue":null,"target":null,"targetFieldType":null,"targetModel":"","isTargetList":null,"comparator":null}],"label":"","parent":"1643733104589","painted":false,"taskNotes":"<p><br></p>","addedToConfig":false},"1643733104590_end":{"id":"1643733104590_end","decisionId":"1643733104590","position":{},"type":"decisionEnd","painted":false,"addedToConfig":false},"1643733104590_success_start":{"id":"1643733104590_success_start","decisionId":"1643733104590","parent":"1643733104590","position":{},"type":"decisionSucessStart","painted":false,"addedToConfig":false},"1643733104590_failure_start":{"id":"1643733104590_failure_start","decisionId":"1643733104590","parent":"1643733104590","position":{},"type":"decisionFailureStart","painted":false,"addedToConfig":false},"1643733104590_success_end":{"id":"1643733104590_success_end","decisionId":"1643733104590","parent":"1678292418705","position":{},"type":"decisionSucessEnd","painted":false,"addedToConfig":false},"1643733104590_failure_end":{"id":"1643733104590_failure_end","decisionId":"1643733104590","parent":"1643733104627","position":{},"type":"decisionFailureEnd","painted":false,"addedToConfig":false},"1643733104624":{"id":"1643733104624","type":"dataTransfer","position":{},"source":"mddui_page_input_data","sourceType":"page","sourceVariable":"rr_page_data","targetType":"page","target":"1643733074643","targetVariable":null,"resultVariable":null,"mapping":[{"name":"object2","valueType":"variable","value":"rr_this_object","fieldType":"Object","list":false,"rr_dynamic_field_name_type":"","fromModel":"Course","source":"1705613909457"},{"name":"status","valueType":"constant","value":"FAILED","fieldType":"String","list":false,"rr_dynamic_field_name_type":"","fromModel":""}],"label":"","taskName":"Update Model in Memory","parent":"1643733104590_failure_start","painted":false,"taskNotes":"<p><br></p>","condition":"API_MainResponse","addedToConfig":false},"1643733104626":{"id":"1643733104626","type":"expression","position":{},"expression":[{"type":"data","source":"constant","value":"No Courses Found"}],"targetVariable":null,"label":"","taskName":"No Courses Found","parent":"1643733104624","painted":false,"taskNotes":"<p><br></p>","expressionType":"string","addedToConfig":false},"1643733104627":{"id":"1643733104627","type":"service","value":"Utility Function","serviceType":"internal","position":{},"label":"","callType":"async","taskName":"Add Reason to List","parent":"1643733104626","painted":false,"desc":"Utility Function","taskNotes":"<p><br></p>","utilityFunctionId":"addToList","inputTask":"1643733104626","inputValue":null,"targetTask":"1643733074643","targetValue":"reasons","addedToConfig":false,"addAtIndexType":"constant","addAtIndex":false},"1643733104630":{"id":"1643733104630","switchId":"1643733104563","type":"wfCase","position":{},"label":"","operator":"equals","taskName":"Instructor","parent":"1643733104588caseEnd","painted":false,"taskNotes":"<p><br></p>","caseValue":"Instructor","addedToConfig":false},"1643733104630caseEnd":{"id":"1643733104630caseEnd","caseId":"1643733104630","switchId":"1643733104563","parent":"1643733104633_end","position":{},"type":"caseEnd","taskName":"Break","painted":false,"addedToConfig":false,"taskNotes":"<p><br></p>"},"1643733104631":{"id":"1643733104631","type":"query","position":{},"source":null,"target":null,"mapping":[{"name":"branchId","valueType":"variable","value":"branchId","fieldType":"String","list":false,"fromModel":"API_CourseRequest","comparator":"equals","source":"rr_page_data"},{"name":"status","valueType":"variable","value":"type","fieldType":"String","list":false,"fromModel":"API_CourseRequest","comparator":"equals","source":"rr_page_data"}],"label":"","filterBy":"criteria","searchOption":"byPage","operator":"and","taskName":"Course","parent":"1643733104630","painted":false,"taskNotes":"<p><br></p>","ignoreSecurity":true,"queryType":"dynamic","relationshipMapping":[{"name":"hasInstructor","inputTask":"rr_page_data","inputValue":"userId","model":"User","fromModel":"API_CourseRequest"}],"modelName":"Course","addedToConfig":false,"selectFields":[],"sortFields":[{"fieldName":"courseName","sortOrder":1}],"startIndexTask":"1678291740196","startIndexValue":"startIndex","pageSizeTask":"1678291740196","pageSizeValue":"pageSize"},"1643733104633":{"id":"1643733104633","type":"decision","newMapping":true,"position":{},"condition":null,"serviceName":null,"serviceType":null,"operator":"and","mapping":[{"sourceType":"notNull","sourceValue":null,"source":"1643733104631","sourceFieldType":null,"sourceModel":"Course","isSourceList":null,"targetType":"variable","targetValue":null,"target":null,"targetFieldType":null,"targetModel":"","isTargetList":null,"comparator":null}],"label":"","parent":"1643733104631","painted":false,"taskNotes":"<p><br></p>","addedToConfig":false},"1643733104633_end":{"id":"1643733104633_end","decisionId":"1643733104633","position":{},"type":"decisionEnd","painted":false,"addedToConfig":false},"1643733104633_success_start":{"id":"1643733104633_success_start","decisionId":"1643733104633","parent":"1643733104633","position":{},"type":"decisionSucessStart","painted":false,"addedToConfig":false},"1643733104633_failure_start":{"id":"1643733104633_failure_start","decisionId":"1643733104633","parent":"1643733104633","position":{},"type":"decisionFailureStart","painted":false,"addedToConfig":false},"1643733104633_success_end":{"id":"1643733104633_success_end","decisionId":"1643733104633","parent":"1680106635346","position":{},"type":"decisionSucessEnd","painted":false,"addedToConfig":false},"1643733104633_failure_end":{"id":"1643733104633_failure_end","decisionId":"1643733104633","parent":"1643733104669","position":{},"type":"decisionFailureEnd","painted":false,"addedToConfig":false},"1643733104634":{"id":"1643733104634","type":"iterator","iterationType":"for","position":{},"mapping":[],"label":"","taskName":"Current Course","parent":"1643733104633_success_start","painted":false,"counterType":"dynamic","operator":"and","taskNotes":"<p><br></p>","inputTask":"1643733104631","inputValue":"data","inputDataModel":"Course","addedToConfig":false},"1643733104634iterationEnd":{"id":"1643733104634iterationEnd","iteratorId":"1643733104634","parent":"1715116632726_end","position":{},"type":"iterationEnd","painted":false,"addedToConfig":false,"taskNotes":"<p><br></p>"},"1643733104659":{"id":"1643733104659","type":"decision","newMapping":true,"position":{},"condition":null,"serviceName":null,"serviceType":null,"operator":"or","mapping":[{"sourceType":"variable","sourceValue":"educationalUnitsType","source":"1643733104634","sourceFieldType":"String","sourceModel":"Course","isSourceList":false,"targetType":"constant","targetValue":"Credit","target":null,"targetFieldType":null,"targetModel":"","isTargetList":null,"comparator":"equalsIgnoreCase"},{"sourceType":"variable","sourceValue":"educationalUnitsType","source":"1643733104634","sourceFieldType":"String","sourceModel":"Course","isSourceList":false,"targetType":"constant","targetValue":"CEU","target":null,"targetFieldType":null,"targetModel":"","isTargetList":null,"comparator":"equalsIgnoreCase"}],"label":"","parent":"1643733104634","painted":false,"taskNotes":"<p><br></p>","addedToConfig":false},"1643733104659_end":{"id":"1643733104659_end","decisionId":"1643733104659","position":{},"type":"decisionEnd","painted":false,"taskNotes":"<p><br></p>","addedToConfig":false},"1643733104659_success_start":{"id":"1643733104659_success_start","decisionId":"1643733104659","parent":"1643733104659","position":{},"type":"decisionSucessStart","painted":false,"addedToConfig":false},"1643733104659_failure_start":{"id":"1643733104659_failure_start","decisionId":"1643733104659","parent":"1643733104659","position":{},"type":"decisionFailureStart","painted":false,"addedToConfig":false},"1643733104659_success_end":{"id":"1643733104659_success_end","decisionId":"1643733104659","parent":"1643733104659_success_start","position":{},"type":"decisionSucessEnd","painted":false,"addedToConfig":false},"1643733104659_failure_end":{"id":"1643733104659_failure_end","decisionId":"1643733104659","parent":"1643733104662","position":{},"type":"decisionFailureEnd","painted":false,"addedToConfig":false},"1643733104662":{"id":"1643733104662","type":"dataTransfer","position":{},"source":"mddui_page_input_data","sourceType":"page","sourceVariable":"rr_page_data","targetType":"page","target":"1643733104634","targetVariable":null,"resultVariable":null,"mapping":[{"name":"educationalUnits","valueType":"empty","value":null,"fieldType":"Number","list":false,"rr_dynamic_field_name_type":"","fromModel":""},{"name":"educationalUnitsType","valueType":"empty","value":null,"fieldType":"String","list":false,"rr_dynamic_field_name_type":"","fromModel":""}],"label":"","taskName":"Update Model in Memory","parent":"1643733104659_failure_start","painted":false,"taskNotes":"<p><br></p>","condition":"Course","addedToConfig":false},"1643733104667":{"id":"1643733104667","type":"dataTransfer","position":{},"source":"mddui_page_input_data","sourceType":"page","sourceVariable":"rr_page_data","targetType":"page","target":"1597763594936","targetVariable":null,"resultVariable":null,"mapping":[{"name":"status","valueType":"constant","value":"FAILED","fieldType":"String","list":false,"rr_dynamic_field_name_type":"","fromModel":""}],"label":"","taskName":"Update Model in Memory","parent":"1643733104633_failure_start","painted":false,"taskNotes":"<p><br></p>","condition":"API_MainResponse","addedToConfig":false},"1643733104668":{"id":"1643733104668","type":"expression","position":{},"expression":[{"type":"data","source":"constant","value":"No Courses Found"}],"targetVariable":null,"label":"","taskName":"No Courses Found","parent":"1643733104667","painted":false,"taskNotes":"<p><br></p>","expressionType":"string","addedToConfig":false},"1643733104669":{"id":"1643733104669","type":"service","value":"Utility Function","serviceType":"internal","position":{},"label":"","callType":"async","taskName":"Add Reason to List","parent":"1643733104668","painted":false,"desc":"Utility Function","taskNotes":"<p><br></p>","utilityFunctionId":"addToList","inputTask":"1643733104668","inputValue":null,"targetTask":"1597763594936","targetValue":"reasons","addedToConfig":false},"1643733104673":{"id":"1643733104673","switchId":"1643733104563","type":"wfCase","position":{},"label":"","operator":"equals","taskName":"Student","parent":"1643733104630caseEnd","painted":false,"taskNotes":"<p><br></p>","caseValue":"Student","addedToConfig":false},"1643733104673caseEnd":{"id":"1643733104673caseEnd","caseId":"1643733104673","switchId":"1643733104563","parent":"1643733104676","position":{},"type":"caseEnd","taskName":"Break","painted":false,"addedToConfig":false,"taskNotes":"<p><br></p>"},"1643733104674":{"id":"1643733104674","type":"createDataObject","position":{},"condition":"API_StudentRequest","mapping":[{"name":"actionType","valueType":"constant","value":"STUDENT_COURSES","fieldType":"String","list":false,"rr_dynamic_field_name_type":"","fromModel":""},{"name":"userId","valueType":"variable","value":"userId","fieldType":"String","list":false,"rr_dynamic_field_name_type":"","fromModel":"API_CourseRequest","source":"rr_page_data"}],"label":"","taskName":"API_StudentRequest","parent":"1643733104673","painted":false,"taskNotes":"<p><br></p>","addedToConfig":false},"1643733104675":{"id":"1643733104675","type":"workflow","position":{},"workflowId":"5f626b658f082b9cdc659113","workflowName":"API_Student_Get","workflowType":"serverFlow","label":"","taskName":"API_Student_Get","parent":"1643733104674","painted":false,"callType":"sync","taskNotes":"<p><br></p>","inputTask":"1643733104674","inputValue":null,"outputDataModel":"API_MainResponse","addedToConfig":false},"1643733104676":{"id":"1643733104676","type":"dataTransfer","position":{},"source":"mddui_page_input_data","sourceType":"page","sourceVariable":"rr_page_data","targetType":"page","target":"1643733074643","targetVariable":null,"resultVariable":null,"mapping":[{"name":"rr_this_object","valueType":"variable","value":"rr_this_object","fieldType":null,"list":null,"rr_dynamic_field_name_type":"","fromModel":"API_MainResponse","source":"1643733104675"}],"label":"","taskName":"Update Model in Memory","parent":"1643733104675","painted":false,"taskNotes":"<p><br></p>","condition":"API_MainResponse","addedToConfig":false},"1678291740196":{"id":"1678291740196","type":"createDataObject","position":{},"condition":"SysQueryResult","mapping":[{"name":"rr_this_object","valueType":"variable","value":"object","fieldType":null,"list":null,"rr_dynamic_field_name_type":"","fromModel":"API_CourseRequest","source":"rr_page_data"}],"label":"","taskName":"Temp SysQueryResult","parent":"1643733074643","painted":false,"taskNotes":"<p><br></p>","addedToConfig":false},"1678292418705":{"id":"1678292418705","type":"dataTransfer","position":{},"source":"mddui_page_input_data","sourceType":"page","sourceVariable":"rr_page_data","targetType":"page","target":"1643733074643","targetVariable":null,"resultVariable":null,"mapping":[{"name":"object","valueType":"variable","value":"rr_this_object","fieldType":"Object","list":false,"rr_dynamic_field_name_type":"","fromModel":"SysQueryResult","source":"1643733104589"}],"label":"","taskName":"Update Model in Memory","parent":"1715116373694iterationEnd","painted":false,"taskNotes":"<p><br></p>","condition":"API_MainResponse","addedToConfig":false},"1680106635346":{"id":"1680106635346","type":"dataTransfer","position":{},"source":"mddui_page_input_data","sourceType":"page","sourceVariable":"rr_page_data","targetType":"page","target":"1643733074643","targetVariable":null,"resultVariable":null,"mapping":[{"name":"object","valueType":"variable","value":"rr_this_object","fieldType":"Object","list":false,"rr_dynamic_field_name_type":"","fromModel":"SysQueryResult","source":"1643733104631"}],"label":"","taskName":"Update Model in Memory","parent":"1643733104634iterationEnd","painted":false,"taskNotes":"<p><br></p>","condition":"API_MainResponse","addedToConfig":false},"1705613909457":{"id":"1705613909457","type":"query","position":{},"source":null,"target":null,"mapping":[{"name":"status","valueType":"variable","value":"type","fieldType":"String","list":false,"fromModel":"API_CourseRequest","source":"rr_page_data","comparator":"equals"},{"name":"sysName","valueType":"variable","value":"userSearchInput1","fieldType":"String","list":false,"fromModel":"API_CourseRequest","comparator":"containsignorecase","source":"rr_page_data"},{"name":"branchId","valueType":"variable","value":"branchId","fieldType":"String","list":false,"fromModel":"API_CourseRequest","comparator":"equals","source":"rr_page_data"}],"label":"","filterBy":"criteria","searchOption":"many","operator":"and","taskName":"Test NOT Saved Query","parent":"1643733104588","painted":false,"taskNotes":"<p><br></p>","ignoreSecurity":true,"queryType":"dynamic","relationshipMapping":[{"name":"hasCategory","inputTask":"rr_page_data","inputValue":"userSearch1Type","model":"Branch_Categories","fromModel":"API_CourseRequest"}],"selectFields":[],"sortFields":[],"modelName":"Course","addedToConfig":false},"1715116373694":{"id":"1715116373694","type":"iterator","iterationType":"for","position":{},"mapping":[],"label":"","taskName":"Current Course","parent":"1643733104590_success_start","painted":false,"counterType":"dynamic","operator":"and","taskNotes":"<p><br></p>","inputTask":"1643733104589","inputValue":"data","inputDataModel":"Course","addedToConfig":false},"1715116373694iterationEnd":{"id":"1715116373694iterationEnd","iteratorId":"1715116373694","parent":"1715116373700_end","position":{},"type":"iterationEnd","painted":false,"addedToConfig":false,"taskNotes":"<p><br></p>"},"1715116373696":{"id":"1715116373696","type":"decision","newMapping":true,"position":{},"condition":null,"serviceName":null,"serviceType":null,"operator":"or","mapping":[{"sourceType":"variable","sourceValue":"educationalUnitsType","source":"1715116373694","sourceFieldType":"String","sourceModel":"Course","isSourceList":false,"targetType":"constant","targetValue":"Credit","target":null,"targetFieldType":null,"targetModel":"","isTargetList":null,"comparator":"equalsIgnoreCase"},{"sourceType":"variable","sourceValue":"educationalUnitsType","source":"1715116373694","sourceFieldType":"String","sourceModel":"Course","isSourceList":false,"targetType":"constant","targetValue":"CEU","target":null,"targetFieldType":null,"targetModel":"","isTargetList":null,"comparator":"equalsIgnoreCase"}],"label":"","parent":"1715116373694","painted":false,"taskNotes":"<p><br></p>","addedToConfig":false},"1715116373696_end":{"id":"1715116373696_end","decisionId":"1715116373696","position":{},"type":"decisionEnd","painted":false,"taskNotes":"<p><br></p>","addedToConfig":false},"1715116373696_success_start":{"id":"1715116373696_success_start","decisionId":"1715116373696","parent":"1715116373696","position":{},"type":"decisionSucessStart","painted":false,"addedToConfig":false},"1715116373696_failure_start":{"id":"1715116373696_failure_start","decisionId":"1715116373696","parent":"1715116373696","position":{},"type":"decisionFailureStart","painted":false,"addedToConfig":false},"1715116373696_success_end":{"id":"1715116373696_success_end","decisionId":"1715116373696","parent":"1715116373696_success_start","position":{},"type":"decisionSucessEnd","painted":false,"addedToConfig":false},"1715116373696_failure_end":{"id":"1715116373696_failure_end","decisionId":"1715116373696","parent":"1715116373698","position":{},"type":"decisionFailureEnd","painted":false,"addedToConfig":false},"1715116373698":{"id":"1715116373698","type":"dataTransfer","position":{},"source":"mddui_page_input_data","sourceType":"page","sourceVariable":"rr_page_data","targetType":"page","target":"1715116373694","targetVariable":null,"resultVariable":null,"mapping":[{"name":"educationalUnits","valueType":"empty","value":null,"fieldType":"Number","list":false,"rr_dynamic_field_name_type":"","fromModel":""},{"name":"educationalUnitsType","valueType":"empty","value":null,"fieldType":"String","list":false,"rr_dynamic_field_name_type":"","fromModel":""}],"label":"","taskName":"Update Model in Memory","parent":"1715116373696_failure_start","painted":false,"taskNotes":"<p><br></p>","condition":"Course","addedToConfig":false},"1715116373700":{"id":"1715116373700","type":"decision","newMapping":true,"position":{},"condition":null,"serviceName":null,"serviceType":null,"operator":"and","mapping":[{"sourceType":"variable","sourceValue":"enrollmentType","source":"1715116373694","sourceFieldType":"String","sourceModel":"Course","isSourceList":false,"targetType":"constant","targetValue":"OPEN","target":null,"targetFieldType":null,"targetModel":"","isTargetList":null,"comparator":"equals"}],"label":"","parent":"1715116373696_end","painted":false,"taskNotes":"<p><br></p>","addedToConfig":false},"1715116373700_end":{"id":"1715116373700_end","decisionId":"1715116373700","position":{},"type":"decisionEnd","painted":false,"addedToConfig":false},"1715116373700_success_start":{"id":"1715116373700_success_start","decisionId":"1715116373700","parent":"1715116373700","position":{},"type":"decisionSucessStart","painted":false,"addedToConfig":false},"1715116373700_failure_start":{"id":"1715116373700_failure_start","decisionId":"1715116373700","parent":"1715116373700","position":{},"type":"decisionFailureStart","painted":false,"addedToConfig":false},"1715116373700_success_end":{"id":"1715116373700_success_end","decisionId":"1715116373700","parent":"1715116373701","position":{},"type":"decisionSucessEnd","painted":false,"addedToConfig":false},"1715116373700_failure_end":{"id":"1715116373700_failure_end","decisionId":"1715116373700","parent":"1715116610351","position":{},"type":"decisionFailureEnd","painted":false,"addedToConfig":false},"1715116373701":{"id":"1715116373701","type":"dataTransfer","position":{},"source":"mddui_page_input_data","sourceType":"page","sourceVariable":"rr_page_data","targetType":"page","target":"1715116373694","targetVariable":null,"resultVariable":null,"mapping":[{"name":"startDateDisplay","valueType":"constant","value":"Open Enrollment ","fieldType":"String","list":false,"rr_dynamic_field_name_type":"","source":"1649088830640","fromModel":""}],"label":"","taskName":"Update Model in Memory","parent":"1715116373700_success_start","painted":false,"taskNotes":"<p><br></p>","condition":"Course","addedToConfig":false},"1715116599462":{"id":"1715116599462","type":"service","value":"Utility Function","serviceType":"internal","position":{},"label":"","callType":"async","taskName":"Formatted Date","parent":"1715116373700_failure_start","painted":false,"desc":"Utility Function","taskNotes":"<p><br></p>","utilityFunctionId":"getDateString","dateFormat":"MMM d, y","inputTask":"1715116373694","inputValue":"startDate","timezone":"","addedToConfig":false},"1715116610351":{"id":"1715116610351","type":"dataTransfer","position":{},"source":"mddui_page_input_data","sourceType":"page","sourceVariable":"rr_page_data","targetType":"page","target":"1715116373694","targetVariable":null,"resultVariable":null,"mapping":[{"name":"startDateDisplay","valueType":"variable","value":" ","fieldType":"String","list":false,"rr_dynamic_field_name_type":"","source":"1715116599462"}],"label":"","taskName":"Update Model in Memory","parent":"1715116599462","painted":false,"taskNotes":"<p><br></p>","condition":"Course","addedToConfig":false},"1715116632726":{"id":"1715116632726","type":"decision","newMapping":true,"position":{},"condition":null,"serviceName":null,"serviceType":null,"operator":"and","mapping":[{"sourceType":"variable","sourceValue":"enrollmentType","source":"1643733104634","sourceFieldType":"String","sourceModel":"Course","isSourceList":false,"targetType":"constant","targetValue":"OPEN","target":null,"targetFieldType":null,"targetModel":"","isTargetList":null,"comparator":"equals"}],"label":"","parent":"1643733104659_end","painted":false,"taskNotes":"<p><br></p>","addedToConfig":false},"1715116632726_end":{"id":"1715116632726_end","decisionId":"1715116632726","position":{},"type":"decisionEnd","painted":false,"addedToConfig":false},"1715116632726_success_start":{"id":"1715116632726_success_start","decisionId":"1715116632726","parent":"1715116632726","position":{},"type":"decisionSucessStart","painted":false,"addedToConfig":false},"1715116632726_failure_start":{"id":"1715116632726_failure_start","decisionId":"1715116632726","parent":"1715116632726","position":{},"type":"decisionFailureStart","painted":false,"addedToConfig":false},"1715116632726_success_end":{"id":"1715116632726_success_end","decisionId":"1715116632726","parent":"1715116632728","position":{},"type":"decisionSucessEnd","painted":false,"addedToConfig":false},"1715116632726_failure_end":{"id":"1715116632726_failure_end","decisionId":"1715116632726","parent":"1715116632731","position":{},"type":"decisionFailureEnd","painted":false,"addedToConfig":false},"1715116632728":{"id":"1715116632728","type":"dataTransfer","position":{},"source":"mddui_page_input_data","sourceType":"page","sourceVariable":"rr_page_data","targetType":"page","target":"1643733104634","targetVariable":null,"resultVariable":null,"mapping":[{"name":"startDateDisplay","valueType":"constant","value":" Open Enrollment","fieldType":"String","list":false,"rr_dynamic_field_name_type":"","source":"1649088830640","fromModel":""}],"label":"","taskName":"Update Model in Memory","parent":"1715116632726_success_start","painted":false,"taskNotes":"<p><br></p>","condition":"Course","addedToConfig":false},"1715116632730":{"id":"1715116632730","type":"service","value":"Utility Function","serviceType":"internal","position":{},"label":"","callType":"async","taskName":"Formatted Date","parent":"1715116632726_failure_start","painted":false,"desc":"Utility Function","taskNotes":"<p><br></p>","utilityFunctionId":"getDateString","dateFormat":"MMM d, y","inputTask":"1643733104634","inputValue":null,"timezone":"","addedToConfig":false},"1715116632731":{"id":"1715116632731","type":"dataTransfer","position":{},"source":"mddui_page_input_data","sourceType":"page","sourceVariable":"rr_page_data","targetType":"page","target":"1643733104634","targetVariable":null,"resultVariable":null,"mapping":[{"name":"startDateDisplay","valueType":"variable","value":" ","fieldType":"String","list":false,"rr_dynamic_field_name_type":"","source":"1715116632730"}],"label":"","taskName":"Update Model in Memory","parent":"1715116632730","painted":false,"taskNotes":"<p><br></p>","condition":"Course","addedToConfig":false}},"decisionsMap":{"1643733104590":{"root":false,"success":"1643733104590_success_start","failure":"1643733104590_failure_start","successEnd":"1643733104590_success_end","failureEnd":"1643733104590_failure_end","end":"1643733104590_end"},"1643733104633":{"root":false,"success":"1643733104633_success_start","failure":"1643733104633_failure_start","successEnd":"1643733104633_success_end","failureEnd":"1643733104633_failure_end","end":"1643733104633_end"},"1643733104659":{"root":false,"success":"1643733104659_success_start","failure":"1643733104659_failure_start","successEnd":"1643733104659_success_end","failureEnd":"1643733104659_failure_end","end":"1643733104659_end"},"1715116373696":{"root":false,"success":"1715116373696_success_start","failure":"1715116373696_failure_start","successEnd":"1715116373696_success_end","failureEnd":"1715116373696_failure_end","end":"1715116373696_end"},"1715116373700":{"root":false,"success":"1715116373700_success_start","failure":"1715116373700_failure_start","successEnd":"1715116373700_success_end","failureEnd":"1715116373700_failure_end","end":"1715116373700_end"},"1715116632726":{"root":false,"success":"1715116632726_success_start","failure":"1715116632726_failure_start","successEnd":"1715116632726_success_end","failureEnd":"1715116632726_failure_end","end":"1715116632726_end"}},"active":false,"scheduler":false,"savedId":null,"workInProgress":false,"uiFLow":false,"startTaskId":"1643733018005","shouldSecure":true,"allowExecutionForAll":false,"testCase":false,"testSuite":false,"sequence":1,"internal":false,"triggeredFromBpm":false,"inputModel":"API_CourseRequest","outputModel":"API_MainResponse","appName":null}]