[{"id":"5f47f8728f0814ff0a917636","companyId":"5f47ce0c8f0815394ff3bd8a","createdDate":1721232405321,"updatedDate":1721232405321,"versionId":135,"referenceId":null,"systemStatus":"P","updatedByUserId":"5f47ce0e8f0815394ff3be1b","updatedByUserName":"Josh Havens","systemStatusText":null,"userTypes":[],"requirementIds":[],"name":"User_Info_Teaser","sourceReferenceId":"5e4aef6fe4b053c18438f69d","sourceReferenceAppId":"5e4ad395e4b053c18438f562","lockedByUserId":null,"lockedByUserName":null,"publicArtifact":false,"enableOffline":false,"locked":false,"canUnlock":false,"publishComment":" ","importantPublish":false,"appId":"5f47f6258f0814ff0a91755e","folderId":null,"desc":null,"loadDataFrom":"model","dataModel":"TR_Main_Dashboard","webserviceId":null,"webserviceOutput":null,"preLoadWorkflowId":null,"workflowId":null,"backButtonWorkflowId":null,"targetDevice":"browser","detachTemplate":true,"templateId":"","landscapeTemplateId":"","defaultTemplate":"portrait","config":{"type":"gridpanel","style":{"display":"grid","grid-gap":"0em","grid-auto-rows":"auto","grid-auto-columns":"auto"},"direction":"layout-grid","fields":[{"type":"flexlayout","componentName":"","componentType":"vbox","class":"sortable","direction":"vertical","align":"start","pack":"stretch","style":{"display":"flex","margin-top":"0px","margin-left":"0px","margin-right":"0px","margin-bottom":"0px","padding-top":"0.5em","padding-left":"1em","padding-right":"1em","padding-bottom":"0.5em","position":"relative","z-index":"50","grid-area":"1 / 1 / 2 / 2"},"hasChild":false,"gridArea":"1 / 1 / 2 / 2","id":1596212525985,"childStyle":{},"dynamicStyles":{"background-color":{"isDynamic":true,"dataSourceType":"global","dataSourcefieldName":"primaryHeaderColor","dataSourceKey":"BRANCH_STYLES","dataSourceModelName":"Branch_Styles"}},"background-color":{"isTransparent":false,"isChildTransparent":false},"fields":[{"type":"flexlayout","componentName":"","componentType":"vbox","class":"sortable","direction":"vertical","align":"start","pack":"stretch","style":{"display":"flex","margin-top":"0px","margin-left":"auto","margin-right":"0px","margin-bottom":"0px","padding-top":"0px","padding-left":"0px","padding-right":"0px","padding-bottom":"0px","flex-direction":"row","align-items":"center"},"hasChild":false,"id":1596212525986,"childStyle":{},"fields":[{"type":"flexlayout","componentName":"","componentType":"vbox","class":"sortable","direction":"vertical","align":"start","pack":"stretch","style":{"background-position":"center center","background-repeat":"no-repeat","background-size":"cover","border-radius":"35px","border-width":"1px","border-left-width":"1px","border-right-width":"1px","border-top-width":"1px","border-bottom-width":"1px","border-color":"rgb(204, 204, 204)","border-top-left-radius":"35px","border-top-right-radius":"35px","border-bottom-right-radius":"35px","border-bottom-left-radius":"35px","width":"50px","height":"50px","display":"flex","margin-top":"0px","margin-left":"0px","margin-right":"10px","margin-bottom":"0px","padding-top":"0px","padding-left":"0px","padding-right":"0px","padding-bottom":"0px","grid-area":"1 / 1 / 2 / 2"},"hasChild":false,"gridArea":"1 / 1 / 2 / 2","id":1581969264034,"childStyle":{},"dynamicStyles":{"background-image":{"isDynamic":true,"dataSourceType":"global","dataSourcefieldName":"profileImage","dataSourceKey":"CURRENT_USER","dataSourceModelName":"User"}},"background-color":{"isTransparent":false,"isChildTransparent":false},"name":"image"},{"type":"button","componentName":"","componentType":"button","class":"btn btn-primary","style":{"background-color":"transparent","background-position":"right center","background-repeat":"no-repeat","background-size":"30px","border-width":"0","border-color":"transparent","padding-top":"5px","padding-left":"10px","padding-right":"10px","padding-bottom":"5px","font-family":"Montserrat","font-size":"1.3em","line-height":"1.3em","text-align":"left"},"hasChild":false,"id":1583421511172,"dynamicStyles":{"color":{"isDynamic":true,"dataSourceType":"global","dataSourcefieldName":"primaryHeaderTextColor","dataSourceKey":"BRANCH_STYLES","dataSourceModelName":"Branch_Styles"}},"background-color":{"isTransparent":true,"isChildTransparent":false}},{"type":"button","componentName":"","componentType":"button","class":"btn btn-primary","style":{"background-color":"transparent","background-position":"right center","background-repeat":"no-repeat","background-size":"25px","border-width":"0","border-color":"transparent","margin-top":"0px","margin-left":"0px","margin-right":"0px","margin-bottom":"0px","padding-top":"5px","padding-left":"15px","padding-right":"15px","padding-bottom":"5px","font-size":"25px","line-height":"25px","text-align":"left","grid-area":"1 / 1 / 2 / 2"},"hasChild":false,"id":1620936596548,"dynamicStyles":{"color":{"isDynamic":true,"dataSourceType":"global","dataSourcefieldName":"primaryHeaderTextColor","dataSourceKey":"BRANCH_STYLES","dataSourceModelName":"Branch_Styles"},"background-position":{"isDynamic":true,"dataSourceType":"pagemodel","dataSourcefieldName":"","dataSourceKey":"","dataSourceModelName":""}},"background-color":{"isTransparent":true,"isChildTransparent":false},"gridArea":"1 / 1 / 2 / 2"},{"type":"button","componentName":"","componentType":"button","class":"btn btn-primary","style":{"background-color":"transparent","background-position":"right center","background-repeat":"no-repeat","background-size":"25px","border-width":"0","border-color":"transparent","display":"none","margin-top":"0px","margin-left":"0px","margin-right":"0px","margin-bottom":"0px","padding-top":"5px","padding-left":"15px","padding-right":"15px","padding-bottom":"5px","font-size":"25px","line-height":"25px","text-align":"left","grid-area":"1 / 1 / 2 / 2"},"hasChild":false,"id":1680194561088,"dynamicStyles":{"color":{"isDynamic":true,"dataSourceType":"global","dataSourcefieldName":"primaryHeaderTextColor","dataSourceKey":"BRANCH_STYLES","dataSourceModelName":"Branch_Styles"},"background-position":{"isDynamic":true,"dataSourceType":"pagemodel","dataSourcefieldName":"","dataSourceKey":"","dataSourceModelName":""}},"background-color":{"isTransparent":true,"isChildTransparent":false},"gridArea":"1 / 1 / 2 / 2"}],"dynamicStyles":{},"background-color":{"isTransparent":false,"isChildTransparent":false}},{"type":"flexlayout","componentName":"","componentType":"vbox","class":"sortable","direction":"vertical","align":"start","pack":"stretch","style":{"display":"flex","margin-top":"0px","margin-left":"0px","margin-right":"0px","margin-bottom":"0px","padding-top":"0px","padding-left":"0px","padding-right":"0px","padding-bottom":"0px","position":"absolute","top":"81px","right":"20px","z-index":"90"},"hasChild":false,"id":1596212525988,"childStyle":{},"dynamicStyles":{},"background-color":{"isTransparent":false,"isChildTransparent":false},"fields":[{"type":"pageInclude","class":"someClass orTwo","componentType":"pageInclude","style":{"background-color":"transparent","position":"relative","z-index":"30","grid-area":"2 / 2 / 3 / 3"},"hasChild":true,"gridArea":"2 / 2 / 3 / 3","id":1592235287292,"childStyle":{},"dynamicStyles":{},"dynamicChildStyles":{},"background-color":{"isTransparent":false,"isChildTransparent":false}}]}]}],"id":1581969264032,"gridLayoutProps":{"rows":1,"cols":1,"layOutRows":1,"layOutCols":1,"grids":["1 / 1 / 2 / 2"]},"childStyle":{},"dynamicStyles":{},"background-color":{"isTransparent":false,"isChildTransparent":false}},"portraitConfig":null,"landscapeConfig":null,"pageBuilderConfig":{"1581969264032":{"listeners":{"click":{"workflow":"","submit":false,"type":"workflow","success":{"type":"goTo","screenId":""}},"drag":{"workflow":"","submit":false}},"cssClassNamedataSourceType":"","hoverTxtdataSourceType":""},"1581969264034":{"listeners":{"click":{"workflow":"","submit":false,"type":"workflow","success":{"type":"goTo","screenId":""}},"drag":{"workflow":"","submit":false},"doubleclick":{"type":"workflow","success":{"type":"goTo","screenId":""}}},"hoverTxtdataSourceType":""},"1583421511172":{"listeners":{"click":{"workflow":"5f47f8728f0814ff0a91774a","submit":false,"type":"workflow","success":{"type":"goTo","screenId":""}},"longPress":{"workflow":"","submit":false}},"cssClassNamedataSourceType":"","filter":"","ellipsis":"","dataSourceType":"global","badgedataSourceType":"","hoverTxtdataSourceType":"","dataSourceKey":"CURRENT_USER","dataSourceModelName":"User","dataSourcefieldName":"lastUsedRoleLabel","enableTranslation":true},"1592235287292":{"cssClassNamedataSourceType":"","DynaCCdataSourceType":"","DynaInputdataSourceType":"","includedPageId":"5f47f8728f0814ff0a917689"},"1596212525985":{"listeners":{"click":{"workflow":"","submit":false,"type":"workflow","success":{"type":"goTo","screenId":""}},"drag":{"workflow":"","submit":false},"doubleclick":{"type":"workflow","success":{"type":"goTo","screenId":""}}},"hoverTxtdataSourceType":""},"1596212525986":{"listeners":{"click":{"workflow":"","submit":false,"type":"workflow","success":{"type":"goTo","screenId":""}},"drag":{"workflow":"","submit":false},"doubleclick":{"type":"workflow","success":{"type":"goTo","screenId":""}}},"cssClassNamedataSourceType":"","hoverTxtdataSourceType":""},"1596212525988":{"listeners":{"click":{"workflow":"","submit":false,"type":"workflow","success":{"type":"goTo","screenId":""}},"drag":{"workflow":"","submit":false},"doubleclick":{"type":"workflow","success":{"type":"goTo","screenId":""}}},"hoverTxtdataSourceType":""},"1620936596548":{"listeners":{"click":{"workflow":"5f47f8728f0814ff0a91774a","submit":false,"type":"workflow","success":{"type":"goTo","screenId":""}},"longPress":{"workflow":"","submit":false}},"cssClassNamedataSourceType":"","filter":"","ellipsis":"","dataSourceType":"constant","badgedataSourceType":"","hoverTxtdataSourceType":"","dataSourceKey":"CURRENT_USER","dataSourceModelName":"User","dataSourcefieldName":"<i class=\"fal fa-chevron-down\"></i>","enableTranslation":true},"1680194561088":{"listeners":{"click":{"workflow":"5f47f8728f0814ff0a91774a","submit":false,"type":"workflow","success":{"type":"goTo","screenId":""}},"longPress":{"workflow":"","submit":false}},"cssClassNamedataSourceType":"","filter":"","ellipsis":"","dataSourceType":"constant","badgedataSourceType":"","hoverTxtdataSourceType":"","dataSourceKey":"CURRENT_USER","dataSourceModelName":"User","dataSourcefieldName":"<i class=\"fal fa-chevron-up\"></i>","enableTranslation":true},"dataModel":"TR_Main_Dashboard"},"gridLayoutConfig":{"cols":1,"rows":1,"gridgap":{"int":0,"unit":"em"},"autoflow":false,"explicit":{"colValues":"auto","rowValues":"auto"}},"savedId":null,"workInProgress":false,"status":null,"createdBy":null,"lastModifiedBy":null,"deleted":false,"customComponent":true,"style":false,"animation":false,"styleComponentType":null,"hidden":false,"hideDrawer":false,"lockOrientation":null,"screenShotData":null,"customComponentScreenShot":false,"eventMappings":null,"layoutRows":0,"layoutCols":0,"enableRuntimeConfiguration":false,"inputs":null,"timerWorkflowId":null,"timeInterval":0,"label":null,"leftArrowWorkflowId":null,"rightArrowWorkflowId":null,"bpmManaged":false,"category":null,"displaySeq":0,"rowCounter":0,"columnCounter":0,"aiHtml":null,"customization":null,"pageData":null},
{"id":"5f47f8728f0814ff0a91768a","companyId":"5f47ce0c8f0815394ff3bd8a","createdDate":1721232119720,"updatedDate":1721232119720,"versionId":61,"referenceId":null,"systemStatus":"P","updatedByUserId":"5f47ce0e8f0815394ff3be1b","updatedByUserName":"Josh Havens","systemStatusText":null,"userTypes":[],"requirementIds":[],"name":"User_Role_SubMenu_List_Item","sourceReferenceId":"5ee3ef60e4b0db3a8806effa","sourceReferenceAppId":"5e4ad395e4b053c18438f562","lockedByUserId":null,"lockedByUserName":null,"publicArtifact":false,"enableOffline":false,"locked":false,"canUnlock":false,"publishComment":" ","importantPublish":false,"appId":"5f47f6258f0814ff0a91755e","folderId":null,"desc":null,"loadDataFrom":"model","dataModel":"SysRoleUser","webserviceId":null,"webserviceOutput":null,"preLoadWorkflowId":null,"workflowId":null,"backButtonWorkflowId":null,"targetDevice":"browser","detachTemplate":true,"templateId":"","landscapeTemplateId":"","defaultTemplate":"portrait","config":{"type":"gridpanel","style":{"width":"100%","height":"100%","display":"grid","grid-gap":"0em","grid-template-columns":"repeat(4, 1fr)","grid-template-rows":"repeat(4, 1fr)","grid-auto-rows":"1fr","grid-auto-columns":"1fr"},"direction":"layout-grid","fields":[{"type":"flexlayout","componentName":"","componentType":"vbox","class":"sortable","direction":"vertical","align":"start","pack":"stretch","style":{"background-color":"transparent","border-left-width":"0px","border-right-width":"0px","border-top-width":"1px","border-bottom-width":"1px","border-style":"ridge","width":"100%","display":"flex","margin-top":"0px","margin-left":"0px","margin-right":"0px","margin-bottom":"0px","padding-top":"0px","padding-left":"0px","padding-right":"0px","padding-bottom":"0px","position":"relative","top":"-2px","flex-direction":"row","align-items":"center","cursor":"Pointer","grid-area":"1 / 1 / 5 / 5"},"hasChild":false,"gridArea":"1 / 1 / 5 / 5","id":1591996257049,"childStyle":{},"fields":[{"type":"flexlayout","componentName":"","componentType":"vbox","class":"sortable","direction":"vertical","align":"start","pack":"stretch","style":{"width":"100%","height":"100%","display":"flex","margin-top":"0px","margin-left":"0px","margin-right":"0px","margin-bottom":"0px","padding-top":"0px","padding-left":"10px","padding-right":"0px","padding-bottom":"0px","flex-direction":"row","align-items":"center","grid-area":"1 / 1 / 5 / 5"},"hasChild":false,"gridArea":"1 / 1 / 5 / 5","id":1592227646294,"childStyle":{},"fields":[{"type":"flexlayout","componentName":"","componentType":"vbox","class":"sortable","direction":"vertical","align":"start","pack":"stretch","style":{"height":"100%","display":"inline-block","margin-top":"0px","margin-left":"0px","margin-right":"15px","margin-bottom":"0px","padding-top":"8px","padding-left":"10px","padding-right":"10px","padding-bottom":"8px","font-size":"1.5em","position":"relative"},"hasChild":false,"id":1591996257051,"childStyle":{},"dynamicStyles":{},"background-color":{"isTransparent":false,"isChildTransparent":false},"fields":[{"type":"text","componentName":"","componentType":"input","class":"text-wrap","style":{"width":"40px","height":"40px","padding-top":"0px","padding-left":"0px","padding-right":"0px","padding-bottom":"0px","font-size":"28px","color":"rgb(109,109,109)"},"hasChild":false,"id":1623168225716,"dynamicStyles":{},"background-color":{"isTransparent":false,"isChildTransparent":false}}]},{"type":"text","componentName":"","componentType":"input","class":"text-wrap","style":{"background-color":"transparent","width":"100%","display":"inherit","margin-top":"0px","margin-left":"0px","margin-right":"0px","margin-bottom":"0px","padding-top":"0px","padding-left":"0px","padding-right":"0px","padding-bottom":"0px","font-family":"Montserrat","font-size":"1.3em"},"hasChild":false,"id":1591996257050,"dynamicStyles":{"color":{"isDynamic":true,"dataSourceType":"global","dataSourcefieldName":"primaryBGColorText","dataSourceKey":"BRANCH_STYLES","dataSourceModelName":"Branch_Styles"}},"background-color":{"isTransparent":false,"isChildTransparent":false}}],"dynamicStyles":{},"background-color":{"isTransparent":false,"isChildTransparent":false},"rrCSSClass":["panel_Highlight"]}],"dynamicStyles":{},"background-color":{"isTransparent":false,"isChildTransparent":false},"rrCSSClass":["panel_Highlight"]}],"id":1591996257048,"gridLayoutProps":{"rows":1,"cols":1,"layOutRows":4,"layOutCols":4,"grids":["1 / 1 / 5 / 5"]},"childStyle":{},"dynamicStyles":{},"background-color":{"isTransparent":false,"isChildTransparent":false}},"portraitConfig":null,"landscapeConfig":null,"pageBuilderConfig":{"1591996257048":{"listeners":{"click":{"workflow":"","submit":false,"type":"workflow","success":{"type":"goTo","screenId":""}},"drag":{"workflow":"","submit":false}},"cssClassNamedataSourceType":"","hoverTxtdataSourceType":""},"1591996257050":{"listeners":{"click":{"workflow":"","submit":false,"type":"workflow","success":{"type":"goTo","screenId":""}},"doubleclick":{"type":"workflow","success":{"type":"goTo","screenId":""}}},"cssClassNamedataSourceType":"","dataSourceType":"pagemodel","dataSourcefieldName":"roleLabel","ellipsis":"","isRequiredKeydataSourceType":"","dataSourceModelName":"SysRoleUser","enableTranslation":true},"1591996257051":{"listeners":{"click":{"workflow":"","submit":false,"type":"workflow","success":{"type":"goTo","screenId":""}},"drag":{"workflow":"","submit":false},"doubleclick":{"type":"workflow","success":{"type":"goTo","screenId":""}}},"hoverTxtdataSourceType":""},"1591996257049":{"listeners":{"click":{"workflow":"5f47f8728f0814ff0a91774b","submit":false,"type":"workflow","success":{"type":"goTo","screenId":""}},"drag":{"workflow":"","submit":false},"doubleclick":{"type":"workflow","success":{"type":"goTo","screenId":""}}},"hoverTxtdataSourceType":"","cssClassNamedataSourceType":""},"1592227646294":{"listeners":{"click":{"workflow":"","submit":false,"type":"workflow","success":{"type":"goTo","screenId":""}},"drag":{"workflow":"","submit":false},"doubleclick":{"type":"workflow","success":{"type":"goTo","screenId":""}}},"hoverTxtdataSourceType":""},"1623168225716":{"listeners":{"click":{"workflow":"","submit":false,"type":"workflow","success":{"type":"goTo","screenId":""}},"doubleclick":{"type":"workflow","success":{"type":"goTo","screenId":""}}},"dataSourceType":"pagemodel","dataSourcefieldName":"sysImage","isRequiredKeydataSourceType":"","ellipsis":"","cssClassNamedataSourceType":""},"dataModel":"SysRoleUser"},"gridLayoutConfig":{"cols":1,"rows":1,"gridgap":{"int":0,"unit":"em"},"autoflow":true,"explicit":{"colValues":"auto","rowValues":"auto"}},"savedId":null,"workInProgress":false,"status":null,"createdBy":null,"lastModifiedBy":null,"deleted":false,"customComponent":true,"style":false,"animation":false,"styleComponentType":null,"hidden":false,"hideDrawer":false,"lockOrientation":null,"screenShotData":null,"customComponentScreenShot":false,"eventMappings":null,"layoutRows":0,"layoutCols":0,"enableRuntimeConfiguration":false,"inputs":null,"timerWorkflowId":null,"timeInterval":0,"label":null,"leftArrowWorkflowId":null,"rightArrowWorkflowId":null,"bpmManaged":false,"category":null,"displaySeq":0,"rowCounter":0,"columnCounter":0,"aiHtml":null,"customization":null,"pageData":null}]