[{"id":"5f47f8728f0814ff0a91774b","companyId":"5f47ce0c8f0815394ff3bd8a","createdDate":1721232345565,"updatedDate":1721232345565,"versionId":56,"referenceId":null,"systemStatus":"P","updatedByUserId":"5f47ce0e8f0815394ff3be1b","updatedByUserName":"Josh Havens","systemStatusText":null,"userTypes":null,"requirementIds":null,"name":"User_Info_Role_Item_Click","sourceReferenceId":"5ee7da9de4b0db3a8806f427","sourceReferenceAppId":"5e4ad395e4b053c18438f562","lockedByUserId":null,"lockedByUserName":null,"publicArtifact":false,"enableOffline":false,"locked":false,"canUnlock":false,"publishComment":" ","importantPublish":false,"appId":"5f47f6258f0814ff0a91755e","folderId":"","initializer":null,"triggerType":"workflow","flow":[],"createdBy":null,"lastModifiedBy":null,"objectsMap":{"1592253085501":{"id":"1592253085501","type":"startObject","value":null,"taskName":"Start","triggerType":"workflow","addedToConfig":true,"painted":true,"position":{},"taskNotes":"<p><br></p>","modelName":"SysRoleUser","desc":"SysRoleUser"},"15922530855011000":{"id":"15922530855011000","parent":"1621554389495","systemExit":true,"type":"return","returnType":"exit","taskName":"Exit","label":"","addedToConfig":false,"painted":false,"position":{}},"1592254307281":{"id":"1592254307281","type":"service","value":"Get Auth Header","serviceType":"internal","serviceId":"getAuthHeader","position":{},"label":"","callType":"async","taskName":"Get Auth Header","parent":"1592254610256_end","painted":false,"keyType":"constant","desc":"Get Auth Header","taskNotes":"<p><br></p>","addedToConfig":false},"1592254435326":{"id":"1592254435326","type":"query","position":{},"source":null,"target":null,"mapping":null,"label":"","filterBy":"criteria","searchOption":"one","operator":"and","taskName":"CURRENT_USER","parent":"1592336718196","painted":false,"taskNotes":"<p><br></p>","saveType":"global","sourceVariable":"CURRENT_USER","modelName":"User","addedToConfig":false},"1592254610256_end":{"id":"1592254610256_end","decisionId":"1592254610256","position":{},"type":"decisionEnd","painted":false,"addedToConfig":false},"1592254610256_success_start":{"id":"1592254610256_success_start","decisionId":"1592254610256","parent":"1592254610256","position":{},"type":"decisionSucessStart","painted":false,"addedToConfig":false},"1592254610256_failure_start":{"id":"1592254610256_failure_start","decisionId":"1592254610256","parent":"1592254610256","position":{},"type":"decisionFailureStart","painted":false,"addedToConfig":false},"1592254610256_success_end":{"id":"1592254610256_success_end","decisionId":"1592254610256","parent":"1592254717989","position":{},"type":"decisionSucessEnd","painted":false,"addedToConfig":false},"1592254610256_failure_end":{"id":"1592254610256_failure_end","decisionId":"1592254610256","parent":"1649101119907","position":{},"type":"decisionFailureEnd","painted":false,"addedToConfig":false},"1592254610256":{"id":"1592254610256","type":"decision","newMapping":true,"position":{},"condition":null,"serviceName":null,"serviceType":null,"operator":"and","mapping":[{"sourceType":"variable","sourceValue":"sysName","source":"rr_page_data","sourceFieldType":"String","sourceModel":"SysRoleUser","isSourceList":false,"targetType":"variable","targetValue":"lastUsedRole","target":"1592254435326","targetFieldType":"String","targetModel":"User","isTargetList":false,"comparator":"equals"}],"label":"","parent":"1592254435326","painted":false,"taskNotes":"<p><br></p>","addedToConfig":false},"1592254717989":{"id":"1592254717989","type":"return","returnType":"exit","taskName":"Exit","label":"","position":{},"parent":"1592254610256_success_start","painted":false,"addedToConfig":false},"1592254742148":{"id":"1592254742148","type":"dataTransfer","position":{},"source":"mddui_page_input_data","sourceType":"page","sourceVariable":"","targetType":"page","target":"1592254435326","targetVariable":null,"resultVariable":null,"mapping":[{"name":"lastUsedRoleLabel","valueType":"variable","value":"roleLabel","fieldType":"String","list":false,"rr_dynamic_field_name_type":"","fromModel":"SysRoleUser","source":"rr_page_data"},{"name":"lastUsedRole","valueType":"variable","value":"sysName","fieldType":"String","list":false,"rr_dynamic_field_name_type":"","fromModel":"SysRoleUser","source":"rr_page_data"}],"label":"","taskName":"Update Model in Memory","parent":"1592254610256_failure_start","painted":false,"taskNotes":"<p><br></p>","condition":"User","addedToConfig":false},"1592336711956":{"id":"1592336711956","type":"dataTransfer","position":{},"source":"mddui_page_input_data","sourceType":"page","sourceVariable":"","targetType":"page","target":"1592336718196","targetVariable":null,"resultVariable":null,"mapping":[{"name":"userInfoToggle","valueType":"constant","value":"Closed","fieldType":"String","list":false,"rr_dynamic_field_name_type":"","fromModel":""}],"label":"","taskName":"Update Model in Memory","parent":"1686067754160_end","painted":false,"taskNotes":"<p><br></p>","condition":"TR_Main_Dashboard","addedToConfig":false,"showAllFields":false},"1592336718196":{"id":"1592336718196","type":"service","value":"Get Outer Screen Data","serviceType":"internal","serviceId":"getOuterPageData","position":{},"label":"","callType":"async","taskName":"Outer Screen Data","parent":"1705097312046","painted":false,"keyType":"constant","desc":"Get Outer Screen Data","taskNotes":"<p><br></p>","modelName":"TR_Main_Dashboard","addedToConfig":false},"1596214344955":{"id":"1596214344955","type":"createDataObject","position":{},"condition":"API_UserRequest","mapping":[{"name":"action","valueType":"constant","value":"EDIT","fieldType":"String","list":false,"rr_dynamic_field_name_type":"","fromModel":""},{"name":"actionType","valueType":"constant","value":"USER","fieldType":"String","list":false,"rr_dynamic_field_name_type":"","fromModel":""},{"name":"userId","valueType":"variable","value":"_id","fieldType":"String","list":false,"rr_dynamic_field_name_type":"","fromModel":"User","source":"1592254435326"},{"name":"object","valueType":"variable","value":"rr_this_object","fieldType":"Object","list":false,"rr_dynamic_field_name_type":"","fromModel":"User","source":"1592254435326"},{"name":"role","valueType":"variable","value":"sysName","fieldType":"String","list":false,"rr_dynamic_field_name_type":"","fromModel":"SysRoleUser","source":"rr_page_data"}],"label":"","taskName":"API_UserRequest","parent":"1592254307281","painted":false,"taskNotes":"<p><br></p>","addedToConfig":false,"showAllFields":false},"1596214544157":{"id":"1596214544157","type":"createDataObject","position":{},"condition":"API_MainRequest","mapping":[{"name":"rr_id","valueType":"variable","value":"tenantId","fieldType":"String","list":false,"rr_dynamic_field_name_type":"","fromModel":"Lookup_SystemInfo","source":"1705097312046"},{"name":"authHeader","valueType":"variable","value":null,"fieldType":"String","list":false,"rr_dynamic_field_name_type":"","source":"1592254307281"},{"name":"data","valueType":"variable","value":"rr_this_object","fieldType":"Object","list":false,"rr_dynamic_field_name_type":"","fromModel":"API_UserRequest","source":"1596214344955"},{"name":"service","valueType":"constant","value":"5f47f79e8f0814ff0a917593","fieldType":"String","list":false,"rr_dynamic_field_name_type":"","fromModel":""}],"label":"","taskName":"API_MainRequest","parent":"1596214344955","painted":false,"taskNotes":"<p><br></p>","addedToConfig":false},"1596214639378":{"id":"1596214639378","type":"workflow","position":{},"workflowId":"5f47f8728f0814ff0a9176f6","workflowName":"Main_Web_Service_Caller","workflowType":"serverFlow","label":"","taskName":"Main_Web_Service_Caller","parent":"1596214544157","painted":false,"callType":"sync","taskNotes":"<p><br></p>","inputTask":"1596214544157","inputValue":null,"outputDataModel":"API_MainResponse","addedToConfig":false},"1600202374826":{"id":"1600202374826","type":"workflow","position":{},"workflowId":"5f61141b8f082b9cdc658d66","workflowName":"Main_Dashboard_Switch_Case","workflowType":"uiFlow","label":"","taskName":"Visual Logic Component","parent":"1620777472210","painted":false,"addedToConfig":false,"callType":"sync","taskNotes":"<p><br></p>","inputTask":"1592255351045","inputValue":null},"1620777472210":{"id":"1620777472210","type":"rrUiComponent","position":{},"label":"","taskName":"Hide Submenu_Click","screenId":["5f47f8728f0814ff0a917635"],"parent":"1626145685740_end","painted":false,"customComponent":"","animationImageType":"","taskNotes":"<p><br></p>","actionType":"hide","rrComponentHierarchy":"1620759630176","addedToConfig":false},"1621554389495":{"id":"1621554389495","type":"workflow","position":{},"workflowId":"5fc9175c8f0812e96d3e400a","workflowName":"TEMP_Toggle_Dashboard_Menu_Small","workflowType":"uiFlow","label":"","taskName":"Visual Logic Component","parent":"1621554417166_end","painted":false,"callType":"","taskNotes":"<p><br></p>","addedToConfig":false},"1621554403712":{"id":"1621554403712","type":"service","value":"Get Outer Screen Data","serviceType":"internal","serviceId":"getOuterPageData","position":{},"label":"","callType":"async","taskName":"Outer Screen Data","parent":"1600202374826","painted":false,"desc":"Get Outer Screen Data","taskNotes":"<p><br></p>","modelName":"TR_Main_Dashboard","addedToConfig":false},"1621554417166_end":{"id":"1621554417166_end","decisionId":"1621554417166","position":{},"type":"decisionEnd","painted":false,"addedToConfig":false},"1621554417166_success_start":{"id":"1621554417166_success_start","decisionId":"1621554417166","parent":"1621554417166","position":{},"type":"decisionSucessStart","painted":false,"addedToConfig":false},"1621554417166_failure_start":{"id":"1621554417166_failure_start","decisionId":"1621554417166","parent":"1621554417166","position":{},"type":"decisionFailureStart","painted":false,"addedToConfig":false},"1621554417166_success_end":{"id":"1621554417166_success_end","decisionId":"1621554417166","parent":"1621554430763","position":{},"type":"decisionSucessEnd","painted":false,"addedToConfig":false},"1621554417166_failure_end":{"id":"1621554417166_failure_end","decisionId":"1621554417166","parent":"1621554443880","position":{},"type":"decisionFailureEnd","painted":false,"addedToConfig":false},"1621554417166":{"id":"1621554417166","type":"decision","newMapping":true,"position":{},"condition":null,"serviceName":null,"serviceType":null,"operator":"and","mapping":[{"sourceType":"variable","sourceValue":"toggleMenu","source":"1621554403712","sourceFieldType":"String","sourceModel":"TR_Main_Dashboard","isSourceList":false,"targetType":"constant","targetValue":"Open","target":null,"targetFieldType":null,"targetModel":"","isTargetList":null,"comparator":"equals"}],"label":"","parent":"1621554403712","painted":false,"taskNotes":"<p><br></p>","addedToConfig":false},"1621554430763":{"id":"1621554430763","type":"dataTransfer","position":{},"source":"mddui_page_input_data","sourceType":"page","sourceVariable":"","targetType":"page","target":"1621554403712","targetVariable":null,"resultVariable":null,"mapping":[{"name":"toggleMenu","valueType":"constant","value":"Closed","fieldType":"String","list":false,"rr_dynamic_field_name_type":"","fromModel":""}],"label":"","taskName":"Update Model in Memory","parent":"1621554417166_success_start","painted":false,"taskNotes":"<p><br></p>","condition":"TR_Main_Dashboard","addedToConfig":false},"1621554443880":{"id":"1621554443880","type":"dataTransfer","position":{},"source":"mddui_page_input_data","sourceType":"page","sourceVariable":"","targetType":"page","target":"1621554403712","targetVariable":null,"resultVariable":null,"mapping":[{"name":"toggleMenu","valueType":"constant","value":"Open","fieldType":"String","list":false,"rr_dynamic_field_name_type":"","fromModel":""}],"label":"","taskName":"Update Model in Memory","parent":"1621554417166_failure_start","painted":false,"taskNotes":"<p><br></p>","condition":"TR_Main_Dashboard","addedToConfig":false},"1626145667080":{"id":"1626145667080","type":"query","position":{},"source":null,"target":null,"mapping":null,"label":"","filterBy":"criteria","searchOption":"one","operator":"and","taskName":"Read USER_AGENT","parent":"1592336711956","painted":false,"taskNotes":"<p><br></p>","saveType":"cookie","sourceVariable":"USER_AGENT","modelName":"API_ParseUserAgentResponse","addedToConfig":false},"1626145685740_end":{"id":"1626145685740_end","decisionId":"1626145685740","position":{},"type":"decisionEnd","painted":false,"addedToConfig":false},"1626145685740_success_start":{"id":"1626145685740_success_start","decisionId":"1626145685740","parent":"1626145685740","position":{},"type":"decisionSucessStart","painted":false,"addedToConfig":false},"1626145685740_failure_start":{"id":"1626145685740_failure_start","decisionId":"1626145685740","parent":"1626145685740","position":{},"type":"decisionFailureStart","painted":false,"addedToConfig":false},"1626145685740_success_end":{"id":"1626145685740_success_end","decisionId":"1626145685740","parent":"1626145731774","position":{},"type":"decisionSucessEnd","painted":false,"addedToConfig":false},"1626145685740_failure_end":{"id":"1626145685740_failure_end","decisionId":"1626145685740","parent":"1626145729540","position":{},"type":"decisionFailureEnd","painted":false,"addedToConfig":false},"1626145685740":{"id":"1626145685740","type":"decision","newMapping":true,"position":{},"condition":null,"serviceName":null,"serviceType":null,"operator":"or","mapping":[{"sourceType":"variable","sourceValue":"parse.hardware_type","source":"1626145667080","sourceFieldType":"String","sourceModel":"API_ParseUserAgentResponse","isSourceList":false,"targetType":"constant","targetValue":"mobile","target":null,"targetFieldType":null,"targetModel":"","isTargetList":null,"comparator":"equalsIgnoreCase"},{"sourceType":"variable","sourceValue":"parse.hardware_type","source":"1626145667080","sourceFieldType":"String","sourceModel":"API_ParseUserAgentResponse","isSourceList":false,"targetType":"constant","targetValue":"phoen","target":null,"targetFieldType":null,"targetModel":"","isTargetList":null,"comparator":"equalsIgnoreCase"},{"sourceType":"variable","sourceValue":"parse.hardware_type","source":"1626145667080","sourceFieldType":"String","sourceModel":"API_ParseUserAgentResponse","isSourceList":false,"targetType":"constant","targetValue":"tablet","target":null,"targetFieldType":null,"targetModel":"","isTargetList":null,"comparator":"equalsIgnoreCase"}],"label":"","parent":"1626145667080","painted":false,"taskNotes":"<p><br></p>","addedToConfig":false},"1626145729540":{"id":"1626145729540","type":"rrUiComponent","position":{},"label":"","taskName":"Hide SubMenu","screenId":["60e5ce9f8f08542a275e9435"],"parent":"1626145685740_failure_start","painted":false,"customComponent":"5f47f8728f0814ff0a917636","animationImageType":"","taskNotes":"<p><br></p>","actionType":"changeComponent","rrComponentHierarchy":"1625673405553","addedToConfig":false,"pageTitleType":"constant","dontChangeTitle":true},"1626145731774":{"id":"1626145731774","type":"rrUiComponent","position":{},"label":"","taskName":"Hide SubMenu","screenId":["60e5cee08f08542a275e9448"],"parent":"1626145685740_success_start","painted":false,"customComponent":"60e5d0c88f08542a275e946a","animationImageType":"","taskNotes":"<p><br></p>","actionType":"changeComponent","rrComponentHierarchy":"1625673405553","addedToConfig":false,"pageTitleType":"constant","dontChangeTitle":true},"1649101119907":{"id":"1649101119907","type":"delete","position":{},"source":null,"target":null,"mapping":null,"label":"","filterBy":"criteria","searchOption":"one","operator":"and","taskName":"Remove MENU_CONTEXT","parent":"1592254742148","painted":false,"taskNotes":"<p><br></p>","saveType":"global","sourceVariable":"MENU_CONTEXT","addedToConfig":false},"1686067754160":{"id":"1686067754160","type":"decision","newMapping":true,"position":{},"condition":null,"serviceName":null,"serviceType":null,"operator":"and","mapping":[{"sourceType":"variable","sourceValue":"reasons2","source":"1596214639378","sourceFieldType":"SUB_String","sourceModel":"API_MainResponse","isSourceList":true,"targetType":"constant","targetValue":null,"target":null,"targetFieldType":null,"targetModel":"","isTargetList":null,"comparator":"empty"}],"label":"","parent":"1596214639378","painted":false,"taskNotes":"<p><br></p>","addedToConfig":false},"1686067754160_end":{"id":"1686067754160_end","decisionId":"1686067754160","position":{},"type":"decisionEnd","painted":false,"addedToConfig":false},"1686067754160_success_start":{"id":"1686067754160_success_start","decisionId":"1686067754160","parent":"1686067754160","position":{},"type":"decisionSucessStart","painted":false,"addedToConfig":false},"1686067754160_failure_start":{"id":"1686067754160_failure_start","decisionId":"1686067754160","parent":"1686067754160","position":{},"type":"decisionFailureStart","painted":false,"addedToConfig":false},"1686067754160_success_end":{"id":"1686067754160_success_end","decisionId":"1686067754160","parent":"1686067754160_success_start","position":{},"type":"decisionSucessEnd","painted":false,"addedToConfig":false},"1686067754160_failure_end":{"id":"1686067754160_failure_end","decisionId":"1686067754160","parent":"1686067754164","position":{},"type":"decisionFailureEnd","painted":false,"addedToConfig":false},"1686067754163":{"id":"1686067754163","type":"createDataObject","position":{},"condition":"TR_ConfirmModal","mapping":[{"name":"tempList","valueType":"variable","value":"reasons2","fieldType":"Object","list":true,"rr_dynamic_field_name_type":"","fromModel":"API_MainResponse","source":"1596214639378"}],"label":"","taskName":"Create TR_ConfirmModal","parent":"1686067754160_failure_start","painted":false,"taskNotes":"<p><br></p>","addedToConfig":false},"1686067754164":{"id":"1686067754164","type":"return","returnType":"showModal","taskName":"Exit","label":"","position":{},"parent":"1686067754163","painted":false,"taskNotes":"<p><br></p>","customComponent":"602165338f0804c83b37e20e","desc":"Show Modal","inputTask":"1686067754163","inputValue":null,"addedToConfig":false},"1705097312046":{"id":"1705097312046","type":"query","position":{},"source":null,"target":null,"mapping":null,"label":"","filterBy":"criteria","searchOption":"one","operator":"and","taskName":"Read SYSTEM_INFO","parent":"1592253085501","painted":false,"taskNotes":"<p><br></p>","sourceVariable":"SYSTEM_INFO","saveType":"global","modelName":"Lookup_SystemInfo","addedToConfig":false}},"decisionsMap":{"1592254610256":{"success":"1592254610256_success_start","failure":"1592254610256_failure_start","successEnd":"1592254610256_success_end","failureEnd":"1592254610256_failure_end","end":"1592254610256_end","root":true},"1621554417166":{"success":"1621554417166_success_start","failure":"1621554417166_failure_start","successEnd":"1621554417166_success_end","failureEnd":"1621554417166_failure_end","end":"1621554417166_end","root":false},"1626145685740":{"success":"1626145685740_success_start","failure":"1626145685740_failure_start","successEnd":"1626145685740_success_end","failureEnd":"1626145685740_failure_end","end":"1626145685740_end","root":false},"1686067754160":{"root":false,"success":"1686067754160_success_start","failure":"1686067754160_failure_start","successEnd":"1686067754160_success_end","failureEnd":"1686067754160_failure_end","end":"1686067754160_end"}},"active":false,"scheduler":false,"savedId":null,"workInProgress":false,"uiFLow":true,"startTaskId":"1592253085501","shouldSecure":false,"allowExecutionForAll":false,"testCase":false,"testSuite":false,"sequence":1,"internal":false,"triggeredFromBpm":false,"inputModel":"SysRoleUser","outputModel":null,"appName":null}]