[{"id":"5f4d6d6a8f086f27a2ab0835","companyId":"5f47ce0c8f0815394ff3bd8a","createdDate":1598909802292,"updatedDate":1720817708854,"versionId":0,"referenceId":null,"systemStatus":null,"updatedByUserId":"5f47ce0e8f0815394ff3be1b","updatedByUserName":"Josh Havens","systemStatusText":null,"userTypes":[],"requirementIds":[],"name":"Assessment","sourceReferenceId":"5e3da1b2e4b0dc635b34e731","sourceReferenceAppId":"5e3c7705e4b0dc635b34e645","lockedByUserId":null,"lockedByUserName":null,"publicArtifact":false,"enableOffline":false,"locked":false,"canUnlock":false,"publishComment":null,"importantPublish":false,"sysModel":false,"subDomainModel":false,"transientModel":false,"bpmManagedModel":false,"listModel":false,"label":null,"bpmFieldNames":null,"appId":["5f47f6158f0814ff0a917552"],"fields":[{"id":null,"companyId":null,"createdDate":0,"updatedDate":0,"versionId":0,"referenceId":null,"systemStatus":null,"updatedByUserId":null,"updatedByUserName":null,"systemStatusText":null,"fieldName":"accountCreationRole","type":"String","referenceModel":null,"index":false,"subModel":false,"list":false,"required":false,"typeModel":null,"systemField":false,"s3URL":false,"encryptionType":0,"unique":false,"autoIncrement":false,"length":0,"dbFieldName":null,"dbOrdinalPosition":0,"dbType":null,"dbConstraintName":null,"relatedDBTableName":null,"relatedDBTableImportedIdName":null,"defaultValueType":0,"defaultValue":null,"defaultValueUserModel":null,"defaultValueRelationName":null,"defaultValueRelatedModel":null,"defaultValueField":null,"cognitiveProperties":{"entityTypes":[],"newType":false,"newTypeName":null,"subType":null,"dictionaryItem":false,"speechType":null,"mention":false,"mentionType":null,"mentionClass":null,"entityRelationships":null,"sampleQuestions":null},"implementedTypeModelId":null,"fieldLabel":null,"min":0,"max":0,"minMaxValidation":false,"wholeNumber":false,"noPastDates":false,"noFutureDates":false,"implementedTypeModel":null,"sampleData":null},{"id":null,"companyId":null,"createdDate":0,"updatedDate":0,"versionId":0,"referenceId":null,"systemStatus":null,"updatedByUserId":null,"updatedByUserName":null,"systemStatusText":null,"fieldName":"allowSaveAndExit","type":"Boolean","referenceModel":null,"index":false,"subModel":false,"list":false,"required":false,"typeModel":null,"systemField":false,"s3URL":false,"encryptionType":0,"unique":false,"autoIncrement":false,"length":0,"dbFieldName":null,"dbOrdinalPosition":0,"dbType":null,"dbConstraintName":null,"relatedDBTableName":null,"relatedDBTableImportedIdName":null,"defaultValueType":0,"defaultValue":null,"defaultValueUserModel":null,"defaultValueRelationName":null,"defaultValueRelatedModel":null,"defaultValueField":null,"cognitiveProperties":{"entityTypes":[],"newType":false,"newTypeName":null,"subType":null,"dictionaryItem":false,"speechType":null,"mention":false,"mentionType":null,"mentionClass":null,"entityRelationships":null,"sampleQuestions":null},"implementedTypeModelId":null,"fieldLabel":null,"min":0,"max":0,"minMaxValidation":false,"wholeNumber":false,"noPastDates":false,"noFutureDates":false,"implementedTypeModel":null,"sampleData":null},{"id":null,"companyId":null,"createdDate":0,"updatedDate":0,"versionId":0,"referenceId":null,"systemStatus":null,"updatedByUserId":null,"updatedByUserName":null,"systemStatusText":null,"fieldName":"assessment_responseCount","type":"Number","referenceModel":null,"index":false,"subModel":false,"list":false,"required":false,"typeModel":null,"systemField":false,"s3URL":false,"encryptionType":0,"unique":false,"autoIncrement":false,"length":0,"dbFieldName":null,"dbOrdinalPosition":0,"dbType":null,"dbConstraintName":null,"relatedDBTableName":null,"relatedDBTableImportedIdName":null,"defaultValueType":0,"defaultValue":null,"defaultValueUserModel":null,"defaultValueRelationName":null,"defaultValueRelatedModel":null,"defaultValueField":null,"cognitiveProperties":{"entityTypes":[],"newType":false,"newTypeName":null,"subType":null,"dictionaryItem":false,"speechType":null,"mention":false,"mentionType":null,"mentionClass":null,"entityRelationships":null,"sampleQuestions":null},"implementedTypeModelId":null,"fieldLabel":null,"min":0,"max":0,"minMaxValidation":false,"wholeNumber":false,"noPastDates":false,"noFutureDates":false,"implementedTypeModel":null,"sampleData":null},{"id":null,"companyId":null,"createdDate":0,"updatedDate":0,"versionId":0,"referenceId":null,"systemStatus":null,"updatedByUserId":null,"updatedByUserName":null,"systemStatusText":null,"fieldName":"branchId","type":"String","referenceModel":null,"index":false,"subModel":false,"list":false,"required":false,"typeModel":null,"systemField":false,"s3URL":false,"encryptionType":0,"unique":false,"autoIncrement":false,"length":0,"dbFieldName":null,"dbOrdinalPosition":0,"dbType":null,"dbConstraintName":null,"relatedDBTableName":null,"relatedDBTableImportedIdName":null,"defaultValueType":0,"defaultValue":null,"defaultValueUserModel":null,"defaultValueRelationName":null,"defaultValueRelatedModel":null,"defaultValueField":null,"cognitiveProperties":{"entityTypes":[],"newType":false,"newTypeName":null,"subType":null,"dictionaryItem":false,"speechType":null,"mention":false,"mentionType":null,"mentionClass":null,"entityRelationships":null,"sampleQuestions":null},"implementedTypeModelId":null,"fieldLabel":null,"min":0,"max":0,"minMaxValidation":false,"wholeNumber":false,"noPastDates":false,"noFutureDates":false,"implementedTypeModel":null,"sampleData":null},{"id":"5e3c80c8e4b0dc635b34e6ab","companyId":"5e28c55de4b0dc635b34d8f5","createdDate":1581023432011,"updatedDate":1581023432011,"versionId":0,"referenceId":null,"systemStatus":null,"updatedByUserId":"5e28c55ee4b0dc635b34d96c","updatedByUserName":"Josh Havens","systemStatusText":null,"fieldName":"courseId","type":"String","referenceModel":null,"index":false,"subModel":false,"list":false,"required":false,"typeModel":null,"systemField":false,"s3URL":false,"encryptionType":0,"unique":false,"autoIncrement":false,"length":0,"dbFieldName":null,"dbOrdinalPosition":0,"dbType":null,"dbConstraintName":null,"relatedDBTableName":null,"relatedDBTableImportedIdName":null,"defaultValueType":0,"defaultValue":null,"defaultValueUserModel":null,"defaultValueRelationName":null,"defaultValueRelatedModel":null,"defaultValueField":null,"cognitiveProperties":null,"implementedTypeModelId":null,"fieldLabel":null,"min":0,"max":0,"minMaxValidation":false,"wholeNumber":false,"noPastDates":false,"noFutureDates":false,"implementedTypeModel":null,"sampleData":null},{"id":null,"companyId":null,"createdDate":0,"updatedDate":0,"versionId":0,"referenceId":null,"systemStatus":null,"updatedByUserId":null,"updatedByUserName":null,"systemStatusText":null,"fieldName":"createdBy","type":"String","referenceModel":null,"index":false,"subModel":false,"list":false,"required":false,"typeModel":null,"systemField":true,"s3URL":false,"encryptionType":0,"unique":false,"autoIncrement":false,"length":0,"dbFieldName":null,"dbOrdinalPosition":0,"dbType":null,"dbConstraintName":null,"relatedDBTableName":null,"relatedDBTableImportedIdName":null,"defaultValueType":0,"defaultValue":null,"defaultValueUserModel":null,"defaultValueRelationName":null,"defaultValueRelatedModel":null,"defaultValueField":null,"cognitiveProperties":null,"implementedTypeModelId":null,"fieldLabel":null,"min":0,"max":0,"minMaxValidation":false,"wholeNumber":false,"noPastDates":false,"noFutureDates":false,"implementedTypeModel":null,"sampleData":null},{"id":null,"companyId":null,"createdDate":0,"updatedDate":0,"versionId":0,"referenceId":null,"systemStatus":null,"updatedByUserId":null,"updatedByUserName":null,"systemStatusText":null,"fieldName":"createdByName","type":"String","referenceModel":null,"index":false,"subModel":false,"list":false,"required":false,"typeModel":null,"systemField":true,"s3URL":false,"encryptionType":0,"unique":false,"autoIncrement":false,"length":0,"dbFieldName":null,"dbOrdinalPosition":0,"dbType":null,"dbConstraintName":null,"relatedDBTableName":null,"relatedDBTableImportedIdName":null,"defaultValueType":0,"defaultValue":null,"defaultValueUserModel":null,"defaultValueRelationName":null,"defaultValueRelatedModel":null,"defaultValueField":null,"cognitiveProperties":null,"implementedTypeModelId":null,"fieldLabel":null,"min":0,"max":0,"minMaxValidation":false,"wholeNumber":false,"noPastDates":false,"noFutureDates":false,"implementedTypeModel":null,"sampleData":null},{"id":null,"companyId":null,"createdDate":0,"updatedDate":0,"versionId":0,"referenceId":null,"systemStatus":null,"updatedByUserId":null,"updatedByUserName":null,"systemStatusText":null,"fieldName":"createdDate","type":"Date","referenceModel":null,"index":false,"subModel":false,"list":false,"required":false,"typeModel":null,"systemField":true,"s3URL":false,"encryptionType":0,"unique":false,"autoIncrement":false,"length":0,"dbFieldName":null,"dbOrdinalPosition":0,"dbType":null,"dbConstraintName":null,"relatedDBTableName":null,"relatedDBTableImportedIdName":null,"defaultValueType":0,"defaultValue":null,"defaultValueUserModel":null,"defaultValueRelationName":null,"defaultValueRelatedModel":null,"defaultValueField":null,"cognitiveProperties":null,"implementedTypeModelId":null,"fieldLabel":null,"min":0,"max":0,"minMaxValidation":false,"wholeNumber":false,"noPastDates":false,"noFutureDates":false,"implementedTypeModel":null,"sampleData":null},{"id":"5f8daad88f08eee59b0a3f46","companyId":"5f47ce0c8f0815394ff3bd8a","createdDate":1603119832453,"updatedDate":1603119832453,"versionId":0,"referenceId":null,"systemStatus":null,"updatedByUserId":"5f47ce0e8f0815394ff3be1b","updatedByUserName":"Josh Havens","systemStatusText":null,"fieldName":"description","type":"String","referenceModel":null,"index":false,"subModel":false,"list":false,"required":false,"typeModel":null,"systemField":false,"s3URL":false,"encryptionType":0,"unique":false,"autoIncrement":false,"length":0,"dbFieldName":null,"dbOrdinalPosition":0,"dbType":null,"dbConstraintName":null,"relatedDBTableName":null,"relatedDBTableImportedIdName":null,"defaultValueType":0,"defaultValue":null,"defaultValueUserModel":null,"defaultValueRelationName":null,"defaultValueRelatedModel":null,"defaultValueField":null,"cognitiveProperties":null,"implementedTypeModelId":null,"fieldLabel":null,"min":0,"max":0,"minMaxValidation":false,"wholeNumber":false,"noPastDates":false,"noFutureDates":false,"implementedTypeModel":null,"sampleData":null},{"id":"6037fd0e8f0861d715fd1d6c","companyId":"5f47ce0c8f0815394ff3bd8a","createdDate":1614281998912,"updatedDate":1614281998912,"versionId":0,"referenceId":null,"systemStatus":null,"updatedByUserId":"5f47ce0e8f0815394ff3be1b","updatedByUserName":"Josh Havens","systemStatusText":null,"fieldName":"endTime","type":"Time","referenceModel":null,"index":false,"subModel":false,"list":false,"required":false,"typeModel":null,"systemField":false,"s3URL":false,"encryptionType":0,"unique":false,"autoIncrement":false,"length":0,"dbFieldName":null,"dbOrdinalPosition":0,"dbType":null,"dbConstraintName":null,"relatedDBTableName":null,"relatedDBTableImportedIdName":null,"defaultValueType":0,"defaultValue":null,"defaultValueUserModel":null,"defaultValueRelationName":null,"defaultValueRelatedModel":null,"defaultValueField":null,"cognitiveProperties":null,"implementedTypeModelId":null,"fieldLabel":null,"min":0,"max":0,"minMaxValidation":false,"wholeNumber":false,"noPastDates":false,"noFutureDates":false,"implementedTypeModel":null,"sampleData":null},{"id":null,"companyId":null,"createdDate":0,"updatedDate":0,"versionId":0,"referenceId":null,"systemStatus":null,"updatedByUserId":null,"updatedByUserName":null,"systemStatusText":null,"fieldName":"formType","type":"String","referenceModel":null,"index":false,"subModel":false,"list":false,"required":false,"typeModel":null,"systemField":false,"s3URL":false,"encryptionType":0,"unique":false,"autoIncrement":false,"length":0,"dbFieldName":null,"dbOrdinalPosition":0,"dbType":null,"dbConstraintName":null,"relatedDBTableName":null,"relatedDBTableImportedIdName":null,"defaultValueType":0,"defaultValue":null,"defaultValueUserModel":null,"defaultValueRelationName":null,"defaultValueRelatedModel":null,"defaultValueField":null,"cognitiveProperties":{"entityTypes":[],"newType":false,"newTypeName":null,"subType":null,"dictionaryItem":false,"speechType":null,"mention":false,"mentionType":null,"mentionClass":null,"entityRelationships":null,"sampleQuestions":null},"implementedTypeModelId":null,"fieldLabel":null,"min":0,"max":0,"minMaxValidation":false,"wholeNumber":false,"noPastDates":false,"noFutureDates":false,"implementedTypeModel":null,"sampleData":null},{"id":"5f91b0b98f08eee59b0a47ff","companyId":"5f47ce0c8f0815394ff3bd8a","createdDate":1603383481916,"updatedDate":1603383481916,"versionId":0,"referenceId":null,"systemStatus":null,"updatedByUserId":"5f47ce0e8f0815394ff3be1b","updatedByUserName":"Josh Havens","systemStatusText":null,"fieldName":"imageURL","type":"String","referenceModel":null,"index":false,"subModel":false,"list":false,"required":false,"typeModel":null,"systemField":false,"s3URL":false,"encryptionType":0,"unique":false,"autoIncrement":false,"length":0,"dbFieldName":null,"dbOrdinalPosition":0,"dbType":null,"dbConstraintName":null,"relatedDBTableName":null,"relatedDBTableImportedIdName":null,"defaultValueType":0,"defaultValue":null,"defaultValueUserModel":null,"defaultValueRelationName":null,"defaultValueRelatedModel":null,"defaultValueField":null,"cognitiveProperties":null,"implementedTypeModelId":null,"fieldLabel":null,"min":0,"max":0,"minMaxValidation":false,"wholeNumber":false,"noPastDates":false,"noFutureDates":false,"implementedTypeModel":null,"sampleData":null},{"id":null,"companyId":null,"createdDate":0,"updatedDate":0,"versionId":0,"referenceId":null,"systemStatus":null,"updatedByUserId":null,"updatedByUserName":null,"systemStatusText":null,"fieldName":"includeOverviewSection","type":"Boolean","referenceModel":null,"index":false,"subModel":false,"list":false,"required":false,"typeModel":null,"systemField":false,"s3URL":false,"encryptionType":0,"unique":false,"autoIncrement":false,"length":0,"dbFieldName":null,"dbOrdinalPosition":0,"dbType":null,"dbConstraintName":null,"relatedDBTableName":null,"relatedDBTableImportedIdName":null,"defaultValueType":1,"defaultValue":"false","defaultValueUserModel":null,"defaultValueRelationName":null,"defaultValueRelatedModel":null,"defaultValueField":null,"cognitiveProperties":{"entityTypes":[],"newType":false,"newTypeName":null,"subType":null,"dictionaryItem":false,"speechType":null,"mention":false,"mentionType":null,"mentionClass":null,"entityRelationships":null,"sampleQuestions":null},"implementedTypeModelId":null,"fieldLabel":null,"min":0,"max":0,"minMaxValidation":false,"wholeNumber":false,"noPastDates":false,"noFutureDates":false,"implementedTypeModel":null,"sampleData":null},{"id":null,"companyId":null,"createdDate":0,"updatedDate":0,"versionId":0,"referenceId":null,"systemStatus":null,"updatedByUserId":null,"updatedByUserName":null,"systemStatusText":null,"fieldName":"includeSummarySection","type":"Boolean","referenceModel":null,"index":false,"subModel":false,"list":false,"required":false,"typeModel":null,"systemField":false,"s3URL":false,"encryptionType":0,"unique":false,"autoIncrement":false,"length":0,"dbFieldName":null,"dbOrdinalPosition":0,"dbType":null,"dbConstraintName":null,"relatedDBTableName":null,"relatedDBTableImportedIdName":null,"defaultValueType":0,"defaultValue":null,"defaultValueUserModel":null,"defaultValueRelationName":null,"defaultValueRelatedModel":null,"defaultValueField":null,"cognitiveProperties":{"entityTypes":[],"newType":false,"newTypeName":null,"subType":null,"dictionaryItem":false,"speechType":null,"mention":false,"mentionType":null,"mentionClass":null,"entityRelationships":null,"sampleQuestions":null},"implementedTypeModelId":null,"fieldLabel":null,"min":0,"max":0,"minMaxValidation":false,"wholeNumber":false,"noPastDates":false,"noFutureDates":false,"implementedTypeModel":null,"sampleData":null},{"id":null,"companyId":null,"createdDate":0,"updatedDate":0,"versionId":0,"referenceId":null,"systemStatus":null,"updatedByUserId":null,"updatedByUserName":null,"systemStatusText":null,"fieldName":"instructions","type":"String","referenceModel":null,"index":false,"subModel":false,"list":false,"required":false,"typeModel":null,"systemField":false,"s3URL":false,"encryptionType":0,"unique":false,"autoIncrement":false,"length":0,"dbFieldName":null,"dbOrdinalPosition":0,"dbType":null,"dbConstraintName":null,"relatedDBTableName":null,"relatedDBTableImportedIdName":null,"defaultValueType":0,"defaultValue":null,"defaultValueUserModel":null,"defaultValueRelationName":null,"defaultValueRelatedModel":null,"defaultValueField":null,"cognitiveProperties":{"entityTypes":[],"newType":false,"newTypeName":null,"subType":null,"dictionaryItem":false,"speechType":null,"mention":false,"mentionType":null,"mentionClass":null,"entityRelationships":null,"sampleQuestions":null},"implementedTypeModelId":null,"fieldLabel":null,"min":0,"max":0,"minMaxValidation":false,"wholeNumber":false,"noPastDates":false,"noFutureDates":false,"implementedTypeModel":null,"sampleData":null},{"id":null,"companyId":null,"createdDate":0,"updatedDate":0,"versionId":0,"referenceId":null,"systemStatus":null,"updatedByUserId":null,"updatedByUserName":null,"systemStatusText":null,"fieldName":"printFileURLs","type":"SUB_Assessment_URLs","referenceModel":null,"index":false,"subModel":true,"list":true,"required":false,"typeModel":null,"systemField":false,"s3URL":false,"encryptionType":0,"unique":false,"autoIncrement":false,"length":0,"dbFieldName":null,"dbOrdinalPosition":0,"dbType":null,"dbConstraintName":null,"relatedDBTableName":null,"relatedDBTableImportedIdName":null,"defaultValueType":0,"defaultValue":null,"defaultValueUserModel":null,"defaultValueRelationName":null,"defaultValueRelatedModel":null,"defaultValueField":null,"cognitiveProperties":{"entityTypes":[],"newType":false,"newTypeName":null,"subType":null,"dictionaryItem":false,"speechType":null,"mention":false,"mentionType":null,"mentionClass":null,"entityRelationships":null,"sampleQuestions":null},"implementedTypeModelId":null,"fieldLabel":null,"min":0,"max":0,"minMaxValidation":false,"wholeNumber":false,"noPastDates":false,"noFutureDates":false,"implementedTypeModel":null,"sampleData":null},{"id":null,"companyId":null,"createdDate":0,"updatedDate":0,"versionId":0,"referenceId":null,"systemStatus":null,"updatedByUserId":null,"updatedByUserName":null,"systemStatusText":null,"fieldName":"questionNav","type":"Object","referenceModel":null,"index":false,"subModel":true,"list":true,"required":false,"typeModel":null,"systemField":false,"s3URL":false,"encryptionType":0,"unique":false,"autoIncrement":false,"length":0,"dbFieldName":null,"dbOrdinalPosition":0,"dbType":null,"dbConstraintName":null,"relatedDBTableName":null,"relatedDBTableImportedIdName":null,"defaultValueType":0,"defaultValue":null,"defaultValueUserModel":null,"defaultValueRelationName":null,"defaultValueRelatedModel":null,"defaultValueField":null,"cognitiveProperties":{"entityTypes":[],"newType":false,"newTypeName":null,"subType":null,"dictionaryItem":false,"speechType":null,"mention":false,"mentionType":null,"mentionClass":null,"entityRelationships":null,"sampleQuestions":null},"implementedTypeModelId":null,"fieldLabel":null,"min":0,"max":0,"minMaxValidation":false,"wholeNumber":false,"noPastDates":false,"noFutureDates":false,"implementedTypeModel":null,"sampleData":null},{"id":"61d7471f8f0881fa8f2d3441","companyId":"5f47ce0c8f0815394ff3bd8a","createdDate":1641498399160,"updatedDate":1641498399160,"versionId":0,"referenceId":null,"systemStatus":null,"updatedByUserId":"5f47ce0e8f0815394ff3be1b","updatedByUserName":"Josh Havens","systemStatusText":null,"fieldName":"questionType","type":"String","referenceModel":null,"index":false,"subModel":false,"list":false,"required":false,"typeModel":null,"systemField":false,"s3URL":false,"encryptionType":0,"unique":false,"autoIncrement":false,"length":0,"dbFieldName":null,"dbOrdinalPosition":0,"dbType":null,"dbConstraintName":null,"relatedDBTableName":null,"relatedDBTableImportedIdName":null,"defaultValueType":0,"defaultValue":null,"defaultValueUserModel":null,"defaultValueRelationName":null,"defaultValueRelatedModel":null,"defaultValueField":null,"cognitiveProperties":null,"implementedTypeModelId":null,"fieldLabel":null,"min":0,"max":0,"minMaxValidation":false,"wholeNumber":false,"noPastDates":false,"noFutureDates":false,"implementedTypeModel":null,"sampleData":null},{"id":"60f1d2108f0820d8ee8cf3aa","companyId":"5f47ce0c8f0815394ff3bd8a","createdDate":1626460688566,"updatedDate":1626460688566,"versionId":0,"referenceId":null,"systemStatus":null,"updatedByUserId":"5f47ce0e8f0815394ff3be1b","updatedByUserName":"Josh Havens","systemStatusText":null,"fieldName":"refundDays","type":"Number","referenceModel":null,"index":false,"subModel":false,"list":false,"required":false,"typeModel":null,"systemField":false,"s3URL":false,"encryptionType":0,"unique":false,"autoIncrement":false,"length":0,"dbFieldName":null,"dbOrdinalPosition":0,"dbType":null,"dbConstraintName":null,"relatedDBTableName":null,"relatedDBTableImportedIdName":null,"defaultValueType":0,"defaultValue":null,"defaultValueUserModel":null,"defaultValueRelationName":null,"defaultValueRelatedModel":null,"defaultValueField":null,"cognitiveProperties":null,"implementedTypeModelId":null,"fieldLabel":null,"min":0,"max":0,"minMaxValidation":false,"wholeNumber":false,"noPastDates":false,"noFutureDates":false,"implementedTypeModel":null,"sampleData":null},{"id":null,"companyId":null,"createdDate":0,"updatedDate":0,"versionId":0,"referenceId":null,"systemStatus":null,"updatedByUserId":null,"updatedByUserName":null,"systemStatusText":null,"fieldName":"requiresPayment","type":"Boolean","referenceModel":null,"index":false,"subModel":false,"list":false,"required":false,"typeModel":null,"systemField":false,"s3URL":false,"encryptionType":0,"unique":false,"autoIncrement":false,"length":0,"dbFieldName":null,"dbOrdinalPosition":0,"dbType":null,"dbConstraintName":null,"relatedDBTableName":null,"relatedDBTableImportedIdName":null,"defaultValueType":0,"defaultValue":null,"defaultValueUserModel":null,"defaultValueRelationName":null,"defaultValueRelatedModel":null,"defaultValueField":null,"cognitiveProperties":{"entityTypes":[],"newType":false,"newTypeName":null,"subType":null,"dictionaryItem":false,"speechType":null,"mention":false,"mentionType":null,"mentionClass":null,"entityRelationships":null,"sampleQuestions":null},"implementedTypeModelId":null,"fieldLabel":null,"min":0,"max":0,"minMaxValidation":false,"wholeNumber":false,"noPastDates":false,"noFutureDates":false,"implementedTypeModel":null,"sampleData":null},{"id":null,"companyId":null,"createdDate":0,"updatedDate":0,"versionId":0,"referenceId":null,"systemStatus":null,"updatedByUserId":null,"updatedByUserName":null,"systemStatusText":null,"fieldName":"requiresPaymentAmount","type":"Number","referenceModel":null,"index":false,"subModel":false,"list":false,"required":false,"typeModel":null,"systemField":false,"s3URL":false,"encryptionType":0,"unique":false,"autoIncrement":false,"length":0,"dbFieldName":null,"dbOrdinalPosition":0,"dbType":null,"dbConstraintName":null,"relatedDBTableName":null,"relatedDBTableImportedIdName":null,"defaultValueType":0,"defaultValue":null,"defaultValueUserModel":null,"defaultValueRelationName":null,"defaultValueRelatedModel":null,"defaultValueField":null,"cognitiveProperties":{"entityTypes":[],"newType":false,"newTypeName":null,"subType":null,"dictionaryItem":false,"speechType":null,"mention":false,"mentionType":null,"mentionClass":null,"entityRelationships":null,"sampleQuestions":null},"implementedTypeModelId":null,"fieldLabel":null,"min":0,"max":0,"minMaxValidation":false,"wholeNumber":false,"noPastDates":false,"noFutureDates":false,"implementedTypeModel":null,"sampleData":null},{"id":null,"companyId":null,"createdDate":0,"updatedDate":0,"versionId":0,"referenceId":null,"systemStatus":null,"updatedByUserId":null,"updatedByUserName":null,"systemStatusText":null,"fieldName":"sectionsList","type":"SUB_Assessment_Sections","referenceModel":null,"index":false,"subModel":true,"list":true,"required":false,"typeModel":null,"systemField":false,"s3URL":false,"encryptionType":0,"unique":false,"autoIncrement":false,"length":0,"dbFieldName":null,"dbOrdinalPosition":0,"dbType":null,"dbConstraintName":null,"relatedDBTableName":null,"relatedDBTableImportedIdName":null,"defaultValueType":0,"defaultValue":null,"defaultValueUserModel":null,"defaultValueRelationName":null,"defaultValueRelatedModel":null,"defaultValueField":null,"cognitiveProperties":{"entityTypes":[],"newType":false,"newTypeName":null,"subType":null,"dictionaryItem":false,"speechType":null,"mention":false,"mentionType":null,"mentionClass":null,"entityRelationships":null,"sampleQuestions":null},"implementedTypeModelId":null,"fieldLabel":null,"min":0,"max":0,"minMaxValidation":false,"wholeNumber":false,"noPastDates":false,"noFutureDates":false,"implementedTypeModel":null,"sampleData":null},{"id":"602d644c8f08ee97f320fe61","companyId":"5f47ce0c8f0815394ff3bd8a","createdDate":1613587532661,"updatedDate":1613587532661,"versionId":0,"referenceId":null,"systemStatus":null,"updatedByUserId":"5f47ce0e8f0815394ff3be1b","updatedByUserName":"Josh Havens","systemStatusText":null,"fieldName":"startTime","type":"Time","referenceModel":null,"index":false,"subModel":false,"list":false,"required":false,"typeModel":null,"systemField":false,"s3URL":false,"encryptionType":0,"unique":false,"autoIncrement":false,"length":0,"dbFieldName":null,"dbOrdinalPosition":0,"dbType":null,"dbConstraintName":null,"relatedDBTableName":null,"relatedDBTableImportedIdName":null,"defaultValueType":0,"defaultValue":null,"defaultValueUserModel":null,"defaultValueRelationName":null,"defaultValueRelatedModel":null,"defaultValueField":null,"cognitiveProperties":null,"implementedTypeModelId":null,"fieldLabel":null,"min":0,"max":0,"minMaxValidation":false,"wholeNumber":false,"noPastDates":false,"noFutureDates":false,"implementedTypeModel":null,"sampleData":null},{"id":"5f4d6ee38f086f27a2ab1087","companyId":"5f47ce0c8f0815394ff3bd8a","createdDate":1598910179038,"updatedDate":1598910179038,"versionId":0,"referenceId":null,"systemStatus":null,"updatedByUserId":"5f47ce0e8f0815394ff3be1b","updatedByUserName":"Josh Havens","systemStatusText":null,"fieldName":"status","type":"String","referenceModel":null,"index":false,"subModel":false,"list":false,"required":false,"typeModel":null,"systemField":false,"s3URL":false,"encryptionType":0,"unique":false,"autoIncrement":false,"length":0,"dbFieldName":null,"dbOrdinalPosition":0,"dbType":null,"dbConstraintName":null,"relatedDBTableName":null,"relatedDBTableImportedIdName":null,"defaultValueType":0,"defaultValue":null,"defaultValueUserModel":null,"defaultValueRelationName":null,"defaultValueRelatedModel":null,"defaultValueField":null,"cognitiveProperties":null,"implementedTypeModelId":null,"fieldLabel":null,"min":0,"max":0,"minMaxValidation":false,"wholeNumber":false,"noPastDates":false,"noFutureDates":false,"implementedTypeModel":null,"sampleData":null},{"id":"60a715b28f08d153154dd9a2","companyId":"5f47ce0c8f0815394ff3bd8a","createdDate":1621562802562,"updatedDate":1621562802562,"versionId":0,"referenceId":null,"systemStatus":null,"updatedByUserId":"5f47ce0e8f0815394ff3be1b","updatedByUserName":"Josh Havens","systemStatusText":null,"fieldName":"subType","type":"String","referenceModel":null,"index":false,"subModel":false,"list":false,"required":false,"typeModel":null,"systemField":false,"s3URL":false,"encryptionType":0,"unique":false,"autoIncrement":false,"length":0,"dbFieldName":null,"dbOrdinalPosition":0,"dbType":null,"dbConstraintName":null,"relatedDBTableName":null,"relatedDBTableImportedIdName":null,"defaultValueType":0,"defaultValue":null,"defaultValueUserModel":null,"defaultValueRelationName":null,"defaultValueRelatedModel":null,"defaultValueField":null,"cognitiveProperties":null,"implementedTypeModelId":null,"fieldLabel":null,"min":0,"max":0,"minMaxValidation":false,"wholeNumber":false,"noPastDates":false,"noFutureDates":false,"implementedTypeModel":null,"sampleData":null},{"id":null,"companyId":null,"createdDate":0,"updatedDate":0,"versionId":0,"referenceId":null,"systemStatus":null,"updatedByUserId":null,"updatedByUserName":null,"systemStatusText":null,"fieldName":"summarySection","type":"Object","referenceModel":null,"index":false,"subModel":true,"list":false,"required":false,"typeModel":null,"systemField":false,"s3URL":false,"encryptionType":0,"unique":false,"autoIncrement":false,"length":0,"dbFieldName":null,"dbOrdinalPosition":0,"dbType":null,"dbConstraintName":null,"relatedDBTableName":null,"relatedDBTableImportedIdName":null,"defaultValueType":0,"defaultValue":null,"defaultValueUserModel":null,"defaultValueRelationName":null,"defaultValueRelatedModel":null,"defaultValueField":null,"cognitiveProperties":{"entityTypes":[],"newType":false,"newTypeName":null,"subType":null,"dictionaryItem":false,"speechType":null,"mention":false,"mentionType":null,"mentionClass":null,"entityRelationships":null,"sampleQuestions":null},"implementedTypeModelId":null,"fieldLabel":null,"min":0,"max":0,"minMaxValidation":false,"wholeNumber":false,"noPastDates":false,"noFutureDates":false,"implementedTypeModel":null,"sampleData":null},{"id":null,"companyId":null,"createdDate":0,"updatedDate":0,"versionId":0,"referenceId":null,"systemStatus":null,"updatedByUserId":null,"updatedByUserName":null,"systemStatusText":null,"fieldName":"sysContainerId","type":"String","referenceModel":null,"index":true,"subModel":false,"list":false,"required":false,"typeModel":null,"systemField":true,"s3URL":false,"encryptionType":0,"unique":false,"autoIncrement":false,"length":0,"dbFieldName":null,"dbOrdinalPosition":0,"dbType":null,"dbConstraintName":null,"relatedDBTableName":null,"relatedDBTableImportedIdName":null,"defaultValueType":0,"defaultValue":null,"defaultValueUserModel":null,"defaultValueRelationName":null,"defaultValueRelatedModel":null,"defaultValueField":null,"cognitiveProperties":null,"implementedTypeModelId":null,"fieldLabel":null,"min":0,"max":0,"minMaxValidation":false,"wholeNumber":false,"noPastDates":false,"noFutureDates":false,"implementedTypeModel":null,"sampleData":null},{"id":null,"companyId":null,"createdDate":0,"updatedDate":0,"versionId":0,"referenceId":null,"systemStatus":null,"updatedByUserId":null,"updatedByUserName":null,"systemStatusText":null,"fieldName":"sysFeedback","type":"SysStateTransitionFeedback","referenceModel":null,"index":false,"subModel":false,"list":false,"required":false,"typeModel":null,"systemField":true,"s3URL":false,"encryptionType":0,"unique":false,"autoIncrement":false,"length":0,"dbFieldName":null,"dbOrdinalPosition":0,"dbType":null,"dbConstraintName":null,"relatedDBTableName":null,"relatedDBTableImportedIdName":null,"defaultValueType":0,"defaultValue":null,"defaultValueUserModel":null,"defaultValueRelationName":null,"defaultValueRelatedModel":null,"defaultValueField":null,"cognitiveProperties":null,"implementedTypeModelId":null,"fieldLabel":null,"min":0,"max":0,"minMaxValidation":false,"wholeNumber":false,"noPastDates":false,"noFutureDates":false,"implementedTypeModel":null,"sampleData":null},{"id":null,"companyId":null,"createdDate":0,"updatedDate":0,"versionId":0,"referenceId":null,"systemStatus":null,"updatedByUserId":null,"updatedByUserName":null,"systemStatusText":null,"fieldName":"sysImage","type":"String","referenceModel":null,"index":false,"subModel":false,"list":false,"required":false,"typeModel":null,"systemField":true,"s3URL":false,"encryptionType":0,"unique":false,"autoIncrement":false,"length":0,"dbFieldName":null,"dbOrdinalPosition":0,"dbType":null,"dbConstraintName":null,"relatedDBTableName":null,"relatedDBTableImportedIdName":null,"defaultValueType":0,"defaultValue":null,"defaultValueUserModel":null,"defaultValueRelationName":null,"defaultValueRelatedModel":null,"defaultValueField":null,"cognitiveProperties":null,"implementedTypeModelId":null,"fieldLabel":null,"min":0,"max":0,"minMaxValidation":false,"wholeNumber":false,"noPastDates":false,"noFutureDates":false,"implementedTypeModel":null,"sampleData":null},{"id":null,"companyId":null,"createdDate":0,"updatedDate":0,"versionId":0,"referenceId":null,"systemStatus":null,"updatedByUserId":null,"updatedByUserName":null,"systemStatusText":null,"fieldName":"sysName","type":"String","referenceModel":null,"index":false,"subModel":false,"list":false,"required":false,"typeModel":null,"systemField":true,"s3URL":false,"encryptionType":0,"unique":false,"autoIncrement":false,"length":0,"dbFieldName":null,"dbOrdinalPosition":0,"dbType":null,"dbConstraintName":null,"relatedDBTableName":null,"relatedDBTableImportedIdName":null,"defaultValueType":0,"defaultValue":null,"defaultValueUserModel":null,"defaultValueRelationName":null,"defaultValueRelatedModel":null,"defaultValueField":null,"cognitiveProperties":null,"implementedTypeModelId":null,"fieldLabel":null,"min":0,"max":0,"minMaxValidation":false,"wholeNumber":false,"noPastDates":false,"noFutureDates":false,"implementedTypeModel":null,"sampleData":null},{"id":null,"companyId":null,"createdDate":0,"updatedDate":0,"versionId":0,"referenceId":null,"systemStatus":null,"updatedByUserId":null,"updatedByUserName":null,"systemStatusText":null,"fieldName":"sysState","type":"String","referenceModel":null,"index":false,"subModel":false,"list":false,"required":false,"typeModel":null,"systemField":true,"s3URL":false,"encryptionType":0,"unique":false,"autoIncrement":false,"length":0,"dbFieldName":null,"dbOrdinalPosition":0,"dbType":null,"dbConstraintName":null,"relatedDBTableName":null,"relatedDBTableImportedIdName":null,"defaultValueType":0,"defaultValue":null,"defaultValueUserModel":null,"defaultValueRelationName":null,"defaultValueRelatedModel":null,"defaultValueField":null,"cognitiveProperties":null,"implementedTypeModelId":null,"fieldLabel":null,"min":0,"max":0,"minMaxValidation":false,"wholeNumber":false,"noPastDates":false,"noFutureDates":false,"implementedTypeModel":null,"sampleData":null},{"id":"6021ee6c8f08822c862685e6","companyId":"5f47ce0c8f0815394ff3bd8a","createdDate":1612836460347,"updatedDate":1612836460347,"versionId":0,"referenceId":null,"systemStatus":null,"updatedByUserId":"5f47ce0e8f0815394ff3be1b","updatedByUserName":"Josh Havens","systemStatusText":null,"fieldName":"systemStatus","type":"String","referenceModel":null,"index":false,"subModel":false,"list":false,"required":false,"typeModel":null,"systemField":false,"s3URL":false,"encryptionType":0,"unique":false,"autoIncrement":false,"length":0,"dbFieldName":null,"dbOrdinalPosition":0,"dbType":null,"dbConstraintName":null,"relatedDBTableName":null,"relatedDBTableImportedIdName":null,"defaultValueType":0,"defaultValue":null,"defaultValueUserModel":null,"defaultValueRelationName":null,"defaultValueRelatedModel":null,"defaultValueField":null,"cognitiveProperties":null,"implementedTypeModelId":null,"fieldLabel":null,"min":0,"max":0,"minMaxValidation":false,"wholeNumber":false,"noPastDates":false,"noFutureDates":false,"implementedTypeModel":null,"sampleData":null},{"id":null,"companyId":null,"createdDate":0,"updatedDate":0,"versionId":0,"referenceId":null,"systemStatus":null,"updatedByUserId":null,"updatedByUserName":null,"systemStatusText":null,"fieldName":"tempCurrentSection","type":"SUB_Assessment_Sections","referenceModel":null,"index":false,"subModel":true,"list":false,"required":false,"typeModel":null,"systemField":false,"s3URL":false,"encryptionType":0,"unique":false,"autoIncrement":false,"length":0,"dbFieldName":null,"dbOrdinalPosition":0,"dbType":null,"dbConstraintName":null,"relatedDBTableName":null,"relatedDBTableImportedIdName":null,"defaultValueType":0,"defaultValue":null,"defaultValueUserModel":null,"defaultValueRelationName":null,"defaultValueRelatedModel":null,"defaultValueField":null,"cognitiveProperties":{"entityTypes":[],"newType":false,"newTypeName":null,"subType":null,"dictionaryItem":false,"speechType":null,"mention":false,"mentionType":null,"mentionClass":null,"entityRelationships":null,"sampleQuestions":null},"implementedTypeModelId":null,"fieldLabel":null,"min":0,"max":0,"minMaxValidation":false,"wholeNumber":false,"noPastDates":false,"noFutureDates":false,"implementedTypeModel":null,"sampleData":null},{"id":"60ca451e8f08954fd02552a3","companyId":"5f47ce0c8f0815394ff3bd8a","createdDate":1623868702364,"updatedDate":1623868702364,"versionId":0,"referenceId":null,"systemStatus":null,"updatedByUserId":"5f47ce0e8f0815394ff3be1b","updatedByUserName":"Josh Havens","systemStatusText":null,"fieldName":"tempList","type":"Object","referenceModel":null,"index":false,"subModel":true,"list":true,"required":false,"typeModel":null,"systemField":false,"s3URL":false,"encryptionType":0,"unique":false,"autoIncrement":false,"length":0,"dbFieldName":null,"dbOrdinalPosition":0,"dbType":null,"dbConstraintName":null,"relatedDBTableName":null,"relatedDBTableImportedIdName":null,"defaultValueType":0,"defaultValue":null,"defaultValueUserModel":null,"defaultValueRelationName":null,"defaultValueRelatedModel":null,"defaultValueField":null,"cognitiveProperties":null,"implementedTypeModelId":null,"fieldLabel":null,"min":0,"max":0,"minMaxValidation":false,"wholeNumber":false,"noPastDates":false,"noFutureDates":false,"implementedTypeModel":null,"sampleData":null},{"id":null,"companyId":null,"createdDate":0,"updatedDate":0,"versionId":0,"referenceId":null,"systemStatus":null,"updatedByUserId":null,"updatedByUserName":null,"systemStatusText":null,"fieldName":"tempQuestionCount","type":"Number","referenceModel":null,"index":false,"subModel":false,"list":false,"required":false,"typeModel":null,"systemField":false,"s3URL":false,"encryptionType":0,"unique":false,"autoIncrement":false,"length":0,"dbFieldName":null,"dbOrdinalPosition":0,"dbType":null,"dbConstraintName":null,"relatedDBTableName":null,"relatedDBTableImportedIdName":null,"defaultValueType":0,"defaultValue":null,"defaultValueUserModel":null,"defaultValueRelationName":null,"defaultValueRelatedModel":null,"defaultValueField":null,"cognitiveProperties":{"entityTypes":[],"newType":false,"newTypeName":null,"subType":null,"dictionaryItem":false,"speechType":null,"mention":false,"mentionType":null,"mentionClass":null,"entityRelationships":null,"sampleQuestions":null},"implementedTypeModelId":null,"fieldLabel":null,"min":0,"max":0,"minMaxValidation":false,"wholeNumber":false,"noPastDates":false,"noFutureDates":false,"implementedTypeModel":null,"sampleData":null},{"id":null,"companyId":null,"createdDate":0,"updatedDate":0,"versionId":0,"referenceId":null,"systemStatus":null,"updatedByUserId":null,"updatedByUserName":null,"systemStatusText":null,"fieldName":"tempQuestionProgress","type":"String","referenceModel":null,"index":false,"subModel":false,"list":false,"required":false,"typeModel":null,"systemField":false,"s3URL":false,"encryptionType":0,"unique":false,"autoIncrement":false,"length":0,"dbFieldName":null,"dbOrdinalPosition":0,"dbType":null,"dbConstraintName":null,"relatedDBTableName":null,"relatedDBTableImportedIdName":null,"defaultValueType":0,"defaultValue":null,"defaultValueUserModel":null,"defaultValueRelationName":null,"defaultValueRelatedModel":null,"defaultValueField":null,"cognitiveProperties":{"entityTypes":[],"newType":false,"newTypeName":null,"subType":null,"dictionaryItem":false,"speechType":null,"mention":false,"mentionType":null,"mentionClass":null,"entityRelationships":null,"sampleQuestions":null},"implementedTypeModelId":null,"fieldLabel":null,"min":0,"max":0,"minMaxValidation":false,"wholeNumber":false,"noPastDates":false,"noFutureDates":false,"implementedTypeModel":null,"sampleData":null},{"id":"624481138f08d0c05310304a","companyId":"5f47ce0c8f0815394ff3bd8a","createdDate":1648656659759,"updatedDate":1648656659759,"versionId":0,"referenceId":null,"systemStatus":null,"updatedByUserId":"5f47ce0e8f0815394ff3be1b","updatedByUserName":"Josh Havens","systemStatusText":null,"fieldName":"title","type":"String","referenceModel":null,"index":false,"subModel":false,"list":false,"required":false,"typeModel":null,"systemField":false,"s3URL":false,"encryptionType":0,"unique":false,"autoIncrement":false,"length":0,"dbFieldName":null,"dbOrdinalPosition":0,"dbType":null,"dbConstraintName":null,"relatedDBTableName":null,"relatedDBTableImportedIdName":null,"defaultValueType":0,"defaultValue":null,"defaultValueUserModel":null,"defaultValueRelationName":null,"defaultValueRelatedModel":null,"defaultValueField":null,"cognitiveProperties":null,"implementedTypeModelId":null,"fieldLabel":null,"min":0,"max":0,"minMaxValidation":false,"wholeNumber":false,"noPastDates":false,"noFutureDates":false,"implementedTypeModel":null,"sampleData":null},{"id":"5e57e1a1e4b053c1843906bb","companyId":"5e28c55de4b0dc635b34d8f5","createdDate":1582817697686,"updatedDate":1582817697686,"versionId":0,"referenceId":null,"systemStatus":null,"updatedByUserId":"5e28c55ee4b0dc635b34d96c","updatedByUserName":"Josh Havens","systemStatusText":null,"fieldName":"type","type":"String","referenceModel":null,"index":false,"subModel":false,"list":false,"required":false,"typeModel":null,"systemField":false,"s3URL":false,"encryptionType":0,"unique":false,"autoIncrement":false,"length":0,"dbFieldName":null,"dbOrdinalPosition":0,"dbType":null,"dbConstraintName":null,"relatedDBTableName":null,"relatedDBTableImportedIdName":null,"defaultValueType":0,"defaultValue":null,"defaultValueUserModel":null,"defaultValueRelationName":null,"defaultValueRelatedModel":null,"defaultValueField":null,"cognitiveProperties":null,"implementedTypeModelId":null,"fieldLabel":null,"min":0,"max":0,"minMaxValidation":false,"wholeNumber":false,"noPastDates":false,"noFutureDates":false,"implementedTypeModel":null,"sampleData":null},{"id":null,"companyId":null,"createdDate":0,"updatedDate":0,"versionId":0,"referenceId":null,"systemStatus":null,"updatedByUserId":null,"updatedByUserName":null,"systemStatusText":null,"fieldName":"updatedBy","type":"String","referenceModel":null,"index":false,"subModel":false,"list":false,"required":false,"typeModel":null,"systemField":true,"s3URL":false,"encryptionType":0,"unique":false,"autoIncrement":false,"length":0,"dbFieldName":null,"dbOrdinalPosition":0,"dbType":null,"dbConstraintName":null,"relatedDBTableName":null,"relatedDBTableImportedIdName":null,"defaultValueType":0,"defaultValue":null,"defaultValueUserModel":null,"defaultValueRelationName":null,"defaultValueRelatedModel":null,"defaultValueField":null,"cognitiveProperties":null,"implementedTypeModelId":null,"fieldLabel":null,"min":0,"max":0,"minMaxValidation":false,"wholeNumber":false,"noPastDates":false,"noFutureDates":false,"implementedTypeModel":null,"sampleData":null},{"id":null,"companyId":null,"createdDate":0,"updatedDate":0,"versionId":0,"referenceId":null,"systemStatus":null,"updatedByUserId":null,"updatedByUserName":null,"systemStatusText":null,"fieldName":"updatedByName","type":"String","referenceModel":null,"index":false,"subModel":false,"list":false,"required":false,"typeModel":null,"systemField":true,"s3URL":false,"encryptionType":0,"unique":false,"autoIncrement":false,"length":0,"dbFieldName":null,"dbOrdinalPosition":0,"dbType":null,"dbConstraintName":null,"relatedDBTableName":null,"relatedDBTableImportedIdName":null,"defaultValueType":0,"defaultValue":null,"defaultValueUserModel":null,"defaultValueRelationName":null,"defaultValueRelatedModel":null,"defaultValueField":null,"cognitiveProperties":null,"implementedTypeModelId":null,"fieldLabel":null,"min":0,"max":0,"minMaxValidation":false,"wholeNumber":false,"noPastDates":false,"noFutureDates":false,"implementedTypeModel":null,"sampleData":null},{"id":null,"companyId":null,"createdDate":0,"updatedDate":0,"versionId":0,"referenceId":null,"systemStatus":null,"updatedByUserId":null,"updatedByUserName":null,"systemStatusText":null,"fieldName":"updatedDate","type":"Date","referenceModel":null,"index":false,"subModel":false,"list":false,"required":false,"typeModel":null,"systemField":true,"s3URL":false,"encryptionType":0,"unique":false,"autoIncrement":false,"length":0,"dbFieldName":null,"dbOrdinalPosition":0,"dbType":null,"dbConstraintName":null,"relatedDBTableName":null,"relatedDBTableImportedIdName":null,"defaultValueType":0,"defaultValue":null,"defaultValueUserModel":null,"defaultValueRelationName":null,"defaultValueRelatedModel":null,"defaultValueField":null,"cognitiveProperties":null,"implementedTypeModelId":null,"fieldLabel":null,"min":0,"max":0,"minMaxValidation":false,"wholeNumber":false,"noPastDates":false,"noFutureDates":false,"implementedTypeModel":null,"sampleData":null},{"id":null,"companyId":null,"createdDate":0,"updatedDate":0,"versionId":0,"referenceId":null,"systemStatus":null,"updatedByUserId":null,"updatedByUserName":null,"systemStatusText":null,"fieldName":"viewBySection","type":"Boolean","referenceModel":null,"index":false,"subModel":false,"list":false,"required":false,"typeModel":null,"systemField":false,"s3URL":false,"encryptionType":0,"unique":false,"autoIncrement":false,"length":0,"dbFieldName":null,"dbOrdinalPosition":0,"dbType":null,"dbConstraintName":null,"relatedDBTableName":null,"relatedDBTableImportedIdName":null,"defaultValueType":0,"defaultValue":null,"defaultValueUserModel":null,"defaultValueRelationName":null,"defaultValueRelatedModel":null,"defaultValueField":null,"cognitiveProperties":{"entityTypes":[],"newType":false,"newTypeName":null,"subType":null,"dictionaryItem":false,"speechType":null,"mention":false,"mentionType":null,"mentionClass":null,"entityRelationships":null,"sampleQuestions":null},"implementedTypeModelId":null,"fieldLabel":null,"min":0,"max":0,"minMaxValidation":false,"wholeNumber":false,"noPastDates":false,"noFutureDates":false,"implementedTypeModel":null,"sampleData":null},{"id":null,"companyId":null,"createdDate":0,"updatedDate":0,"versionId":0,"referenceId":null,"systemStatus":null,"updatedByUserId":null,"updatedByUserName":null,"systemStatusText":null,"fieldName":"viewByType","type":"String","referenceModel":null,"index":false,"subModel":false,"list":false,"required":false,"typeModel":null,"systemField":false,"s3URL":false,"encryptionType":0,"unique":false,"autoIncrement":false,"length":0,"dbFieldName":null,"dbOrdinalPosition":0,"dbType":null,"dbConstraintName":null,"relatedDBTableName":null,"relatedDBTableImportedIdName":null,"defaultValueType":0,"defaultValue":null,"defaultValueUserModel":null,"defaultValueRelationName":null,"defaultValueRelatedModel":null,"defaultValueField":null,"cognitiveProperties":{"entityTypes":[],"newType":false,"newTypeName":null,"subType":null,"dictionaryItem":false,"speechType":null,"mention":false,"mentionType":null,"mentionClass":null,"entityRelationships":null,"sampleQuestions":null},"implementedTypeModelId":null,"fieldLabel":null,"min":0,"max":0,"minMaxValidation":false,"wholeNumber":false,"noPastDates":false,"noFutureDates":false,"implementedTypeModel":null,"sampleData":null},{"id":null,"companyId":null,"createdDate":0,"updatedDate":0,"versionId":0,"referenceId":null,"systemStatus":null,"updatedByUserId":null,"updatedByUserName":null,"systemStatusText":null,"fieldName":"viewByTypeIterator","type":"String","referenceModel":null,"index":false,"subModel":false,"list":false,"required":false,"typeModel":null,"systemField":false,"s3URL":false,"encryptionType":0,"unique":false,"autoIncrement":false,"length":0,"dbFieldName":null,"dbOrdinalPosition":0,"dbType":null,"dbConstraintName":null,"relatedDBTableName":null,"relatedDBTableImportedIdName":null,"defaultValueType":0,"defaultValue":null,"defaultValueUserModel":null,"defaultValueRelationName":null,"defaultValueRelatedModel":null,"defaultValueField":null,"cognitiveProperties":{"entityTypes":[],"newType":false,"newTypeName":null,"subType":null,"dictionaryItem":false,"speechType":null,"mention":false,"mentionType":null,"mentionClass":null,"entityRelationships":null,"sampleQuestions":null},"implementedTypeModelId":null,"fieldLabel":null,"min":0,"max":0,"minMaxValidation":false,"wholeNumber":false,"noPastDates":false,"noFutureDates":false,"implementedTypeModel":null,"sampleData":null},{"id":null,"companyId":null,"createdDate":0,"updatedDate":0,"versionId":0,"referenceId":null,"systemStatus":null,"updatedByUserId":null,"updatedByUserName":null,"systemStatusText":null,"fieldName":"_id","type":"String","referenceModel":null,"index":false,"subModel":false,"list":false,"required":false,"typeModel":null,"systemField":true,"s3URL":false,"encryptionType":0,"unique":false,"autoIncrement":false,"length":0,"dbFieldName":null,"dbOrdinalPosition":0,"dbType":null,"dbConstraintName":null,"relatedDBTableName":null,"relatedDBTableImportedIdName":null,"defaultValueType":0,"defaultValue":null,"defaultValueUserModel":null,"defaultValueRelationName":null,"defaultValueRelatedModel":null,"defaultValueField":null,"cognitiveProperties":null,"implementedTypeModelId":null,"fieldLabel":null,"min":0,"max":0,"minMaxValidation":false,"wholeNumber":false,"noPastDates":false,"noFutureDates":false,"implementedTypeModel":null,"sampleData":null},{"id":null,"companyId":null,"createdDate":0,"updatedDate":0,"versionId":0,"referenceId":null,"systemStatus":null,"updatedByUserId":null,"updatedByUserName":null,"systemStatusText":null,"fieldName":"questionSequence","type":"SUB_Assessment_QuestionSequence","referenceModel":null,"index":false,"subModel":true,"list":true,"required":false,"typeModel":null,"systemField":false,"s3URL":false,"encryptionType":0,"unique":false,"autoIncrement":false,"length":0,"dbFieldName":null,"dbOrdinalPosition":0,"dbType":null,"dbConstraintName":null,"relatedDBTableName":null,"relatedDBTableImportedIdName":null,"defaultValueType":0,"defaultValue":null,"defaultValueUserModel":null,"defaultValueRelationName":null,"defaultValueRelatedModel":null,"defaultValueField":null,"cognitiveProperties":{"entityTypes":[],"newType":false,"newTypeName":null,"subType":null,"dictionaryItem":false,"speechType":null,"mention":false,"mentionType":null,"mentionClass":null,"entityRelationships":null,"sampleQuestions":null},"implementedTypeModelId":null,"fieldLabel":null,"min":0,"max":0,"minMaxValidation":false,"wholeNumber":false,"noPastDates":false,"noFutureDates":false,"implementedTypeModel":null,"sampleData":null}],"indexes":[{"indexName":"courseId","fieldNames":["courseId"],"orderedDBColumnNames":null,"type":"simple"},{"indexName":"get_accountcreationforms","fieldNames":["branchId","status","type"],"orderedDBColumnNames":null,"type":"simple"},{"indexName":"simple_syscontainerid_idx","fieldNames":["sysContainerId"],"orderedDBColumnNames":null,"type":"simple"},{"indexName":"branchId","fieldNames":["branchId"],"orderedDBColumnNames":null,"type":"simple"},{"indexName":"add_section","fieldNames":["branchId","_id"],"orderedDBColumnNames":null,"type":"simple"}],"objectLifeCycle":null,"relationShips":[{"id":null,"companyId":null,"createdDate":0,"updatedDate":0,"versionId":0,"referenceId":null,"systemStatus":null,"updatedByUserId":null,"updatedByUserName":null,"systemStatusText":null,"name":"usesQuestion","dataModel":"Assessment_Questions","reverseRelationName":"usedByAssessment","biDirectional":true,"oneToMany":true,"seq":1,"is360Relationship":true,"properties":null,"owner":true,"oneToManyByOtherSideRelationShip":false},{"id":null,"companyId":null,"createdDate":0,"updatedDate":0,"versionId":0,"referenceId":null,"systemStatus":null,"updatedByUserId":null,"updatedByUserName":null,"systemStatusText":null,"name":"hasAnalysisItems","dataModel":"Assessment_ItemAnalysis","reverseRelationName":"belongsToAssessment","biDirectional":true,"oneToMany":false,"seq":0,"is360Relationship":false,"properties":null,"owner":true,"oneToManyByOtherSideRelationShip":false}],"type":"Default","hidden":false,"userType":false,"containerRestricted":true,"containerField":"sysContainerId","openCreate":false,"openRead":false,"encryptionEnabled":false,"encryptedFields":null,"dbTableName":null,"dbSchemaName":null,"imageField":null,"imageValue":null,"nameFields":[{"seq":0,"field":"type","constantValue":""},{"seq":0,"field":"title","constantValue":""},{"seq":0,"field":"description","constantValue":""}],"mainAreaComponentId":null,"workAreaComponentId":null,"commentComponentId":null,"defaultRoleId":null,"mySqlModel":false,"softDelete":true,"auditCreate":true,"auditRead":true,"auditUpdate":true,"auditDelete":true,"analytics":false,"analyticsStateField":null,"analyticsProperties":null,"cognitiveProperties":null,"appData":false,"enableTranslation":false,"fieldTypes":{},"fieldsByFeature":{},"reverseRelationShips":null,"reverseRelationShipMap":null,"view360CCId":null,"view360ListCCId":null,"view360bgColor":null,"relationshipViewImage":null,"relationshipViewClickVLC":null,"userModel":false,"description":null,"multiTenantAware":false,"ownerFieldName":null,"tenantFieldName":null,"features":null,"dataManagerId":null},
{"id":"669197ca8f08df157b26fb31","companyId":"5f47ce0c8f0815394ff3bd8a","createdDate":1720817610553,"updatedDate":1720817666729,"versionId":0,"referenceId":null,"systemStatus":null,"updatedByUserId":"5f47ce0e8f0815394ff3be1b","updatedByUserName":"Josh Havens","systemStatusText":null,"userTypes":[],"requirementIds":[],"name":"SUB_Assessment_QuestionSequence","sourceReferenceId":null,"sourceReferenceAppId":null,"lockedByUserId":null,"lockedByUserName":null,"publicArtifact":false,"enableOffline":false,"locked":false,"canUnlock":false,"publishComment":null,"importantPublish":false,"sysModel":false,"subDomainModel":true,"transientModel":true,"bpmManagedModel":false,"listModel":false,"label":null,"bpmFieldNames":null,"appId":["5f47f6158f0814ff0a917552"],"fields":[{"id":null,"companyId":null,"createdDate":0,"updatedDate":0,"versionId":0,"referenceId":null,"systemStatus":null,"updatedByUserId":null,"updatedByUserName":null,"systemStatusText":null,"fieldName":"questionId","type":"String","referenceModel":null,"index":false,"subModel":false,"list":false,"required":false,"typeModel":null,"systemField":false,"s3URL":false,"encryptionType":0,"unique":false,"autoIncrement":false,"length":0,"dbFieldName":null,"dbOrdinalPosition":0,"dbType":null,"dbConstraintName":null,"relatedDBTableName":null,"relatedDBTableImportedIdName":null,"defaultValueType":0,"defaultValue":null,"defaultValueUserModel":null,"defaultValueRelationName":null,"defaultValueRelatedModel":null,"defaultValueField":null,"cognitiveProperties":{"entityTypes":[],"newType":false,"newTypeName":null,"subType":null,"dictionaryItem":false,"speechType":null,"mention":false,"mentionType":null,"mentionClass":null,"entityRelationships":null,"sampleQuestions":null},"implementedTypeModelId":null,"fieldLabel":null,"min":0,"max":0,"minMaxValidation":false,"wholeNumber":false,"noPastDates":false,"noFutureDates":false,"implementedTypeModel":null,"sampleData":null},{"id":null,"companyId":null,"createdDate":0,"updatedDate":0,"versionId":0,"referenceId":null,"systemStatus":null,"updatedByUserId":null,"updatedByUserName":null,"systemStatusText":null,"fieldName":"sequence","type":"Number","referenceModel":null,"index":false,"subModel":false,"list":false,"required":false,"typeModel":null,"systemField":false,"s3URL":false,"encryptionType":0,"unique":false,"autoIncrement":false,"length":0,"dbFieldName":null,"dbOrdinalPosition":0,"dbType":null,"dbConstraintName":null,"relatedDBTableName":null,"relatedDBTableImportedIdName":null,"defaultValueType":0,"defaultValue":null,"defaultValueUserModel":null,"defaultValueRelationName":null,"defaultValueRelatedModel":null,"defaultValueField":null,"cognitiveProperties":{"entityTypes":[],"newType":false,"newTypeName":null,"subType":null,"dictionaryItem":false,"speechType":null,"mention":false,"mentionType":null,"mentionClass":null,"entityRelationships":null,"sampleQuestions":null},"implementedTypeModelId":null,"fieldLabel":null,"min":0,"max":0,"minMaxValidation":false,"wholeNumber":false,"noPastDates":false,"noFutureDates":false,"implementedTypeModel":null,"sampleData":null}],"indexes":null,"objectLifeCycle":null,"relationShips":null,"type":"Default","hidden":false,"userType":false,"containerRestricted":false,"containerField":"sysContainerId","openCreate":false,"openRead":false,"encryptionEnabled":false,"encryptedFields":null,"dbTableName":null,"dbSchemaName":null,"imageField":null,"imageValue":null,"nameFields":null,"mainAreaComponentId":null,"workAreaComponentId":null,"commentComponentId":null,"defaultRoleId":null,"mySqlModel":false,"softDelete":false,"auditCreate":false,"auditRead":false,"auditUpdate":false,"auditDelete":false,"analytics":false,"analyticsStateField":null,"analyticsProperties":null,"cognitiveProperties":null,"appData":false,"enableTranslation":false,"fieldTypes":{},"fieldsByFeature":{},"reverseRelationShips":null,"reverseRelationShipMap":null,"view360CCId":null,"view360ListCCId":null,"view360bgColor":null,"relationshipViewImage":null,"relationshipViewClickVLC":null,"userModel":false,"description":null,"multiTenantAware":false,"ownerFieldName":null,"tenantFieldName":null,"features":null,"dataManagerId":null}]