[{"id":"6669f41c8f08bdb80fbb6d60","companyId":null,"createdDate":1718219804245,"updatedDate":1718219804245,"versionId":0,"referenceId":null,"systemStatus":null,"updatedByUserId":null,"updatedByUserName":null,"systemStatusText":null,"userTypes":null,"requirementIds":null,"name":"24-6-12 Assessment Copy","sourceReferenceId":null,"sourceReferenceAppId":null,"lockedByUserId":null,"lockedByUserName":null,"publicArtifact":false,"enableOffline":false,"locked":false,"canUnlock":false,"publishComment":null,"importantPublish":false,"appId":"5f47f6158f0814ff0a917552","type":"fldr","parentId":"5f47f6158f0814ff0a917552","childId":null},
{"id":"6669f4868f08bdb80fbb6d93","companyId":null,"createdDate":1718219910612,"updatedDate":1718219910612,"versionId":0,"referenceId":null,"systemStatus":null,"updatedByUserId":null,"updatedByUserName":null,"systemStatusText":null,"userTypes":null,"requirementIds":null,"name":null,"sourceReferenceId":null,"sourceReferenceAppId":null,"lockedByUserId":null,"lockedByUserName":null,"publicArtifact":false,"enableOffline":false,"locked":false,"canUnlock":false,"publishComment":null,"importantPublish":false,"appId":"5f47f6158f0814ff0a917552","type":"wf","parentId":"6669f41c8f08bdb80fbb6d60","childId":"5f47f79e8f0814ff0a91758a"},
{"id":"6669f4868f08bdb80fbb6d94","companyId":null,"createdDate":1718219910623,"updatedDate":1718219910623,"versionId":0,"referenceId":null,"systemStatus":null,"updatedByUserId":null,"updatedByUserName":null,"systemStatusText":null,"userTypes":null,"requirementIds":null,"name":null,"sourceReferenceId":null,"sourceReferenceAppId":null,"lockedByUserId":null,"lockedByUserName":null,"publicArtifact":false,"enableOffline":false,"locked":false,"canUnlock":false,"publishComment":null,"importantPublish":false,"appId":"5f47f6158f0814ff0a917552","type":"wf","parentId":"6669f41c8f08bdb80fbb6d60","childId":"6669f1eb8f08bdb80fbb6cd6"},
{"id":"6691979b8f08df157b26fb2e","companyId":null,"createdDate":1720817563333,"updatedDate":1720817563333,"versionId":0,"referenceId":null,"systemStatus":null,"updatedByUserId":null,"updatedByUserName":null,"systemStatusText":null,"userTypes":null,"requirementIds":null,"name":null,"sourceReferenceId":null,"sourceReferenceAppId":null,"lockedByUserId":null,"lockedByUserName":null,"publicArtifact":false,"enableOffline":false,"locked":false,"canUnlock":false,"publishComment":null,"importantPublish":false,"appId":"5f47f6158f0814ff0a917552","type":"wf","parentId":"6669f41c8f08bdb80fbb6d60","childId":"5f47f79e8f0814ff0a917589"},
{"id":"669197a28f08df157b26fb2f","companyId":null,"createdDate":1720817570543,"updatedDate":1720817570543,"versionId":0,"referenceId":null,"systemStatus":null,"updatedByUserId":null,"updatedByUserName":null,"systemStatusText":null,"userTypes":null,"requirementIds":null,"name":null,"sourceReferenceId":null,"sourceReferenceAppId":null,"lockedByUserId":null,"lockedByUserName":null,"publicArtifact":false,"enableOffline":false,"locked":false,"canUnlock":false,"publishComment":null,"importantPublish":false,"appId":"5f47f6158f0814ff0a917552","type":"qry","parentId":"6669f41c8f08bdb80fbb6d60","childId":"5f47f79d8f0814ff0a917566"},
{"id":"669197b68f08df157b26fb30","companyId":null,"createdDate":1720817590113,"updatedDate":1720817590113,"versionId":0,"referenceId":null,"systemStatus":null,"updatedByUserId":null,"updatedByUserName":null,"systemStatusText":null,"userTypes":null,"requirementIds":null,"name":null,"sourceReferenceId":null,"sourceReferenceAppId":null,"lockedByUserId":null,"lockedByUserName":null,"publicArtifact":false,"enableOffline":false,"locked":false,"canUnlock":false,"publishComment":null,"importantPublish":false,"appId":"5f47f6158f0814ff0a917552","type":"dm","parentId":"6669f41c8f08bdb80fbb6d60","childId":"5f4d6d6a8f086f27a2ab0835"},
{"id":"669197cd8f08df157b26fb33","companyId":null,"createdDate":1720817613776,"updatedDate":1720817613776,"versionId":0,"referenceId":null,"systemStatus":null,"updatedByUserId":null,"updatedByUserName":null,"systemStatusText":null,"userTypes":null,"requirementIds":null,"name":null,"sourceReferenceId":null,"sourceReferenceAppId":null,"lockedByUserId":null,"lockedByUserName":null,"publicArtifact":false,"enableOffline":false,"locked":false,"canUnlock":false,"publishComment":null,"importantPublish":false,"appId":"5f47f6158f0814ff0a917552","type":"dm","parentId":"6669f41c8f08bdb80fbb6d60","childId":"669197ca8f08df157b26fb31"},
{"id":"66919ca58f08df157b26fcbf","companyId":null,"createdDate":1720818853149,"updatedDate":1720818853149,"versionId":0,"referenceId":null,"systemStatus":null,"updatedByUserId":null,"updatedByUserName":null,"systemStatusText":null,"userTypes":null,"requirementIds":null,"name":null,"sourceReferenceId":null,"sourceReferenceAppId":null,"lockedByUserId":null,"lockedByUserName":null,"publicArtifact":false,"enableOffline":false,"locked":false,"canUnlock":false,"publishComment":null,"importantPublish":false,"appId":"5f47f6158f0814ff0a917552","type":"wf","parentId":"6669f41c8f08bdb80fbb6d60","childId":"5f47f79e8f0814ff0a917588"},
{"id":"66919ddb8f08df157b26fcf1","companyId":null,"createdDate":1720819163948,"updatedDate":1720819163948,"versionId":0,"referenceId":null,"systemStatus":null,"updatedByUserId":null,"updatedByUserName":null,"systemStatusText":null,"userTypes":null,"requirementIds":null,"name":null,"sourceReferenceId":null,"sourceReferenceAppId":null,"lockedByUserId":null,"lockedByUserName":null,"publicArtifact":false,"enableOffline":false,"locked":false,"canUnlock":false,"publishComment":null,"importantPublish":false,"appId":"5f47f6158f0814ff0a917552","type":"wf","parentId":"6669f41c8f08bdb80fbb6d60","childId":"5f47f79e8f0814ff0a91758b"},
{"id":"6691a0808f08df157b26fd41","companyId":null,"createdDate":1720819840719,"updatedDate":1720819840719,"versionId":0,"referenceId":null,"systemStatus":null,"updatedByUserId":null,"updatedByUserName":null,"systemStatusText":null,"userTypes":null,"requirementIds":null,"name":null,"sourceReferenceId":null,"sourceReferenceAppId":null,"lockedByUserId":null,"lockedByUserName":null,"publicArtifact":false,"enableOffline":false,"locked":false,"canUnlock":false,"publishComment":null,"importantPublish":false,"appId":"5f47f6158f0814ff0a917552","type":"wf","parentId":"6669f41c8f08bdb80fbb6d60","childId":"61d88f148f0881fa8f2d349d"},
{"id":"6691a1e08f08df157b26fd67","companyId":null,"createdDate":1720820192855,"updatedDate":1720820192855,"versionId":0,"referenceId":null,"systemStatus":null,"updatedByUserId":null,"updatedByUserName":null,"systemStatusText":null,"userTypes":null,"requirementIds":null,"name":null,"sourceReferenceId":null,"sourceReferenceAppId":null,"lockedByUserId":null,"lockedByUserName":null,"publicArtifact":false,"enableOffline":false,"locked":false,"canUnlock":false,"publishComment":null,"importantPublish":false,"appId":"5f47f6158f0814ff0a917552","type":"wf","parentId":"6669f41c8f08bdb80fbb6d60","childId":"6650f4de8f08bdb80fbb53b5"},
{"id":"669561578f08df157b26ffce","companyId":null,"createdDate":1721065815905,"updatedDate":1721065815905,"versionId":0,"referenceId":null,"systemStatus":null,"updatedByUserId":null,"updatedByUserName":null,"systemStatusText":null,"userTypes":null,"requirementIds":null,"name":null,"sourceReferenceId":null,"sourceReferenceAppId":null,"lockedByUserId":null,"lockedByUserName":null,"publicArtifact":false,"enableOffline":false,"locked":false,"canUnlock":false,"publishComment":null,"importantPublish":false,"appId":"5f47f6158f0814ff0a917552","type":"rl","parentId":"6669f41c8f08bdb80fbb6d60","childId":"5f4d78628f086f27a2ab132c"},
{"id":"669561578f08df157b26ffcf","companyId":null,"createdDate":1721065815916,"updatedDate":1721065815916,"versionId":0,"referenceId":null,"systemStatus":null,"updatedByUserId":null,"updatedByUserName":null,"systemStatusText":null,"userTypes":null,"requirementIds":null,"name":null,"sourceReferenceId":null,"sourceReferenceAppId":null,"lockedByUserId":null,"lockedByUserName":null,"publicArtifact":false,"enableOffline":false,"locked":false,"canUnlock":false,"publishComment":null,"importantPublish":false,"appId":"5f47f6158f0814ff0a917552","type":"rl","parentId":"6669f41c8f08bdb80fbb6d60","childId":"5f4d786c8f086f27a2ab132f"}]