[{"id":"5f47f79d8f0814ff0a917566","companyId":"5f47ce0c8f0815394ff3bd8a","createdDate":1703190154532,"updatedDate":1720817057209,"versionId":0,"referenceId":null,"systemStatus":null,"updatedByUserId":"5f47ce0e8f0815394ff3be1b","updatedByUserName":"Josh Havens","systemStatusText":null,"userTypes":[],"requirementIds":[],"name":"Assessment_Questions by Assessment","sourceReferenceId":"5e7cff3ee4b0fa5ef777a2f8","sourceReferenceAppId":"5e3c7705e4b0dc635b34e645","lockedByUserId":null,"lockedByUserName":null,"publicArtifact":false,"enableOffline":false,"locked":false,"canUnlock":false,"publishComment":null,"importantPublish":false,"appId":"5f47f6158f0814ff0a917552","dataModel":"Assessment_Questions","inputDataModel":"API_AssessmentRequest","operator":"and","relationshipOperator":"and","onlySelectedFields":false,"dynamicSearchCriteria":false,"dynamicCriteriaFieldName":null,"relationshipFilters":[{"relationShip":"usedByAssessment","model":"Assessment","exclude":false,"count":false,"sortOrder":"DESC","filterValue":"assessmentId","nextFilter":null,"inOperator":false,"filterData":null}],"selectFields":null,"sortFields":[{"modelLabel":null,"fieldName":"sequence","sortOrder":1,"seq":1,"dynamicFieldName":false}],"conditions":null,"relationFilterFieldName":"_id","limit":500,"randomizeResults":false,"hidden":false,"platformObjects":false,"dynamicDataModel":false,"dataModelField":null,"platformObjectName":null,"inputRecordModel":"Assessment","inputRecordField":"assessmentId","allRelations":false,"relatedDataModel":"Assessment_Questions","relationName":"usesQuestion","outputDataModel":null,"outputFieldName":null,"sourceDatabase":null,"aggregation":false,"multipleModels":false,"joinModels":null,"joinConditions":null,"deletedData":false,"auditData":false,"auditRecordIdField":null,"aggregationFields":null,"groupFields":null,"createScreen":false,"pageId":null,"pageModelName":null,"pageModelId":null,"securityConditions":null}]