[{"id":"6663166c8f08bdb80fbb630c","companyId":null,"createdDate":0,"updatedDate":1717769860018,"versionId":0,"referenceId":null,"systemStatus":null,"updatedByUserId":null,"updatedByUserName":null,"systemStatusText":null,"userTypes":null,"requirementIds":null,"name":"24-06-07--BUG648 Course Progress Edit","sourceReferenceId":null,"sourceReferenceAppId":null,"lockedByUserId":null,"lockedByUserName":null,"publicArtifact":false,"enableOffline":false,"locked":false,"canUnlock":false,"publishComment":null,"importantPublish":false,"appId":"5f47f6258f0814ff0a91755e","type":"fldr","parentId":"5f47f6258f0814ff0a91755e","childId":null},
{"id":"666316ab8f08bdb80fbb630d","companyId":null,"createdDate":1717769899005,"updatedDate":1717769899005,"versionId":0,"referenceId":null,"systemStatus":null,"updatedByUserId":null,"updatedByUserName":null,"systemStatusText":null,"userTypes":null,"requirementIds":null,"name":null,"sourceReferenceId":null,"sourceReferenceAppId":null,"lockedByUserId":null,"lockedByUserName":null,"publicArtifact":false,"enableOffline":false,"locked":false,"canUnlock":false,"publishComment":null,"importantPublish":false,"appId":"5f47f6258f0814ff0a91755e","type":"wf","parentId":"6663166c8f08bdb80fbb630c","childId":"603801718f0861d715fd1d8a"}]