[{"id":"603801718f0861d715fd1d8a","companyId":"5f47ce0c8f0815394ff3bd8a","createdDate":1717769773547,"updatedDate":1717769773547,"versionId":27,"referenceId":null,"systemStatus":"P","updatedByUserId":"5f47ce0e8f0815394ff3be1b","updatedByUserName":"Josh Havens","systemStatusText":null,"userTypes":null,"requirementIds":null,"name":"Course_Viewer_Assessment_Begin_Click","sourceReferenceId":"5ea098b4e4b035979c1a12b3","sourceReferenceAppId":"5e4ad395e4b053c18438f562","lockedByUserId":null,"lockedByUserName":null,"publicArtifact":false,"enableOffline":false,"locked":false,"canUnlock":false,"publishComment":" ","importantPublish":false,"appId":"5f47f6258f0814ff0a91755e","folderId":"","initializer":["5f47f8728f0814ff0a91767d"],"triggerType":"uiEvent","flow":[],"createdBy":null,"lastModifiedBy":null,"objectsMap":{"1587583155978":{"id":"1587583155978","type":"startObject","value":["5f47f8728f0814ff0a91767d"],"taskName":"Start","triggerType":"uiEvent","addedToConfig":true,"painted":true,"position":{},"taskNotes":"<p><br></p>","desc":"Course_Viewer_Assessment_View"},"15875831559781000":{"id":"15875831559781000","parent":"1587584800627","systemExit":true,"type":"return","returnType":"exit","taskName":"Exit","label":"","addedToConfig":false,"painted":false,"position":{}},"1587584800627":{"id":"1587584800627","type":"workflow","position":{},"workflowId":"5f47f8728f0814ff0a917744","workflowName":"Course_Viewer_Assessment_Question_Type_Switch","workflowType":"uiFlow","label":"","taskName":"Question Type Switch","parent":"1618332383901","painted":false,"callType":"","taskNotes":"<p><br></p>","addedToConfig":false},"1597112799285":{"id":"1597112799285","type":"rrUiComponent","position":{},"label":"","taskName":"Change Bottom Nav","screenId":["5f47f8728f0814ff0a91766b"],"parent":"1617821923533","painted":false,"customComponent":"5f47f8728f0814ff0a917682","animationImageType":"","taskNotes":"<p><br></p>","actionType":"changeComponent","rrComponentHierarchy":"1587582916302","addedToConfig":false,"pageTitleType":"constant","dontChangeTitle":true},"1614739892161":{"id":"1614739892161","type":"service","value":"Get Current Time","serviceType":"internal","serviceId":"getCurrentTime","position":{},"label":"","callType":"async","taskName":"Current Time","parent":"1618515018178_end","painted":false,"desc":"Get Current Time","taskNotes":"<p><br></p>","addedToConfig":false},"1614739911254":{"id":"1614739911254","type":"query","position":{},"source":null,"target":null,"mapping":null,"label":"","filterBy":"criteria","searchOption":"one","operator":"and","taskName":"Read CURRENT_MODULE","parent":"1685991638661","painted":false,"taskNotes":"<p><br></p>","saveType":"global","sourceVariable":"CURRENT_MODULE","modelName":"Course_ContentModule","addedToConfig":false},"1614739946654":{"id":"1614739946654","type":"dataTransfer","position":{},"source":"mddui_page_input_data","sourceType":"page","sourceVariable":"","targetType":"page","target":"1614739911254","targetVariable":null,"resultVariable":null,"mapping":[{"name":"tempProgress.status","valueType":"constant","value":"ATTEMPTED","fieldType":"String","list":false,"rr_dynamic_field_name_type":"","fromModel":""},{"name":"tempProgress.assessmentStartTime","valueType":"variable","value":null,"fieldType":"Time","list":false,"rr_dynamic_field_name_type":"","source":"1614739892161"}],"label":"","taskName":"Update Model in Memory","parent":"1614739892161","painted":false,"taskNotes":"<p><br></p>","condition":"Course_ContentModule","addedToConfig":false},"1614794803576":{"id":"1614794803576","type":"dataTransfer","position":{},"source":"mddui_page_input_data","sourceType":"page","sourceVariable":"","targetType":"page","target":"1614797837234","targetVariable":null,"resultVariable":null,"mapping":[{"name":"studentInfo.startTime","valueType":"variable","value":null,"fieldType":"Time","list":false,"rr_dynamic_field_name_type":"","source":"1614739892161"}],"label":"","taskName":"Update Model in Memory","parent":"1614797837234","painted":false,"taskNotes":"<p><br></p>","condition":"Assessment_Questions","addedToConfig":false},"1614797607326":{"id":"1614797607326","type":"service","value":"Get Auth Header","serviceType":"internal","serviceId":"getAuthHeader","position":{},"label":"","callType":"async","taskName":"Auth Header","parent":"1614739946654","painted":false,"desc":"Get Auth Header","taskNotes":"<p><br></p>","addedToConfig":false},"1614797615000":{"id":"1614797615000","type":"createDataObject","position":{},"condition":"API_AssessmentRequest","mapping":[{"name":"action","valueType":"constant","value":"GET","fieldType":"String","list":false,"rr_dynamic_field_name_type":"","fromModel":""},{"name":"assessmentId","valueType":"variable","value":"referenceId","fieldType":"String","list":false,"rr_dynamic_field_name_type":"","fromModel":"Course_ContentModule","source":"1614739911254"},{"name":"courseId","valueType":"variable","value":"courseId","fieldType":"String","list":false,"rr_dynamic_field_name_type":"","fromModel":"Course_ContentModule","source":"1614739911254"},{"name":"type","valueType":"constant","value":"ASSESSMENT","fieldType":"String","list":false,"rr_dynamic_field_name_type":"","fromModel":""},{"name":"moduleId","valueType":"variable","value":"_id","fieldType":"String","list":false,"rr_dynamic_field_name_type":"","fromModel":"Course_ContentModule","source":"1614739911254"},{"name":"contentSubType","valueType":"constant","value":"VIEWER","fieldType":"String","list":false,"rr_dynamic_field_name_type":"","fromModel":""}],"label":"","taskName":"API_AssessmentRequest","parent":"1685991669835_end","painted":false,"taskNotes":"<p><br></p>","addedToConfig":false},"1614797693433":{"id":"1614797693433","type":"createDataObject","position":{},"condition":"API_MainRequest","mapping":[{"name":"rr_id","valueType":"variable","value":"tenantId","fieldType":"String","list":false,"rr_dynamic_field_name_type":"","fromModel":"Lookup_SystemInfo","source":"1705094173148"},{"name":"authHeader","valueType":"variable","value":"","fieldType":"String","list":false,"rr_dynamic_field_name_type":"","source":"1614797607326"},{"name":"data","valueType":"variable","value":"rr_this_object","fieldType":"Object","list":false,"rr_dynamic_field_name_type":"","fromModel":"API_AssessmentRequest","source":"1614797615000"},{"name":"service","valueType":"constant","value":"5f47f79e8f0814ff0a917587","fieldType":"String","list":false,"rr_dynamic_field_name_type":"","fromModel":""}],"label":"","taskName":"API_MainRequest","parent":"1614797615000","painted":false,"taskNotes":"<p><br></p>","addedToConfig":false},"1614797724330":{"id":"1614797724330","type":"workflow","position":{},"workflowId":"5f47f8728f0814ff0a9176f6","workflowName":"Main_Web_Service_Caller","workflowType":"serverFlow","label":"","taskName":"Main Web Service Caller","parent":"1614797693433","painted":false,"callType":"sync","taskNotes":"<p><br></p>","inputTask":"1614797693433","inputValue":null,"outputDataModel":"API_MainResponse","addedToConfig":false},"1614797742558":{"id":"1614797742558","type":"service","value":"Get Value","serviceType":"internal","serviceId":"getValueFromObj","position":{},"label":"","callType":"async","taskName":"Get Object","parent":"1614797724330","painted":false,"desc":"Get Value","taskNotes":"<p><br></p>","inputTask":"1614797724330","inputValue":null,"targetVariable":"object","modelName":"Assessment","addedToConfig":false},"1614797764892":{"id":"1614797764892","type":"persist","position":{},"source":"1614797742558","target":null,"mapping":null,"label":"","taskName":"Write CURRENT_ASSESSMENT","parent":"1614797742558","taskNotes":"<p><br></p>","saveType":"global","variable":"CURRENT_ASSESSMENT","modelName":"Assessment","addedToConfig":false,"painted":false},"1614797780484":{"id":"1614797780484","type":"service","value":"Get Value","serviceType":"internal","serviceId":"getValueFromObj","position":{},"label":"","callType":"async","taskName":"Get List","parent":"1614797764892","painted":false,"desc":"Get Value","taskNotes":"<p><br></p>","inputTask":"1614797724330","inputValue":null,"targetVariable":"list","modelName":"Assessment_Questions","addedToConfig":false},"1614797798876":{"id":"1614797798876","type":"persist","position":{},"source":"1614797780484","target":null,"mapping":null,"label":"","taskName":"Write CURRENT_QUESTIONS","parent":"1614797780484","taskNotes":"<p><br></p>","saveType":"global","variable":"CURRENT_QUESTIONS","modelName":"Assessment_Questions","addedToConfig":false,"painted":false},"1614797837234":{"id":"1614797837234","type":"filter","position":{},"source":null,"target":null,"mapping":[],"label":"","searchOption":"one","operator":"and","taskName":"First Question","filterBy":"index","indexType":"constant","index":0,"parent":"1614797798876","painted":false,"taskNotes":"<p><br></p>","inputTask":"1614797798876","inputValue":null,"modelName":"Assessment_Questions","addedToConfig":false},"1614797867986":{"id":"1614797867986","type":"persist","position":{},"source":"1614797837234","target":null,"mapping":null,"label":"","taskName":"Write CURRENT_QUESTION","parent":"1614794803576","taskNotes":"<p><br></p>","saveType":"global","variable":"CURRENT_QUESTION","modelName":"Assessment_Questions","addedToConfig":false,"painted":false},"1617821923533":{"id":"1617821923533","type":"workflow","position":{},"workflowId":"606dff518f08c245e75c4f51","workflowName":"Course_Viewer_Test_Hide_Panel","workflowType":"uiFlow","label":"","taskName":"Hide Panels","parent":"1614797867986","painted":false,"addedToConfig":false,"callType":"","taskNotes":"<p><br></p>"},"1618332383901":{"id":"1618332383901","type":"workflow","position":{},"workflowId":"6074971a8f08c245e75c58f1","workflowName":"Course_Assesment_Progress","workflowType":"uiFlow","label":"","taskName":"Progress VLC update","parent":"1597112799285","painted":false,"callType":"","taskNotes":"<p><br></p>","addedToConfig":false},"1618515018178_end":{"id":"1618515018178_end","decisionId":"1618515018178","position":{},"type":"decisionEnd","painted":false,"addedToConfig":false},"1618515018178_success_start":{"id":"1618515018178_success_start","decisionId":"1618515018178","parent":"1618515018178","position":{},"type":"decisionSucessStart","painted":false,"addedToConfig":false},"1618515018178_failure_start":{"id":"1618515018178_failure_start","decisionId":"1618515018178","parent":"1618515018178","position":{},"type":"decisionFailureStart","painted":false,"addedToConfig":false},"1618515018178_success_end":{"id":"1618515018178_success_end","decisionId":"1618515018178","parent":"1618516090440_end","position":{},"type":"decisionSucessEnd","painted":false,"addedToConfig":false},"1618515018178_failure_end":{"id":"1618515018178_failure_end","decisionId":"1618515018178","parent":"1618515018178_failure_start","position":{},"type":"decisionFailureEnd","painted":false,"addedToConfig":false},"1618515018178":{"id":"1618515018178","type":"decision","newMapping":true,"position":{},"condition":null,"serviceName":null,"serviceType":null,"operator":"and","mapping":[{"sourceType":"variable","sourceValue":"isProctor","source":"1614739911254","sourceFieldType":"Boolean","sourceModel":"Course_ContentModule","isSourceList":false,"targetType":"constant","targetValue":"true","target":null,"targetFieldType":null,"targetModel":"","isTargetList":null,"comparator":"equals"}],"label":"","parent":"1614739911254","painted":false,"taskNotes":"<p><br></p>","addedToConfig":false},"1618516090440_end":{"id":"1618516090440_end","decisionId":"1618516090440","position":{},"type":"decisionEnd","painted":false,"addedToConfig":false},"1618516090440_success_start":{"id":"1618516090440_success_start","decisionId":"1618516090440","parent":"1618516090440","position":{},"type":"decisionSucessStart","painted":false,"addedToConfig":false},"1618516090440_failure_start":{"id":"1618516090440_failure_start","decisionId":"1618516090440","parent":"1618516090440","position":{},"type":"decisionFailureStart","painted":false,"addedToConfig":false},"1618516090440_success_end":{"id":"1618516090440_success_end","decisionId":"1618516090440","parent":"1618516090440_success_start","position":{},"type":"decisionSucessEnd","painted":false,"addedToConfig":false},"1618516090440_failure_end":{"id":"1618516090440_failure_end","decisionId":"1618516090440","parent":"1618603436381","position":{},"type":"decisionFailureEnd","painted":false,"addedToConfig":false},"1618516090440":{"id":"1618516090440","type":"decision","newMapping":true,"position":{},"condition":null,"serviceName":null,"serviceType":null,"operator":"and","mapping":[{"sourceType":"variable","sourceValue":"isProctorCode","source":"1614739911254","sourceFieldType":"String","sourceModel":"Course_ContentModule","isSourceList":false,"targetType":"variable","targetValue":"proctorInput","target":"1614739911254","targetFieldType":"String","targetModel":"Course_ContentModule","isTargetList":false,"comparator":"equals"}],"label":"","parent":"1618515018178_success_start","painted":false,"taskNotes":"<p><br></p>","addedToConfig":false},"1618603431285":{"id":"1618603431285","type":"expression","position":{},"expression":[{"type":"data","source":"constant","value":"Enter Proctor Code"}],"targetVariable":null,"label":"","taskName":"Expression","parent":"1618516090440_failure_start","painted":false,"taskNotes":"<p><br></p>","expressionType":"string","addedToConfig":false,"outputTask":""},"1618603436381":{"id":"1618603436381","type":"return","returnType":"showModal","taskName":"Exit","label":"","position":{},"parent":"1618603431285","painted":false,"taskNotes":"<p><br></p>","customComponent":"607847248f08c245e75c6ce9","desc":"Show Modal","inputTask":"1614739911254","inputValue":null,"inputHeaderTask":"1618603431285","inputHeaderValue":null,"modalWidth":"400px","modalHeight":"200px","addedToConfig":false},"1649261271037":{"id":"1649261271037","type":"createDataObject","position":{},"condition":"API_StudentRequest","mapping":[{"name":"userId","valueType":"variable","value":"_id","fieldType":"String","list":false,"rr_dynamic_field_name_type":"","fromModel":"User","source":"1685991638661"},{"name":"action","valueType":"constant","value":"EDIT","fieldType":"String","list":false,"rr_dynamic_field_name_type":"","fromModel":""},{"name":"actionType","valueType":"constant","value":"COURSE_PROGRESS_STUDENT","fieldType":"String","list":false,"rr_dynamic_field_name_type":"","fromModel":""},{"name":"object","valueType":"variable","value":"tempProgress","fieldType":"Object","list":false,"rr_dynamic_field_name_type":"","fromModel":"Course_ContentModule","source":"1614739911254"}],"label":"","taskName":"API_StudentRequest","parent":"1614797607326","painted":false,"addedToConfig":false,"taskNotes":"<p><br></p>","showAllFields":false},"1649262295264":{"id":"1649262295264","type":"createDataObject","position":{},"condition":"API_MainRequest","mapping":[{"name":"rr_id","valueType":"variable","value":"tenantId","fieldType":"String","list":false,"rr_dynamic_field_name_type":"","fromModel":"Lookup_SystemInfo","source":"1705094173148"},{"name":"authHeader","valueType":"variable","value":"","fieldType":"String","list":false,"rr_dynamic_field_name_type":"","source":"1614797607326"},{"name":"data","valueType":"variable","value":"rr_this_object","fieldType":"Object","list":false,"rr_dynamic_field_name_type":"","fromModel":"API_StudentRequest","source":"1649261271037"},{"name":"service","valueType":"constant","value":"5f6267e08f082b9cdc6590d5","fieldType":"String","list":false,"rr_dynamic_field_name_type":"","fromModel":""}],"label":"","taskName":"API_MainRequest - StudentRequest","parent":"1649261271037","painted":false,"taskNotes":"<p><br></p>","addedToConfig":false},"1649262441338":{"id":"1649262441338","type":"workflow","position":{},"workflowId":"5f47f8728f0814ff0a9176f6","workflowName":"Main_Web_Service_Caller","workflowType":"serverFlow","label":"","taskName":"Main Web Service Caller","parent":"1649262295264","painted":false,"callType":"sync","taskNotes":"<p><br></p>","inputTask":"1649262295264","inputValue":null,"outputDataModel":"API_MainResponse","addedToConfig":false},"1685991638661":{"id":"1685991638661","type":"query","position":{},"source":null,"target":null,"mapping":null,"label":"","filterBy":"criteria","searchOption":"one","operator":"and","taskName":"Read CURRENT User","parent":"1705094173148","painted":false,"taskNotes":"<p><br></p>","saveType":"global","sourceVariable":"CURRENT_USER","modelName":"User","addedToConfig":false},"1685991669835":{"id":"1685991669835","type":"decision","newMapping":true,"position":{},"condition":null,"serviceName":null,"serviceType":null,"operator":"and","mapping":[{"sourceType":"variable","sourceValue":"reasons2","source":"1649262441338","sourceFieldType":"SUB_String","sourceModel":"API_MainResponse","isSourceList":true,"targetType":"constant","targetValue":null,"target":null,"targetFieldType":null,"targetModel":"","isTargetList":null,"comparator":"empty"}],"label":"","parent":"1649262441338","painted":false,"taskNotes":"<p><br></p>","addedToConfig":false},"1685991669835_end":{"id":"1685991669835_end","decisionId":"1685991669835","position":{},"type":"decisionEnd","painted":false,"addedToConfig":false},"1685991669835_success_start":{"id":"1685991669835_success_start","decisionId":"1685991669835","parent":"1685991669835","position":{},"type":"decisionSucessStart","painted":false,"addedToConfig":false},"1685991669835_failure_start":{"id":"1685991669835_failure_start","decisionId":"1685991669835","parent":"1685991669835","position":{},"type":"decisionFailureStart","painted":false,"addedToConfig":false},"1685991669835_success_end":{"id":"1685991669835_success_end","decisionId":"1685991669835","parent":"1685991669835_success_start","position":{},"type":"decisionSucessEnd","painted":false,"addedToConfig":false},"1685991669835_failure_end":{"id":"1685991669835_failure_end","decisionId":"1685991669835","parent":"1685991669838","position":{},"type":"decisionFailureEnd","painted":false,"addedToConfig":false},"1685991669837":{"id":"1685991669837","type":"createDataObject","position":{},"condition":"TR_ConfirmModal","mapping":[{"name":"tempList","valueType":"variable","value":"reasons2","fieldType":"Object","list":true,"rr_dynamic_field_name_type":"","fromModel":"API_MainResponse","source":"1649262441338"}],"label":"","taskName":"Create TR_ConfirmModal","parent":"1685991669835_failure_start","painted":false,"taskNotes":"<p><br></p>","addedToConfig":false},"1685991669838":{"id":"1685991669838","type":"return","returnType":"showModal","taskName":"Exit","label":"","position":{},"parent":"1685991669837","painted":false,"taskNotes":"<p><br></p>","customComponent":"602165338f0804c83b37e20e","desc":"Show Modal","inputTask":"1685991669837","inputValue":null,"addedToConfig":false},"1705094173148":{"id":"1705094173148","type":"query","position":{},"source":null,"target":null,"mapping":null,"label":"","filterBy":"criteria","searchOption":"one","operator":"and","taskName":"Read SYSTEM_INFO","parent":"1587583155978","painted":false,"taskNotes":"<p><br></p>","saveType":"global","sourceVariable":"SYSTEM_INFO","modelName":"Lookup_SystemInfo","addedToConfig":false}},"decisionsMap":{"1618515018178":{"success":"1618515018178_success_start","failure":"1618515018178_failure_start","successEnd":"1618515018178_success_end","failureEnd":"1618515018178_failure_end","end":"1618515018178_end","root":true},"1618516090440":{"success":"1618516090440_success_start","failure":"1618516090440_failure_start","successEnd":"1618516090440_success_end","failureEnd":"1618516090440_failure_end","end":"1618516090440_end","root":false},"1685991669835":{"root":false,"success":"1685991669835_success_start","failure":"1685991669835_failure_start","successEnd":"1685991669835_success_end","failureEnd":"1685991669835_failure_end","end":"1685991669835_end"}},"active":false,"scheduler":false,"savedId":null,"workInProgress":false,"uiFLow":true,"startTaskId":"1587583155978","shouldSecure":false,"allowExecutionForAll":false,"testCase":false,"testSuite":false,"sequence":1,"internal":false,"triggeredFromBpm":false,"inputModel":null,"outputModel":null,"appName":null}]