[{"id":"66f565352a7a96224a540fd1","companyId":null,"createdDate":1727358261064,"updatedDate":1728312970147,"versionId":0,"referenceId":null,"systemStatus":null,"updatedByUserId":null,"updatedByUserName":null,"systemStatusText":null,"userTypes":null,"requirementIds":null,"name":"2024_Q3_Features_Essentials","sourceReferenceId":null,"sourceReferenceAppId":null,"lockedByUserId":null,"lockedByUserName":null,"publicArtifact":false,"enableOffline":false,"locked":false,"canUnlock":false,"publishComment":null,"importantPublish":false,"appId":"6021d6608f08822c86268501","type":"fldr","parentId":"6021d6608f08822c86268501","childId":null},
{"id":"66f5653f2a7a96224a540fd2","companyId":null,"createdDate":1727971908380,"updatedDate":1727971908380,"versionId":0,"referenceId":null,"systemStatus":null,"updatedByUserId":null,"updatedByUserName":null,"systemStatusText":null,"userTypes":null,"requirementIds":null,"name":"Branch_Sub-Tenant","sourceReferenceId":null,"sourceReferenceAppId":null,"lockedByUserId":null,"lockedByUserName":null,"publicArtifact":false,"enableOffline":false,"locked":false,"canUnlock":false,"publishComment":null,"importantPublish":false,"appId":"6021d6608f08822c86268501","type":"fldr","parentId":"66f565352a7a96224a540fd1","childId":null},
{"id":"6703f6072a7a96224a5433d6","companyId":null,"createdDate":1728312970145,"updatedDate":1728312970145,"versionId":0,"referenceId":null,"systemStatus":null,"updatedByUserId":null,"updatedByUserName":null,"systemStatusText":null,"userTypes":null,"requirementIds":null,"name":"Instructor Courses","sourceReferenceId":null,"sourceReferenceAppId":null,"lockedByUserId":null,"lockedByUserName":null,"publicArtifact":false,"enableOffline":false,"locked":false,"canUnlock":false,"publishComment":null,"importantPublish":false,"appId":"6021d6608f08822c86268501","type":"fldr","parentId":"66f565352a7a96224a540fd1","childId":null},
{"id":"66f5655a2a7a96224a540fd5","companyId":null,"createdDate":1727971908381,"updatedDate":1727971908381,"versionId":0,"referenceId":null,"systemStatus":null,"updatedByUserId":null,"updatedByUserName":null,"systemStatusText":null,"userTypes":null,"requirementIds":null,"name":null,"sourceReferenceId":null,"sourceReferenceAppId":null,"lockedByUserId":null,"lockedByUserName":null,"publicArtifact":false,"enableOffline":false,"locked":false,"canUnlock":false,"publishComment":null,"importantPublish":false,"appId":"6021d6608f08822c86268501","type":"wf","parentId":"66f5653f2a7a96224a540fd2","childId":"66f5655a2a7a96224a540fd3"},
{"id":"66f566db2a7a96224a54100f","companyId":null,"createdDate":1727971908381,"updatedDate":1727971908381,"versionId":0,"referenceId":null,"systemStatus":null,"updatedByUserId":null,"updatedByUserName":null,"systemStatusText":null,"userTypes":null,"requirementIds":null,"name":null,"sourceReferenceId":null,"sourceReferenceAppId":null,"lockedByUserId":null,"lockedByUserName":null,"publicArtifact":false,"enableOffline":false,"locked":false,"canUnlock":false,"publishComment":null,"importantPublish":false,"appId":"6021d6608f08822c86268501","type":"wf","parentId":"66f5653f2a7a96224a540fd2","childId":"65a84fc78f08184676a13af8"},
{"id":"66febfe12a7a96224a543075","companyId":null,"createdDate":1727971908382,"updatedDate":1727971908382,"versionId":0,"referenceId":null,"systemStatus":null,"updatedByUserId":null,"updatedByUserName":null,"systemStatusText":null,"userTypes":null,"requirementIds":null,"name":null,"sourceReferenceId":null,"sourceReferenceAppId":null,"lockedByUserId":null,"lockedByUserName":null,"publicArtifact":false,"enableOffline":false,"locked":false,"canUnlock":false,"publishComment":null,"importantPublish":false,"appId":"6021d6608f08822c86268501","type":"wf","parentId":"66f5653f2a7a96224a540fd2","childId":"66f625822a7a96224a541b4d"},
{"id":"66febfff2a7a96224a543078","companyId":null,"createdDate":1727971908383,"updatedDate":1727971908383,"versionId":0,"referenceId":null,"systemStatus":null,"updatedByUserId":null,"updatedByUserName":null,"systemStatusText":null,"userTypes":null,"requirementIds":null,"name":null,"sourceReferenceId":null,"sourceReferenceAppId":null,"lockedByUserId":null,"lockedByUserName":null,"publicArtifact":false,"enableOffline":false,"locked":false,"canUnlock":false,"publishComment":null,"importantPublish":false,"appId":"6021d6608f08822c86268501","type":"wf","parentId":"66f5653f2a7a96224a540fd2","childId":"66febfff2a7a96224a543076"},
{"id":"6703f6122a7a96224a5433d7","companyId":null,"createdDate":1728312970146,"updatedDate":1728312970146,"versionId":0,"referenceId":null,"systemStatus":null,"updatedByUserId":null,"updatedByUserName":null,"systemStatusText":null,"userTypes":null,"requirementIds":null,"name":null,"sourceReferenceId":null,"sourceReferenceAppId":null,"lockedByUserId":null,"lockedByUserName":null,"publicArtifact":false,"enableOffline":false,"locked":false,"canUnlock":false,"publishComment":null,"importantPublish":false,"appId":"6021d6608f08822c86268501","type":"wf","parentId":"6703f6072a7a96224a5433d6","childId":"66f1d3a22a7a96224a53ebd2"}]