[{"id":"65a84fc78f08184676a13af8","companyId":"5f47ce0c8f0815394ff3bd8a","createdDate":1728313004407,"updatedDate":1728313004407,"versionId":67,"referenceId":null,"systemStatus":"P","updatedByUserId":"5f47ce0e8f0815394ff3be1b","updatedByUserName":"Josh Havens","systemStatusText":null,"userTypes":null,"requirementIds":null,"name":"Get Tenants for Patches","sourceReferenceId":null,"sourceReferenceAppId":null,"lockedByUserId":null,"lockedByUserName":null,"publicArtifact":false,"enableOffline":false,"locked":false,"canUnlock":false,"publishComment":" ","importantPublish":false,"appId":"6021d6608f08822c86268501","folderId":"","initializer":["65a95e398f08184676a1414c"],"triggerType":"uiEvent","flow":[],"createdBy":null,"lastModifiedBy":null,"objectsMap":{"1705529287145":{"id":"1705529287145","type":"startObject","value":["65a95e398f08184676a1414c"],"taskName":"Start","triggerType":"uiEvent","addedToConfig":true,"painted":true,"position":{},"taskNotes":"<p><br></p>","desc":"Tenant Async Caller"},"17055292871451000":{"id":"17055292871451000","parent":"1705529327355iterationEnd","systemExit":true,"type":"return","returnType":"exit","taskName":"Exit","label":"","addedToConfig":false,"painted":false,"position":{}},"1705529291295":{"id":"1705529291295","type":"dbQuery","position":{},"source":null,"target":null,"mapping":[],"label":"","filterBy":"criteria","searchOption":"many","operator":"and","taskName":"SysTenant","parent":"1705786423371","painted":false,"taskNotes":"<p><br></p>","queryType":"dynamic","relationshipMapping":[],"selectFields":[],"sortFields":[],"modelName":"SysTenant","addedToConfig":false},"1705529327355iterationEnd":{"id":"1705529327355iterationEnd","iteratorId":"1705529327355","parent":"1705786055648","position":{},"type":"iterationEnd","painted":false,"addedToConfig":false},"1705529327355":{"id":"1705529327355","type":"iterator","iterationType":"for","position":{},"mapping":[],"label":"","taskName":"Current Tenant","parent":"1709226525890","painted":false,"counterType":"dynamic","operator":"and","taskNotes":"<p><br></p>","inputTask":"1705529291295","inputValue":null,"inputDataModel":"SysTenant","addedToConfig":false},"1705529336560":{"id":"1705529336560","type":"service","value":"Change Tenant","serviceType":"internal","serviceId":"changeTenant","position":{},"label":"","callType":"async","taskName":"Change Tenant","parent":"1705529327355","painted":false,"addAtIndexType":"constant","addAtIndex":false,"desc":"Change Tenant","taskNotes":"<p><br></p>","inputTask":"1705529327355","inputValue":"_id","addedToConfig":false},"1705529630380":{"id":"1705529630380","type":"workflow","position":{},"workflowId":"66f1d3a22a7a96224a53ebd2","workflowName":"24-09-23--Update sysName on Course","workflowType":"serverFlow","label":"","taskName":"Visual Logic Component","parent":"1705529336560","painted":false,"taskNotes":"<p><br></p>","callType":"async","addedToConfig":false,"inputTask":"1705529327355","inputValue":null},"1705786055648":{"id":"1705786055648","type":"service","value":"Show Message","serviceType":"internal","serviceId":"showError","position":{},"label":"","callType":"async","taskName":"Local Service","parent":"1705529630380","painted":false,"addAtIndexType":"constant","addAtIndex":false,"desc":"Show Message","taskNotes":"<p><br></p>","errorMessageType":"variable","inputTask":"1705529327355","targetVariable":"name","addedToConfig":false},"1705786423371":{"id":"1705786423371","type":"service","value":"Change Tenant","serviceType":"internal","serviceId":"changeTenant","position":{},"label":"","callType":"async","taskName":"Local Service","parent":"1705786435240","painted":false,"addAtIndexType":"constant","addAtIndex":false,"desc":"Change Tenant","taskNotes":"<p><br></p>","inputTask":"1705786435240","inputValue":"string","addedToConfig":false},"1705786435240":{"id":"1705786435240","type":"createDataObject","position":{},"condition":"SUB_String","mapping":[{"name":"string","valueType":"empty","value":null,"fieldType":"String","list":false,"rr_dynamic_field_name_type":"","fromModel":""}],"label":"","taskName":"Create Model Record","parent":"1705529287145","painted":false,"taskNotes":"<p><br></p>","showAllFields":false,"addedToConfig":false},"1709226504479":{"id":"1709226504479","type":"createDataObject","position":{},"condition":"SysTenant","mapping":[{"name":"_id","valueType":"empty","value":"65b930888f0837a405dd5dfc","fieldType":"String","list":false,"rr_dynamic_field_name_type":"","fromModel":""}],"label":"","taskName":"SysTenant Owner","parent":"1705529291295","painted":false,"taskNotes":"<p><br></p>","addedToConfig":false},"1709226525890":{"id":"1709226525890","type":"service","value":"Add to List","serviceType":"internal","serviceId":"addToList","position":{},"label":"","callType":"async","taskName":"Local Service","parent":"1709226504479","painted":false,"addAtIndexType":"constant","addAtIndex":false,"desc":"Add to List","taskNotes":"<p><br></p>","inputTask":"1709226504479","inputValue":null,"targetTask":"1705529291295","targetValue":null,"addToBeginning":true,"addedToConfig":false}},"decisionsMap":{},"active":false,"scheduler":false,"savedId":null,"workInProgress":false,"uiFLow":true,"startTaskId":"1705529287145","shouldSecure":false,"allowExecutionForAll":false,"testCase":false,"testSuite":false,"sequence":1,"internal":false,"triggeredFromBpm":false,"inputModel":null,"outputModel":null,"appName":null},
{"id":"66f1d3a22a7a96224a53ebd2","companyId":"5f47ce0c8f0815394ff3bd8a","createdDate":1727124641626,"updatedDate":1728312970139,"versionId":1,"referenceId":null,"systemStatus":"P","updatedByUserId":"5fa999cf8f08eee59b0a70e1","updatedByUserName":"Mark Bonham","systemStatusText":null,"userTypes":null,"requirementIds":null,"name":"24-09-23--Update sysName on Course","sourceReferenceId":null,"sourceReferenceAppId":null,"lockedByUserId":null,"lockedByUserName":null,"publicArtifact":false,"enableOffline":false,"locked":false,"canUnlock":false,"publishComment":"f","importantPublish":false,"appId":"6021d6608f08822c86268501","folderId":"","initializer":null,"triggerType":"uiEvent","flow":[],"createdBy":null,"lastModifiedBy":null,"objectsMap":{"1696617703443":{"id":"1696617703443","type":"startObject","value":null,"taskName":"Start","triggerType":"uiEvent","addedToConfig":true,"painted":true,"position":{},"taskNotes":"<p><br></p>"},"16966177034431000":{"id":"16966177034431000","parent":"1696617741364iterationEnd","systemExit":true,"type":"return","returnType":"exit","taskName":"Exit","label":"","addedToConfig":false,"painted":false,"position":{}},"1696617707468":{"id":"1696617707468","type":"service","value":"Utility Function","serviceType":"internal","position":{},"label":"","callType":"async","taskName":"Current Time","parent":"1696617703443","painted":false,"desc":"Utility Function","taskNotes":"<p><br></p>","utilityFunctionId":"getCurrentTime","dateFormat":"","addedToConfig":false},"1696617711585":{"id":"1696617711585","type":"expression","position":{},"expression":[{"type":"data","source":"constant","value":"sysName Updated - "},{"type":"operator","operator":"+","symbol":"+"},{"type":"data","sourceText":"Output of Current Time","source":"1696617707468"}],"targetVariable":null,"label":"","taskName":"systemStatus","parent":"1696617707468","painted":false,"taskNotes":"<p><br></p>","outputVariable":"","expressionType":"string","addedToConfig":false},"1696617741364iterationEnd":{"id":"1696617741364iterationEnd","iteratorId":"1696617741364","parent":"1696617808182_end","position":{},"type":"iterationEnd","painted":false,"addedToConfig":false},"1696617741364":{"id":"1696617741364","type":"iterator","iterationType":"for","position":{},"mapping":[],"label":"","taskName":"Control Loop","parent":"1696617711585","painted":false,"counterType":"fixed","operator":"and","taskNotes":"<p><br></p>","fixedLoopCounterTypeOption":"constant","counterValue":"10000","addedToConfig":false},"1696617763507":{"id":"1696617763507","type":"query","position":{},"source":null,"target":null,"mapping":[{"name":"systemStatus","valueType":"variable","value":null,"fieldType":"String","list":false,"comparator":"notequals","source":"1696617711585"}],"label":"","filterBy":"criteria","searchOption":"one","operator":"and","taskName":"Course","parent":"1696617741364","painted":false,"taskNotes":"<p><br></p>","ignoreSecurity":true,"queryType":"dynamic","relationshipMapping":[],"selectFields":[],"sortFields":[],"modelName":"Course","addedToConfig":false},"1696617808182_end":{"id":"1696617808182_end","decisionId":"1696617808182","position":{},"type":"decisionEnd","painted":false,"addedToConfig":false},"1696617808182_success_start":{"id":"1696617808182_success_start","decisionId":"1696617808182","parent":"1696617808182","position":{},"type":"decisionSucessStart","painted":false,"addedToConfig":false},"1696617808182_failure_start":{"id":"1696617808182_failure_start","decisionId":"1696617808182","parent":"1696617808182","position":{},"type":"decisionFailureStart","painted":false,"addedToConfig":false},"1696617808182_success_end":{"id":"1696617808182_success_end","decisionId":"1696617808182","parent":"1696617822654","position":{},"type":"decisionSucessEnd","painted":false,"addedToConfig":false},"1696617808182_failure_end":{"id":"1696617808182_failure_end","decisionId":"1696617808182","parent":"1696617815933","position":{},"type":"decisionFailureEnd","painted":false,"addedToConfig":false},"1696617808182":{"id":"1696617808182","type":"decision","newMapping":true,"position":{},"condition":null,"serviceName":null,"serviceType":null,"operator":"and","mapping":[{"sourceType":"notNull","sourceValue":null,"source":"1696617763507","sourceFieldType":null,"sourceModel":"Store_Inventory","isSourceList":null,"targetType":"variable","targetValue":null,"target":null,"targetFieldType":null,"targetModel":"","isTargetList":null,"comparator":null}],"label":"","parent":"1696617763507","painted":false,"taskNotes":"<p><br></p>","addedToConfig":false},"1696617815933":{"id":"1696617815933","type":"return","returnType":"exit","taskName":"Exit","label":"","position":{},"parent":"1696617808182_failure_start","painted":false,"addedToConfig":false,"taskNotes":"<p><br></p>"},"1696617822654":{"id":"1696617822654","type":"persist","position":{},"source":null,"target":null,"mapping":null,"label":"","taskName":"Save Data","parent":"1696617826213","isMerge":true,"taskNotes":"<p><br></p>","inputTask":"1696617763507","inputValue":null,"modelName":"Course","ignoreSecurity":true,"addedToConfig":false,"painted":false},"1696617826213":{"id":"1696617826213","type":"dataTransfer","position":{},"source":"mddui_page_input_data","sourceType":"page","sourceVariable":"rr_page_data","targetType":"page","target":"1696617763507","targetVariable":null,"resultVariable":null,"mapping":[{"name":"systemStatus","valueType":"variable","value":null,"fieldType":"String","list":false,"rr_dynamic_field_name_type":"","source":"1696617711585"}],"label":"","taskName":"Update Model in Memory","parent":"1696617808182_success_start","painted":false,"taskNotes":"<p><br></p>","condition":"Course","addedToConfig":false}},"decisionsMap":{"1696617808182":{"success":"1696617808182_success_start","failure":"1696617808182_failure_start","successEnd":"1696617808182_success_end","failureEnd":"1696617808182_failure_end","end":"1696617808182_end","root":true}},"active":false,"scheduler":false,"savedId":null,"workInProgress":false,"uiFLow":false,"startTaskId":"1696617703443","shouldSecure":true,"allowExecutionForAll":false,"testCase":false,"testSuite":false,"sequence":1,"internal":false,"triggeredFromBpm":false,"inputModel":null,"outputModel":null,"appName":null},
{"id":"66f5655a2a7a96224a540fd3","companyId":"5f47ce0c8f0815394ff3bd8a","createdDate":1727971908372,"updatedDate":1727971908372,"versionId":0,"referenceId":null,"systemStatus":"P","updatedByUserId":"5f47ce0e8f0815394ff3be1b","updatedByUserName":"Josh Havens","systemStatusText":null,"userTypes":null,"requirementIds":null,"name":"24-09-26--Move Logos and Welcome Image to Branch_Styles","sourceReferenceId":null,"sourceReferenceAppId":null,"lockedByUserId":null,"lockedByUserName":null,"publicArtifact":false,"enableOffline":false,"locked":false,"canUnlock":false,"publishComment":" ","importantPublish":false,"appId":"6021d6608f08822c86268501","folderId":"","initializer":null,"triggerType":"uiEvent","flow":[],"createdBy":null,"lastModifiedBy":null,"objectsMap":{"1727358298027":{"id":"1727358298027","type":"startObject","value":null,"taskName":"Start","triggerType":"uiEvent","addedToConfig":true,"painted":true,"position":{},"taskNotes":"<p><br></p>"},"17273582980271000":{"id":"17273582980271000","parent":"1727358427542iterationEnd","systemExit":true,"type":"return","returnType":"exit","taskName":"Exit","label":"","addedToConfig":false,"painted":false,"position":{}},"1727358401752":{"id":"1727358401752","type":"expression","position":{"top":413,"left":1106},"expression":[{"type":"data","source":"constant","value":"logos and images moved"}],"targetVariable":null,"label":"","taskName":"systemStatus","parent":"1727358298027","painted":false,"taskNotes":"<p><br></p>","outputVariable":"","expressionType":"string","addedToConfig":false},"1727358427542iterationEnd":{"id":"1727358427542iterationEnd","iteratorId":"1727358427542","parent":"1727358477482_end","position":{"top":557,"left":744},"type":"iterationEnd","painted":false,"addedToConfig":false},"1727358427542":{"id":"1727358427542","type":"iterator","iterationType":"for","position":{"top":557,"left":744},"mapping":[],"label":"","taskName":"Control Loop","parent":"1727358401752","painted":false,"counterType":"fixed","operator":"and","taskNotes":"<p><br></p>","fixedLoopCounterTypeOption":"constant","counterValue":"1000","addedToConfig":false},"1727358443187":{"id":"1727358443187","type":"query","position":{"top":473,"left":497},"source":null,"target":null,"mapping":[{"name":"systemStatus","valueType":"variable","value":null,"fieldType":"String","list":false,"comparator":"notequals","source":"1727358401752"}],"label":"","filterBy":"criteria","searchOption":"one","operator":"and","taskName":"Branch","parent":"1727358427542","painted":false,"taskNotes":"<p><br></p>","ignoreSecurity":true,"queryType":"dynamic","relationshipMapping":[],"selectFields":[],"sortFields":[],"modelName":"Branch","addedToConfig":false},"1727358477482_end":{"id":"1727358477482_end","decisionId":"1727358477482","position":{"top":513,"left":367},"type":"decisionEnd","painted":false,"addedToConfig":false},"1727358477482_success_start":{"id":"1727358477482_success_start","decisionId":"1727358477482","parent":"1727358477482","position":{"top":513,"left":367},"type":"decisionSucessStart","painted":false,"addedToConfig":false},"1727358477482_failure_start":{"id":"1727358477482_failure_start","decisionId":"1727358477482","parent":"1727358477482","position":{"top":513,"left":367},"type":"decisionFailureStart","painted":false,"addedToConfig":false},"1727358477482_success_end":{"id":"1727358477482_success_end","decisionId":"1727358477482","parent":"1727358640786","position":{"top":513,"left":367},"type":"decisionSucessEnd","painted":false,"addedToConfig":false},"1727358477482_failure_end":{"id":"1727358477482_failure_end","decisionId":"1727358477482","parent":"1727358485917","position":{"top":513,"left":367},"type":"decisionFailureEnd","painted":false,"addedToConfig":false},"1727358477482":{"id":"1727358477482","type":"decision","newMapping":true,"position":{"top":513,"left":367},"condition":null,"serviceName":null,"serviceType":null,"operator":"and","mapping":[{"sourceType":"notNull","sourceValue":null,"source":"1727358443187","sourceFieldType":null,"sourceModel":"Branch","isSourceList":null,"targetType":"variable","targetValue":null,"target":null,"targetFieldType":null,"targetModel":"","isTargetList":null,"comparator":null}],"label":"","parent":"1727358443187","painted":false,"taskNotes":"<p><br></p>","addedToConfig":false},"1727358485917":{"id":"1727358485917","type":"return","returnType":"exit","taskName":"Exit","label":"","position":{"top":465,"left":415},"parent":"1727358477482_failure_start","painted":false,"addedToConfig":false},"1727358491850":{"id":"1727358491850","type":"query","position":{"top":483,"left":295},"source":null,"target":null,"mapping":[{"name":"branchId","valueType":"variable","value":"_id","fieldType":"String","list":false,"fromModel":"Branch","comparator":"equals","source":"1727358443187"}],"label":"","filterBy":"criteria","searchOption":"one","operator":"and","taskName":"Branch_Styles","parent":"1727358477482_success_start","painted":false,"taskNotes":"<p><br></p>","ignoreSecurity":true,"queryType":"dynamic","relationshipMapping":[],"selectFields":[],"sortFields":[],"modelName":"Branch_Styles","addedToConfig":false},"1727358517899_end":{"id":"1727358517899_end","decisionId":"1727358517899","position":{"top":513,"left":327},"type":"decisionEnd","painted":false,"addedToConfig":false},"1727358517899_success_start":{"id":"1727358517899_success_start","decisionId":"1727358517899","parent":"1727358517899","position":{"top":513,"left":327},"type":"decisionSucessStart","painted":false,"addedToConfig":false},"1727358517899_failure_start":{"id":"1727358517899_failure_start","decisionId":"1727358517899","parent":"1727358517899","position":{"top":513,"left":327},"type":"decisionFailureStart","painted":false,"addedToConfig":false},"1727358517899_success_end":{"id":"1727358517899_success_end","decisionId":"1727358517899","parent":"1727358632301","position":{"top":513,"left":327},"type":"decisionSucessEnd","painted":false,"addedToConfig":false},"1727358517899_failure_end":{"id":"1727358517899_failure_end","decisionId":"1727358517899","parent":"1727358517899_failure_start","position":{"top":513,"left":327},"type":"decisionFailureEnd","painted":false,"addedToConfig":false},"1727358517899":{"id":"1727358517899","type":"decision","newMapping":true,"position":{"top":513,"left":327},"condition":null,"serviceName":null,"serviceType":null,"operator":"and","mapping":[{"sourceType":"notNull","sourceValue":null,"source":"1727358491850","sourceFieldType":null,"sourceModel":"Branch_Styles","isSourceList":null,"targetType":"variable","targetValue":null,"target":null,"targetFieldType":null,"targetModel":"","isTargetList":null,"comparator":null}],"label":"","parent":"1727358491850","painted":false,"taskNotes":"<p><br></p>","addedToConfig":false},"1727358526920":{"id":"1727358526920","type":"dataTransfer","position":{"top":555,"left":301},"source":"mddui_page_input_data","sourceType":"page","sourceVariable":"rr_page_data","targetType":"page","target":"1727358443187","targetVariable":null,"resultVariable":null,"mapping":[{"name":"systemStatus","valueType":"variable","value":null,"fieldType":"String","list":false,"rr_dynamic_field_name_type":"","source":"1727358401752"}],"label":"","taskName":"Update Model in Memory","parent":"1727358517899_end","painted":false,"taskNotes":"<p><br></p>","condition":"Branch","addedToConfig":false},"1727358529874":{"id":"1727358529874","type":"dataTransfer","position":{"top":455,"left":252},"source":"mddui_page_input_data","sourceType":"page","sourceVariable":"rr_page_data","targetType":"page","target":"1727358491850","targetVariable":null,"resultVariable":null,"mapping":[{"name":"headerLogoURL","valueType":"variable","value":"logoURLwhite","fieldType":"String","list":false,"rr_dynamic_field_name_type":"","fromModel":"Branch","source":"1727358443187"},{"name":"mainLogoURL","valueType":"variable","value":"logoURL","fieldType":"String","list":false,"rr_dynamic_field_name_type":"","fromModel":"Branch","source":"1727358443187"},{"name":"welcomeImageURL","valueType":"variable","value":"mainBGImageURL","fieldType":"String","list":false,"rr_dynamic_field_name_type":"","fromModel":"Branch","source":"1727358443187"}],"label":"","taskName":"Update Model in Memory","parent":"1727358517899_success_start","painted":false,"taskNotes":"<p><br></p>","condition":"Branch_Styles","addedToConfig":false},"1727358632301":{"id":"1727358632301","type":"persist","position":{"top":497,"left":291},"source":null,"target":null,"mapping":null,"label":"","taskName":"Save Data","parent":"1727358529874","isMerge":true,"taskNotes":"<p><br></p>","inputTask":"1727358491850","inputValue":null,"modelName":"Branch_Styles","ignoreSecurity":true,"addedToConfig":false},"1727358640786":{"id":"1727358640786","type":"persist","position":{"top":537,"left":361},"source":null,"target":null,"mapping":null,"label":"","taskName":"Save Data","parent":"1727358526920","isMerge":true,"taskNotes":"<p><br></p>","inputTask":"1727358443187","inputValue":null,"modelName":"Branch","ignoreSecurity":true,"addedToConfig":false}},"decisionsMap":{"1727358477482":{"success":"1727358477482_success_start","failure":"1727358477482_failure_start","successEnd":"1727358477482_success_end","failureEnd":"1727358477482_failure_end","end":"1727358477482_end","root":true},"1727358517899":{"success":"1727358517899_success_start","failure":"1727358517899_failure_start","successEnd":"1727358517899_success_end","failureEnd":"1727358517899_failure_end","end":"1727358517899_end","root":false}},"active":false,"scheduler":false,"savedId":null,"workInProgress":false,"uiFLow":false,"startTaskId":"1727358298027","shouldSecure":true,"allowExecutionForAll":false,"testCase":false,"testSuite":false,"sequence":1,"internal":false,"triggeredFromBpm":false,"inputModel":null,"outputModel":null,"appName":null},
{"id":"66f625822a7a96224a541b4d","companyId":"5f47ce0c8f0815394ff3bd8a","createdDate":1727971908375,"updatedDate":1727971908375,"versionId":14,"referenceId":null,"systemStatus":"P","updatedByUserId":"5fa999cf8f08eee59b0a70e1","updatedByUserName":"Mark Bonham","systemStatusText":null,"userTypes":null,"requirementIds":null,"name":"24-09-26--Move Welcome Messages to Branch_URL","sourceReferenceId":null,"sourceReferenceAppId":null,"lockedByUserId":null,"lockedByUserName":null,"publicArtifact":false,"enableOffline":false,"locked":false,"canUnlock":false,"publishComment":"ty","importantPublish":false,"appId":"6021d6608f08822c86268501","folderId":"","initializer":null,"triggerType":"uiEvent","flow":[],"createdBy":null,"lastModifiedBy":null,"objectsMap":{"1727358298027":{"id":"1727358298027","type":"startObject","value":null,"taskName":"Start","triggerType":"uiEvent","addedToConfig":true,"painted":true,"position":{},"taskNotes":"<p><br></p>"},"17273582980271000":{"id":"17273582980271000","parent":"1727358427542iterationEnd","systemExit":true,"type":"return","returnType":"exit","taskName":"Exit","label":"","addedToConfig":false,"painted":false,"position":{}},"1727358427542iterationEnd":{"id":"1727358427542iterationEnd","iteratorId":"1727358427542","parent":"1727358477482_end","position":{},"type":"iterationEnd","painted":false,"addedToConfig":false},"1727358427542":{"id":"1727358427542","type":"iterator","iterationType":"for","position":{},"mapping":[],"label":"","taskName":"Control Loop","parent":"1727465378415","painted":false,"counterType":"fixed","operator":"and","taskNotes":"<p><br></p>","fixedLoopCounterTypeOption":"constant","counterValue":"1000","addedToConfig":false},"1727358477482_end":{"id":"1727358477482_end","decisionId":"1727358477482","position":{},"type":"decisionEnd","painted":false,"addedToConfig":false},"1727358477482_success_start":{"id":"1727358477482_success_start","decisionId":"1727358477482","parent":"1727358477482","position":{},"type":"decisionSucessStart","painted":false,"addedToConfig":false},"1727358477482_failure_start":{"id":"1727358477482_failure_start","decisionId":"1727358477482","parent":"1727358477482","position":{},"type":"decisionFailureStart","painted":false,"addedToConfig":false},"1727358477482_success_end":{"id":"1727358477482_success_end","decisionId":"1727358477482","parent":"1727358640786","position":{},"type":"decisionSucessEnd","painted":false,"addedToConfig":false},"1727358477482_failure_end":{"id":"1727358477482_failure_end","decisionId":"1727358477482","parent":"1727358485917","position":{},"type":"decisionFailureEnd","painted":false,"addedToConfig":false},"1727358477482":{"id":"1727358477482","type":"decision","newMapping":true,"position":{},"condition":null,"serviceName":null,"serviceType":null,"operator":"and","mapping":[{"sourceType":"notNull","sourceValue":null,"source":"1727468015150","sourceFieldType":null,"sourceModel":"Branch","isSourceList":null,"targetType":"variable","targetValue":null,"target":null,"targetFieldType":null,"targetModel":"","isTargetList":null,"comparator":null}],"label":"","parent":"1727468015150","painted":false,"taskNotes":"<p><br></p>","addedToConfig":false},"1727358485917":{"id":"1727358485917","type":"return","returnType":"exit","taskName":"Exit","label":"","position":{},"parent":"1727358477482_failure_start","painted":false,"addedToConfig":false},"1727358491850":{"id":"1727358491850","type":"query","position":{},"source":null,"target":null,"mapping":[{"name":"branchId","valueType":"variable","value":"_id","fieldType":"String","list":false,"fromModel":"Branch","comparator":"equals","source":"1727468015150"}],"label":"","filterBy":"criteria","searchOption":"many","operator":"and","taskName":"Branch_URL","parent":"1727358477482_success_start","painted":false,"taskNotes":"<p><br></p>","ignoreSecurity":true,"queryType":"dynamic","relationshipMapping":[],"selectFields":[],"sortFields":[],"modelName":"Branch_URL","addedToConfig":false,"useOwnerTenant":true},"1727358517899_end":{"id":"1727358517899_end","decisionId":"1727358517899","position":{},"type":"decisionEnd","painted":false,"addedToConfig":false},"1727358517899_success_start":{"id":"1727358517899_success_start","decisionId":"1727358517899","parent":"1727358517899","position":{},"type":"decisionSucessStart","painted":false,"addedToConfig":false},"1727358517899_failure_start":{"id":"1727358517899_failure_start","decisionId":"1727358517899","parent":"1727358517899","position":{},"type":"decisionFailureStart","painted":false,"addedToConfig":false},"1727358517899_success_end":{"id":"1727358517899_success_end","decisionId":"1727358517899","parent":"1727407543446iterationEnd","position":{},"type":"decisionSucessEnd","painted":false,"addedToConfig":false},"1727358517899_failure_end":{"id":"1727358517899_failure_end","decisionId":"1727358517899","parent":"1727358517899_failure_start","position":{},"type":"decisionFailureEnd","painted":false,"addedToConfig":false},"1727358517899":{"id":"1727358517899","type":"decision","newMapping":true,"position":{},"condition":null,"serviceName":null,"serviceType":null,"operator":"and","mapping":[{"sourceType":"notNull","sourceValue":null,"source":"1727358491850","sourceFieldType":null,"sourceModel":"Branch_Styles","isSourceList":null,"targetType":"variable","targetValue":null,"target":null,"targetFieldType":null,"targetModel":"","isTargetList":null,"comparator":null}],"label":"","parent":"1727358491850","painted":false,"taskNotes":"<p><br></p>","addedToConfig":false},"1727358526920":{"id":"1727358526920","type":"dataTransfer","position":{},"source":"mddui_page_input_data","sourceType":"page","sourceVariable":"rr_page_data","targetType":"page","target":"1727468015150","targetVariable":null,"resultVariable":null,"mapping":[{"name":"systemStatus","valueType":"variable","value":null,"fieldType":"String","list":false,"rr_dynamic_field_name_type":"","source":"1727465378415"}],"label":"","taskName":"Update Model in Memory","parent":"1727358517899_end","painted":false,"taskNotes":"<p><br></p>","condition":"Branch","addedToConfig":false},"1727358640786":{"id":"1727358640786","type":"persist","position":{},"source":null,"target":null,"mapping":null,"label":"","taskName":"Save Data","parent":"1727358526920","isMerge":true,"taskNotes":"<p><br></p>","inputTask":"1727468015150","inputValue":null,"modelName":"Branch","ignoreSecurity":true,"addedToConfig":false,"painted":false},"1727407543446iterationEnd":{"id":"1727407543446iterationEnd","iteratorId":"1727407543446","parent":"1727407562551","position":{},"type":"iterationEnd","painted":false,"addedToConfig":false},"1727407543446":{"id":"1727407543446","type":"iterator","iterationType":"for","position":{},"mapping":[],"label":"","taskName":"Current URL","parent":"1727358517899_success_start","painted":false,"counterType":"dynamic","operator":"and","taskNotes":"<p><br></p>","inputTask":"1727358491850","inputValue":null,"inputDataModel":"Branch_URL","addedToConfig":false},"1727407558125":{"id":"1727407558125","type":"dataTransfer","position":{},"source":"mddui_page_input_data","sourceType":"page","sourceVariable":"rr_page_data","targetType":"page","target":"1727407543446","targetVariable":null,"resultVariable":null,"mapping":[{"name":"administratorWelcomeMessage","valueType":"variable","value":"administratorWelcomeMessage","fieldType":"String","list":false,"rr_dynamic_field_name_type":"","fromModel":"Branch","source":"1727468015150"},{"name":"instructorWelcomeMessage","valueType":"variable","value":"instructorWelcomeMessage","fieldType":"String","list":false,"rr_dynamic_field_name_type":"","fromModel":"Branch","source":"1727468015150"},{"valueType":"variable","value":"studentWelcomeMessage","fieldType":"String","list":false,"rr_dynamic_field_name_type":"","fromModel":"Branch","source":"1727468015150","name":"studentWelcomeMessage"}],"label":"","taskName":"Update Model in Memory","parent":"1727407543446","painted":false,"taskNotes":"<p><br></p>","condition":"Branch_URL","addedToConfig":false,"showAllFields":false},"1727407562551":{"id":"1727407562551","type":"persist","position":{},"source":null,"target":null,"mapping":null,"label":"","taskName":"Save Data","parent":"1727407558125","isMerge":true,"taskNotes":"<p><br></p>","inputTask":"1727407543446","inputValue":null,"modelName":"Branch_URL","ignoreSecurity":true,"addedToConfig":false,"painted":false},"1727465378415":{"id":"1727465378415","type":"expression","position":{},"expression":[{"type":"data","source":"constant","value":"welcome messages moved2"}],"targetVariable":null,"label":"","taskName":"systemStatus","parent":"1727358298027","painted":false,"taskNotes":"<p><br></p>","outputVariable":"string","expressionType":"string","addedToConfig":false,"outputTask":"1727465332773"},"1727468015150":{"id":"1727468015150","type":"query","position":{"top":303,"left":1403},"source":null,"target":null,"mapping":[{"name":"systemStatus","valueType":"variable","value":null,"fieldType":"String","list":false,"comparator":"notequals","source":"1727465378415"}],"label":"","filterBy":"criteria","searchOption":"one","operator":"and","taskName":"Branch1","parent":"1727358427542","painted":false,"taskNotes":"<p><br></p>","ignoreSecurity":true,"queryType":"dynamic","relationshipMapping":[],"selectFields":[],"sortFields":[],"modelName":"Branch","addedToConfig":false}},"decisionsMap":{"1727358477482":{"success":"1727358477482_success_start","failure":"1727358477482_failure_start","successEnd":"1727358477482_success_end","failureEnd":"1727358477482_failure_end","end":"1727358477482_end","root":true},"1727358517899":{"success":"1727358517899_success_start","failure":"1727358517899_failure_start","successEnd":"1727358517899_success_end","failureEnd":"1727358517899_failure_end","end":"1727358517899_end","root":false}},"active":false,"scheduler":false,"savedId":null,"workInProgress":false,"uiFLow":false,"startTaskId":"1727358298027","shouldSecure":true,"allowExecutionForAll":false,"testCase":false,"testSuite":false,"sequence":1,"internal":false,"triggeredFromBpm":false,"inputModel":null,"outputModel":null,"appName":null},
{"id":"66febfff2a7a96224a543076","companyId":"5f47ce0c8f0815394ff3bd8a","createdDate":1727971908377,"updatedDate":1727971908377,"versionId":0,"referenceId":null,"systemStatus":"P","updatedByUserId":"5f47ce0e8f0815394ff3be1b","updatedByUserName":"Josh Havens","systemStatusText":null,"userTypes":null,"requirementIds":null,"name":"24-10-03--Set First Branch Type to Master","sourceReferenceId":null,"sourceReferenceAppId":null,"lockedByUserId":null,"lockedByUserName":null,"publicArtifact":false,"enableOffline":false,"locked":false,"canUnlock":false,"publishComment":" ","importantPublish":false,"appId":"6021d6608f08822c86268501","folderId":"","initializer":null,"triggerType":"uiEvent","flow":[],"createdBy":null,"lastModifiedBy":null,"objectsMap":{"1727971327206":{"id":"1727971327206","type":"startObject","value":null,"taskName":"Start","triggerType":"uiEvent","addedToConfig":true,"painted":true,"position":{},"taskNotes":"<p><br></p>"},"17279713272061000":{"id":"17279713272061000","parent":"1727971423789","systemExit":true,"type":"return","returnType":"exit","taskName":"Exit","label":"","addedToConfig":false,"painted":false,"position":{}},"1727971334327":{"id":"1727971334327","type":"expression","position":{},"expression":[{"type":"data","source":"constant","value":"Master Set"}],"targetVariable":null,"label":"","taskName":"systemStatus","parent":"1727971327206","painted":false,"taskNotes":"<p><br></p>","outputVariable":"","expressionType":"string","addedToConfig":false},"1727971370476":{"id":"1727971370476","type":"query","position":{"top":453,"left":670},"source":null,"target":null,"mapping":[{"name":"_id","valueType":"variable","value":null,"fieldType":"String","list":false,"fromModel":"","comparator":"notEmpty"}],"label":"","filterBy":"criteria","searchOption":"one","operator":"and","taskName":"Branch","parent":"1727971334327","painted":false,"taskNotes":"<p><br></p>","ignoreSecurity":true,"queryType":"dynamic","relationshipMapping":[],"selectFields":[],"sortFields":[{"fieldName":"createdDate","sortOrder":1}],"modelName":"Branch","addedToConfig":false},"1727971401537":{"id":"1727971401537","type":"dataTransfer","position":{"top":485,"left":461},"source":"mddui_page_input_data","sourceType":"page","sourceVariable":"rr_page_data","targetType":"page","target":"1727971370476","targetVariable":null,"resultVariable":null,"mapping":[{"name":"systemStatus","valueType":"variable","value":"","fieldType":"String","list":false,"rr_dynamic_field_name_type":"","source":"1727971334327"},{"name":"type","valueType":"constant","value":"Master","fieldType":"String","list":false,"rr_dynamic_field_name_type":"","fromModel":""}],"label":"","taskName":"Update Model in Memory","parent":"1727971370476","painted":false,"taskNotes":"<p><br></p>","condition":"Branch","addedToConfig":false},"1727971423789":{"id":"1727971423789","type":"persist","position":{"top":497,"left":406},"source":null,"target":null,"mapping":null,"label":"","taskName":"Save Data","parent":"1727971401537","isMerge":true,"taskNotes":"<p><br></p>","inputTask":"1727971370476","inputValue":null,"modelName":"Branch","ignoreSecurity":true,"addedToConfig":false}},"decisionsMap":{},"active":false,"scheduler":false,"savedId":null,"workInProgress":false,"uiFLow":false,"startTaskId":"1727971327206","shouldSecure":true,"allowExecutionForAll":false,"testCase":false,"testSuite":false,"sequence":1,"internal":false,"triggeredFromBpm":false,"inputModel":null,"outputModel":null,"appName":null}]