[{"id":"5ff496998f08e7114da13621","companyId":"5f47ce0c8f0815394ff3bd8a","createdDate":1609864857307,"updatedDate":1720627800428,"versionId":0,"referenceId":null,"systemStatus":null,"updatedByUserId":"5f4d87898f086f27a2ab1466","updatedByUserName":"Sean Stevens","systemStatusText":null,"userTypes":[],"requirementIds":[],"name":"Menu_Items","sourceReferenceId":null,"sourceReferenceAppId":null,"lockedByUserId":null,"lockedByUserName":null,"publicArtifact":false,"enableOffline":false,"locked":false,"canUnlock":false,"publishComment":null,"importantPublish":false,"sysModel":false,"subDomainModel":false,"transientModel":false,"bpmManagedModel":false,"listModel":false,"label":null,"bpmFieldNames":null,"appId":["5f47f6158f0814ff0a917552"],"fields":[{"id":"5f6269588f082b9cdc6590dd","companyId":"5f47ce0c8f0815394ff3bd8a","createdDate":1600285016705,"updatedDate":1600285016705,"versionId":0,"referenceId":null,"systemStatus":null,"updatedByUserId":"5f47ce0e8f0815394ff3be1b","updatedByUserName":"Josh Havens","systemStatusText":null,"fieldName":"action","type":"String","referenceModel":null,"index":false,"subModel":false,"list":false,"required":false,"typeModel":null,"systemField":false,"s3URL":false,"encryptionType":0,"unique":false,"autoIncrement":false,"length":0,"dbFieldName":null,"dbOrdinalPosition":0,"dbType":null,"dbConstraintName":null,"relatedDBTableName":null,"relatedDBTableImportedIdName":null,"defaultValueType":0,"defaultValue":null,"defaultValueUserModel":null,"defaultValueRelationName":null,"defaultValueRelatedModel":null,"defaultValueField":null,"cognitiveProperties":null,"implementedTypeModelId":null,"fieldLabel":null,"min":0,"max":0,"minMaxValidation":false,"wholeNumber":false,"noPastDates":false,"noFutureDates":false,"implementedTypeModel":null,"sampleData":null},{"id":null,"companyId":null,"createdDate":0,"updatedDate":0,"versionId":0,"referenceId":null,"systemStatus":null,"updatedByUserId":null,"updatedByUserName":null,"systemStatusText":null,"fieldName":"actionLabel","type":"String","referenceModel":null,"index":false,"subModel":false,"list":false,"required":false,"typeModel":null,"systemField":false,"s3URL":false,"encryptionType":0,"unique":false,"autoIncrement":false,"length":0,"dbFieldName":null,"dbOrdinalPosition":0,"dbType":null,"dbConstraintName":null,"relatedDBTableName":null,"relatedDBTableImportedIdName":null,"defaultValueType":0,"defaultValue":null,"defaultValueUserModel":null,"defaultValueRelationName":null,"defaultValueRelatedModel":null,"defaultValueField":null,"cognitiveProperties":{"entityTypes":[],"newType":false,"newTypeName":null,"subType":null,"dictionaryItem":false,"speechType":null,"mention":false,"mentionType":null,"mentionClass":null,"entityRelationships":null,"sampleQuestions":null},"implementedTypeModelId":null,"fieldLabel":null,"min":0,"max":0,"minMaxValidation":false,"wholeNumber":false,"noPastDates":false,"noFutureDates":false,"implementedTypeModel":null,"sampleData":null},{"id":"5f62695d8f082b9cdc6590de","companyId":"5f47ce0c8f0815394ff3bd8a","createdDate":1600285021098,"updatedDate":1600285021098,"versionId":0,"referenceId":null,"systemStatus":null,"updatedByUserId":"5f47ce0e8f0815394ff3be1b","updatedByUserName":"Josh Havens","systemStatusText":null,"fieldName":"actionType","type":"String","referenceModel":null,"index":false,"subModel":false,"list":false,"required":false,"typeModel":null,"systemField":false,"s3URL":false,"encryptionType":0,"unique":false,"autoIncrement":false,"length":0,"dbFieldName":null,"dbOrdinalPosition":0,"dbType":null,"dbConstraintName":null,"relatedDBTableName":null,"relatedDBTableImportedIdName":null,"defaultValueType":0,"defaultValue":null,"defaultValueUserModel":null,"defaultValueRelationName":null,"defaultValueRelatedModel":null,"defaultValueField":null,"cognitiveProperties":null,"implementedTypeModelId":null,"fieldLabel":null,"min":0,"max":0,"minMaxValidation":false,"wholeNumber":false,"noPastDates":false,"noFutureDates":false,"implementedTypeModel":null,"sampleData":null},{"id":"5f62371f8f082b9cdc658ed8","companyId":"5f47ce0c8f0815394ff3bd8a","createdDate":1600272159174,"updatedDate":1600272159174,"versionId":0,"referenceId":null,"systemStatus":null,"updatedByUserId":"5f47ce0e8f0815394ff3be1b","updatedByUserName":"Josh Havens","systemStatusText":null,"fieldName":"canCreateRole","type":"String","referenceModel":null,"index":false,"subModel":false,"list":false,"required":false,"typeModel":null,"systemField":false,"s3URL":false,"encryptionType":0,"unique":false,"autoIncrement":false,"length":0,"dbFieldName":null,"dbOrdinalPosition":0,"dbType":null,"dbConstraintName":null,"relatedDBTableName":null,"relatedDBTableImportedIdName":null,"defaultValueType":0,"defaultValue":null,"defaultValueUserModel":null,"defaultValueRelationName":null,"defaultValueRelatedModel":null,"defaultValueField":null,"cognitiveProperties":null,"implementedTypeModelId":null,"fieldLabel":null,"min":0,"max":0,"minMaxValidation":false,"wholeNumber":false,"noPastDates":false,"noFutureDates":false,"implementedTypeModel":null,"sampleData":null},{"id":null,"companyId":null,"createdDate":0,"updatedDate":0,"versionId":0,"referenceId":null,"systemStatus":null,"updatedByUserId":null,"updatedByUserName":null,"systemStatusText":null,"fieldName":"ccId","type":"String","referenceModel":null,"index":false,"subModel":false,"list":false,"required":false,"typeModel":null,"systemField":false,"s3URL":false,"encryptionType":0,"unique":false,"autoIncrement":false,"length":0,"dbFieldName":null,"dbOrdinalPosition":0,"dbType":null,"dbConstraintName":null,"relatedDBTableName":null,"relatedDBTableImportedIdName":null,"defaultValueType":0,"defaultValue":null,"defaultValueUserModel":null,"defaultValueRelationName":null,"defaultValueRelatedModel":null,"defaultValueField":null,"cognitiveProperties":{"entityTypes":[],"newType":false,"newTypeName":null,"subType":null,"dictionaryItem":false,"speechType":null,"mention":false,"mentionType":null,"mentionClass":null,"entityRelationships":null,"sampleQuestions":null},"implementedTypeModelId":null,"fieldLabel":null,"min":0,"max":0,"minMaxValidation":false,"wholeNumber":false,"noPastDates":false,"noFutureDates":false,"implementedTypeModel":null,"sampleData":null},{"id":null,"companyId":null,"createdDate":0,"updatedDate":0,"versionId":0,"referenceId":null,"systemStatus":null,"updatedByUserId":null,"updatedByUserName":null,"systemStatusText":null,"fieldName":"ccIdAlt","type":"String","referenceModel":null,"index":false,"subModel":false,"list":false,"required":false,"typeModel":null,"systemField":false,"s3URL":false,"encryptionType":0,"unique":false,"autoIncrement":false,"length":0,"dbFieldName":null,"dbOrdinalPosition":0,"dbType":null,"dbConstraintName":null,"relatedDBTableName":null,"relatedDBTableImportedIdName":null,"defaultValueType":0,"defaultValue":null,"defaultValueUserModel":null,"defaultValueRelationName":null,"defaultValueRelatedModel":null,"defaultValueField":null,"cognitiveProperties":{"entityTypes":[],"newType":false,"newTypeName":null,"subType":null,"dictionaryItem":false,"speechType":null,"mention":false,"mentionType":null,"mentionClass":null,"entityRelationships":null,"sampleQuestions":null},"implementedTypeModelId":null,"fieldLabel":null,"min":0,"max":0,"minMaxValidation":false,"wholeNumber":false,"noPastDates":false,"noFutureDates":false,"implementedTypeModel":null,"sampleData":null},{"id":null,"companyId":null,"createdDate":0,"updatedDate":0,"versionId":0,"referenceId":null,"systemStatus":null,"updatedByUserId":null,"updatedByUserName":null,"systemStatusText":null,"fieldName":"createdBy","type":"String","referenceModel":null,"index":false,"subModel":false,"list":false,"required":false,"typeModel":null,"systemField":true,"s3URL":false,"encryptionType":0,"unique":false,"autoIncrement":false,"length":0,"dbFieldName":null,"dbOrdinalPosition":0,"dbType":null,"dbConstraintName":null,"relatedDBTableName":null,"relatedDBTableImportedIdName":null,"defaultValueType":0,"defaultValue":null,"defaultValueUserModel":null,"defaultValueRelationName":null,"defaultValueRelatedModel":null,"defaultValueField":null,"cognitiveProperties":null,"implementedTypeModelId":null,"fieldLabel":null,"min":0,"max":0,"minMaxValidation":false,"wholeNumber":false,"noPastDates":false,"noFutureDates":false,"implementedTypeModel":null,"sampleData":null},{"id":null,"companyId":null,"createdDate":0,"updatedDate":0,"versionId":0,"referenceId":null,"systemStatus":null,"updatedByUserId":null,"updatedByUserName":null,"systemStatusText":null,"fieldName":"createdByName","type":"String","referenceModel":null,"index":false,"subModel":false,"list":false,"required":false,"typeModel":null,"systemField":true,"s3URL":false,"encryptionType":0,"unique":false,"autoIncrement":false,"length":0,"dbFieldName":null,"dbOrdinalPosition":0,"dbType":null,"dbConstraintName":null,"relatedDBTableName":null,"relatedDBTableImportedIdName":null,"defaultValueType":0,"defaultValue":null,"defaultValueUserModel":null,"defaultValueRelationName":null,"defaultValueRelatedModel":null,"defaultValueField":null,"cognitiveProperties":null,"implementedTypeModelId":null,"fieldLabel":null,"min":0,"max":0,"minMaxValidation":false,"wholeNumber":false,"noPastDates":false,"noFutureDates":false,"implementedTypeModel":null,"sampleData":null},{"id":null,"companyId":null,"createdDate":0,"updatedDate":0,"versionId":0,"referenceId":null,"systemStatus":null,"updatedByUserId":null,"updatedByUserName":null,"systemStatusText":null,"fieldName":"createdDate","type":"Date","referenceModel":null,"index":false,"subModel":false,"list":false,"required":false,"typeModel":null,"systemField":true,"s3URL":false,"encryptionType":0,"unique":false,"autoIncrement":false,"length":0,"dbFieldName":null,"dbOrdinalPosition":0,"dbType":null,"dbConstraintName":null,"relatedDBTableName":null,"relatedDBTableImportedIdName":null,"defaultValueType":0,"defaultValue":null,"defaultValueUserModel":null,"defaultValueRelationName":null,"defaultValueRelatedModel":null,"defaultValueField":null,"cognitiveProperties":null,"implementedTypeModelId":null,"fieldLabel":null,"min":0,"max":0,"minMaxValidation":false,"wholeNumber":false,"noPastDates":false,"noFutureDates":false,"implementedTypeModel":null,"sampleData":null},{"id":"5f8daad88f08eee59b0a3f46","companyId":"5f47ce0c8f0815394ff3bd8a","createdDate":1603119832453,"updatedDate":1603119832453,"versionId":0,"referenceId":null,"systemStatus":null,"updatedByUserId":"5f47ce0e8f0815394ff3be1b","updatedByUserName":"Josh Havens","systemStatusText":null,"fieldName":"description","type":"String","referenceModel":null,"index":false,"subModel":false,"list":false,"required":false,"typeModel":null,"systemField":false,"s3URL":false,"encryptionType":0,"unique":false,"autoIncrement":false,"length":0,"dbFieldName":null,"dbOrdinalPosition":0,"dbType":null,"dbConstraintName":null,"relatedDBTableName":null,"relatedDBTableImportedIdName":null,"defaultValueType":0,"defaultValue":null,"defaultValueUserModel":null,"defaultValueRelationName":null,"defaultValueRelatedModel":null,"defaultValueField":null,"cognitiveProperties":null,"implementedTypeModelId":null,"fieldLabel":null,"min":0,"max":0,"minMaxValidation":false,"wholeNumber":false,"noPastDates":false,"noFutureDates":false,"implementedTypeModel":null,"sampleData":null},{"id":"60634ebb8f0800820d2f174d","companyId":"5f47ce0c8f0815394ff3bd8a","createdDate":1617120955706,"updatedDate":1617120955706,"versionId":0,"referenceId":null,"systemStatus":null,"updatedByUserId":"5f47ce0e8f0815394ff3be1b","updatedByUserName":"Josh Havens","systemStatusText":null,"fieldName":"enabled","type":"Boolean","referenceModel":null,"index":false,"subModel":false,"list":false,"required":false,"typeModel":null,"systemField":false,"s3URL":false,"encryptionType":0,"unique":false,"autoIncrement":false,"length":0,"dbFieldName":null,"dbOrdinalPosition":0,"dbType":null,"dbConstraintName":null,"relatedDBTableName":null,"relatedDBTableImportedIdName":null,"defaultValueType":0,"defaultValue":null,"defaultValueUserModel":null,"defaultValueRelationName":null,"defaultValueRelatedModel":null,"defaultValueField":null,"cognitiveProperties":null,"implementedTypeModelId":null,"fieldLabel":null,"min":0,"max":0,"minMaxValidation":false,"wholeNumber":false,"noPastDates":false,"noFutureDates":false,"implementedTypeModel":null,"sampleData":null},{"id":null,"companyId":null,"createdDate":0,"updatedDate":0,"versionId":0,"referenceId":null,"systemStatus":null,"updatedByUserId":null,"updatedByUserName":null,"systemStatusText":null,"fieldName":"iconURL","type":"String","referenceModel":null,"index":false,"subModel":false,"list":false,"required":false,"typeModel":null,"systemField":false,"s3URL":false,"encryptionType":0,"unique":false,"autoIncrement":false,"length":0,"dbFieldName":null,"dbOrdinalPosition":0,"dbType":null,"dbConstraintName":null,"relatedDBTableName":null,"relatedDBTableImportedIdName":null,"defaultValueType":0,"defaultValue":null,"defaultValueUserModel":null,"defaultValueRelationName":null,"defaultValueRelatedModel":null,"defaultValueField":null,"cognitiveProperties":{"entityTypes":[],"newType":false,"newTypeName":null,"subType":null,"dictionaryItem":false,"speechType":null,"mention":false,"mentionType":null,"mentionClass":null,"entityRelationships":null,"sampleQuestions":null},"implementedTypeModelId":null,"fieldLabel":null,"min":0,"max":0,"minMaxValidation":false,"wholeNumber":false,"noPastDates":false,"noFutureDates":false,"implementedTypeModel":null,"sampleData":null},{"id":null,"companyId":null,"createdDate":0,"updatedDate":0,"versionId":0,"referenceId":null,"systemStatus":null,"updatedByUserId":null,"updatedByUserName":null,"systemStatusText":null,"fieldName":"iconURLDark","type":"String","referenceModel":null,"index":false,"subModel":false,"list":false,"required":false,"typeModel":null,"systemField":false,"s3URL":false,"encryptionType":0,"unique":false,"autoIncrement":false,"length":0,"dbFieldName":null,"dbOrdinalPosition":0,"dbType":null,"dbConstraintName":null,"relatedDBTableName":null,"relatedDBTableImportedIdName":null,"defaultValueType":0,"defaultValue":null,"defaultValueUserModel":null,"defaultValueRelationName":null,"defaultValueRelatedModel":null,"defaultValueField":null,"cognitiveProperties":{"entityTypes":[],"newType":false,"newTypeName":null,"subType":null,"dictionaryItem":false,"speechType":null,"mention":false,"mentionType":null,"mentionClass":null,"entityRelationships":null,"sampleQuestions":null},"implementedTypeModelId":null,"fieldLabel":null,"min":0,"max":0,"minMaxValidation":false,"wholeNumber":false,"noPastDates":false,"noFutureDates":false,"implementedTypeModel":null,"sampleData":null},{"id":null,"companyId":null,"createdDate":0,"updatedDate":0,"versionId":0,"referenceId":null,"systemStatus":null,"updatedByUserId":null,"updatedByUserName":null,"systemStatusText":null,"fieldName":"iconURLLight","type":"String","referenceModel":null,"index":false,"subModel":false,"list":false,"required":false,"typeModel":null,"systemField":false,"s3URL":false,"encryptionType":0,"unique":false,"autoIncrement":false,"length":0,"dbFieldName":null,"dbOrdinalPosition":0,"dbType":null,"dbConstraintName":null,"relatedDBTableName":null,"relatedDBTableImportedIdName":null,"defaultValueType":0,"defaultValue":null,"defaultValueUserModel":null,"defaultValueRelationName":null,"defaultValueRelatedModel":null,"defaultValueField":null,"cognitiveProperties":{"entityTypes":[],"newType":false,"newTypeName":null,"subType":null,"dictionaryItem":false,"speechType":null,"mention":false,"mentionType":null,"mentionClass":null,"entityRelationships":null,"sampleQuestions":null},"implementedTypeModelId":null,"fieldLabel":null,"min":0,"max":0,"minMaxValidation":false,"wholeNumber":false,"noPastDates":false,"noFutureDates":false,"implementedTypeModel":null,"sampleData":null},{"id":"5f6b75e48f082b9cdc659e03","companyId":"5f47ce0c8f0815394ff3bd8a","createdDate":1600878052675,"updatedDate":1600878052675,"versionId":0,"referenceId":null,"systemStatus":null,"updatedByUserId":"5f47ce0e8f0815394ff3be1b","updatedByUserName":"Josh Havens","systemStatusText":null,"fieldName":"isSelectedColor","type":"String","referenceModel":null,"index":false,"subModel":false,"list":false,"required":false,"typeModel":null,"systemField":false,"s3URL":false,"encryptionType":0,"unique":false,"autoIncrement":false,"length":0,"dbFieldName":null,"dbOrdinalPosition":0,"dbType":null,"dbConstraintName":null,"relatedDBTableName":null,"relatedDBTableImportedIdName":null,"defaultValueType":0,"defaultValue":null,"defaultValueUserModel":null,"defaultValueRelationName":null,"defaultValueRelatedModel":null,"defaultValueField":null,"cognitiveProperties":null,"implementedTypeModelId":null,"fieldLabel":null,"min":0,"max":0,"minMaxValidation":false,"wholeNumber":false,"noPastDates":false,"noFutureDates":false,"implementedTypeModel":null,"sampleData":null},{"id":null,"companyId":null,"createdDate":0,"updatedDate":0,"versionId":0,"referenceId":null,"systemStatus":null,"updatedByUserId":null,"updatedByUserName":null,"systemStatusText":null,"fieldName":"label","type":"String","referenceModel":null,"index":false,"subModel":false,"list":false,"required":false,"typeModel":null,"systemField":true,"s3URL":false,"encryptionType":0,"unique":false,"autoIncrement":false,"length":0,"dbFieldName":null,"dbOrdinalPosition":0,"dbType":null,"dbConstraintName":null,"relatedDBTableName":null,"relatedDBTableImportedIdName":null,"defaultValueType":0,"defaultValue":null,"defaultValueUserModel":null,"defaultValueRelationName":null,"defaultValueRelatedModel":null,"defaultValueField":null,"cognitiveProperties":null,"implementedTypeModelId":null,"fieldLabel":null,"min":0,"max":0,"minMaxValidation":false,"wholeNumber":false,"noPastDates":false,"noFutureDates":false,"implementedTypeModel":null,"sampleData":null},{"id":null,"companyId":null,"createdDate":0,"updatedDate":0,"versionId":0,"referenceId":null,"systemStatus":null,"updatedByUserId":null,"updatedByUserName":null,"systemStatusText":null,"fieldName":"labelKey","type":"String","referenceModel":null,"index":false,"subModel":false,"list":false,"required":false,"typeModel":null,"systemField":true,"s3URL":false,"encryptionType":0,"unique":false,"autoIncrement":false,"length":0,"dbFieldName":null,"dbOrdinalPosition":0,"dbType":null,"dbConstraintName":null,"relatedDBTableName":null,"relatedDBTableImportedIdName":null,"defaultValueType":0,"defaultValue":null,"defaultValueUserModel":null,"defaultValueRelationName":null,"defaultValueRelatedModel":null,"defaultValueField":null,"cognitiveProperties":null,"implementedTypeModelId":null,"fieldLabel":null,"min":0,"max":0,"minMaxValidation":false,"wholeNumber":false,"noPastDates":false,"noFutureDates":false,"implementedTypeModel":null,"sampleData":null},{"id":null,"companyId":null,"createdDate":0,"updatedDate":0,"versionId":0,"referenceId":null,"systemStatus":null,"updatedByUserId":null,"updatedByUserName":null,"systemStatusText":null,"fieldName":"loggedInUserRole","type":"String","referenceModel":null,"index":false,"subModel":false,"list":false,"required":false,"typeModel":null,"systemField":false,"s3URL":false,"encryptionType":0,"unique":false,"autoIncrement":false,"length":0,"dbFieldName":null,"dbOrdinalPosition":0,"dbType":null,"dbConstraintName":null,"relatedDBTableName":null,"relatedDBTableImportedIdName":null,"defaultValueType":0,"defaultValue":null,"defaultValueUserModel":null,"defaultValueRelationName":null,"defaultValueRelatedModel":null,"defaultValueField":null,"cognitiveProperties":{"entityTypes":[],"newType":false,"newTypeName":null,"subType":null,"dictionaryItem":false,"speechType":null,"mention":false,"mentionType":null,"mentionClass":null,"entityRelationships":null,"sampleQuestions":null},"implementedTypeModelId":null,"fieldLabel":null,"min":0,"max":0,"minMaxValidation":false,"wholeNumber":false,"noPastDates":false,"noFutureDates":false,"implementedTypeModel":null,"sampleData":null},{"id":null,"companyId":null,"createdDate":0,"updatedDate":0,"versionId":0,"referenceId":null,"systemStatus":null,"updatedByUserId":null,"updatedByUserName":null,"systemStatusText":null,"fieldName":"menuContext","type":"String","referenceModel":null,"index":false,"subModel":false,"list":false,"required":false,"typeModel":null,"systemField":false,"s3URL":false,"encryptionType":0,"unique":false,"autoIncrement":false,"length":0,"dbFieldName":null,"dbOrdinalPosition":0,"dbType":null,"dbConstraintName":null,"relatedDBTableName":null,"relatedDBTableImportedIdName":null,"defaultValueType":0,"defaultValue":null,"defaultValueUserModel":null,"defaultValueRelationName":null,"defaultValueRelatedModel":null,"defaultValueField":null,"cognitiveProperties":{"entityTypes":[],"newType":false,"newTypeName":null,"subType":null,"dictionaryItem":false,"speechType":null,"mention":false,"mentionType":null,"mentionClass":null,"entityRelationships":null,"sampleQuestions":null},"implementedTypeModelId":null,"fieldLabel":null,"min":0,"max":0,"minMaxValidation":false,"wholeNumber":false,"noPastDates":false,"noFutureDates":false,"implementedTypeModel":null,"sampleData":null},{"id":null,"companyId":null,"createdDate":0,"updatedDate":0,"versionId":0,"referenceId":null,"systemStatus":null,"updatedByUserId":null,"updatedByUserName":null,"systemStatusText":null,"fieldName":"menuType","type":"String","referenceModel":null,"index":false,"subModel":false,"list":false,"required":false,"typeModel":null,"systemField":false,"s3URL":false,"encryptionType":0,"unique":false,"autoIncrement":false,"length":0,"dbFieldName":null,"dbOrdinalPosition":0,"dbType":null,"dbConstraintName":null,"relatedDBTableName":null,"relatedDBTableImportedIdName":null,"defaultValueType":0,"defaultValue":null,"defaultValueUserModel":null,"defaultValueRelationName":null,"defaultValueRelatedModel":null,"defaultValueField":null,"cognitiveProperties":{"entityTypes":[],"newType":false,"newTypeName":null,"subType":null,"dictionaryItem":false,"speechType":null,"mention":false,"mentionType":null,"mentionClass":null,"entityRelationships":null,"sampleQuestions":null},"implementedTypeModelId":null,"fieldLabel":null,"min":0,"max":0,"minMaxValidation":false,"wholeNumber":false,"noPastDates":false,"noFutureDates":false,"implementedTypeModel":null,"sampleData":null},{"id":"5f6b710f8f082b9cdc659d48","companyId":"5f47ce0c8f0815394ff3bd8a","createdDate":1600876815996,"updatedDate":1600876815996,"versionId":0,"referenceId":null,"systemStatus":null,"updatedByUserId":"5f47ce0e8f0815394ff3be1b","updatedByUserName":"Josh Havens","systemStatusText":null,"fieldName":"name","type":"String","referenceModel":null,"index":false,"subModel":false,"list":false,"required":false,"typeModel":null,"systemField":false,"s3URL":false,"encryptionType":0,"unique":false,"autoIncrement":false,"length":0,"dbFieldName":null,"dbOrdinalPosition":0,"dbType":null,"dbConstraintName":null,"relatedDBTableName":null,"relatedDBTableImportedIdName":null,"defaultValueType":0,"defaultValue":null,"defaultValueUserModel":null,"defaultValueRelationName":null,"defaultValueRelatedModel":null,"defaultValueField":null,"cognitiveProperties":null,"implementedTypeModelId":null,"fieldLabel":null,"min":0,"max":0,"minMaxValidation":false,"wholeNumber":false,"noPastDates":false,"noFutureDates":false,"implementedTypeModel":null,"sampleData":null},{"id":null,"companyId":null,"createdDate":0,"updatedDate":0,"versionId":0,"referenceId":null,"systemStatus":null,"updatedByUserId":null,"updatedByUserName":null,"systemStatusText":null,"fieldName":"parentMenuItemId","type":"String","referenceModel":null,"index":false,"subModel":false,"list":false,"required":false,"typeModel":null,"systemField":false,"s3URL":false,"encryptionType":0,"unique":false,"autoIncrement":false,"length":0,"dbFieldName":null,"dbOrdinalPosition":0,"dbType":null,"dbConstraintName":null,"relatedDBTableName":null,"relatedDBTableImportedIdName":null,"defaultValueType":0,"defaultValue":null,"defaultValueUserModel":null,"defaultValueRelationName":null,"defaultValueRelatedModel":null,"defaultValueField":null,"cognitiveProperties":{"entityTypes":[],"newType":false,"newTypeName":null,"subType":null,"dictionaryItem":false,"speechType":null,"mention":false,"mentionType":null,"mentionClass":null,"entityRelationships":null,"sampleQuestions":null},"implementedTypeModelId":null,"fieldLabel":null,"min":0,"max":0,"minMaxValidation":false,"wholeNumber":false,"noPastDates":false,"noFutureDates":false,"implementedTypeModel":null,"sampleData":null},{"id":null,"companyId":null,"createdDate":0,"updatedDate":0,"versionId":0,"referenceId":null,"systemStatus":null,"updatedByUserId":null,"updatedByUserName":null,"systemStatusText":null,"fieldName":"requiresPermission","type":"Boolean","referenceModel":null,"index":false,"subModel":false,"list":false,"required":false,"typeModel":null,"systemField":false,"s3URL":false,"encryptionType":0,"unique":false,"autoIncrement":false,"length":0,"dbFieldName":null,"dbOrdinalPosition":0,"dbType":null,"dbConstraintName":null,"relatedDBTableName":null,"relatedDBTableImportedIdName":null,"defaultValueType":0,"defaultValue":null,"defaultValueUserModel":null,"defaultValueRelationName":null,"defaultValueRelatedModel":null,"defaultValueField":null,"cognitiveProperties":{"entityTypes":[],"newType":false,"newTypeName":null,"subType":null,"dictionaryItem":false,"speechType":null,"mention":false,"mentionType":null,"mentionClass":null,"entityRelationships":null,"sampleQuestions":null},"implementedTypeModelId":null,"fieldLabel":null,"min":0,"max":0,"minMaxValidation":false,"wholeNumber":false,"noPastDates":false,"noFutureDates":false,"implementedTypeModel":null,"sampleData":null},{"id":null,"companyId":null,"createdDate":0,"updatedDate":0,"versionId":0,"referenceId":null,"systemStatus":null,"updatedByUserId":null,"updatedByUserName":null,"systemStatusText":null,"fieldName":"seq","type":"Number","referenceModel":null,"index":false,"subModel":false,"list":false,"required":false,"typeModel":null,"systemField":true,"s3URL":false,"encryptionType":0,"unique":false,"autoIncrement":false,"length":0,"dbFieldName":null,"dbOrdinalPosition":0,"dbType":null,"dbConstraintName":null,"relatedDBTableName":null,"relatedDBTableImportedIdName":null,"defaultValueType":0,"defaultValue":null,"defaultValueUserModel":null,"defaultValueRelationName":null,"defaultValueRelatedModel":null,"defaultValueField":null,"cognitiveProperties":null,"implementedTypeModelId":null,"fieldLabel":null,"min":0,"max":0,"minMaxValidation":false,"wholeNumber":false,"noPastDates":false,"noFutureDates":false,"implementedTypeModel":null,"sampleData":null},{"id":"645d01868f089849193155fb","companyId":"5f47ce0c8f0815394ff3bd8a","createdDate":1683816838905,"updatedDate":1683816838905,"versionId":0,"referenceId":null,"systemStatus":null,"updatedByUserId":"5f4d87898f086f27a2ab1466","updatedByUserName":"Sean Stevens","systemStatusText":null,"fieldName":"service","type":"String","referenceModel":null,"index":false,"subModel":false,"list":false,"required":false,"typeModel":null,"systemField":false,"s3URL":false,"encryptionType":0,"unique":false,"autoIncrement":false,"length":0,"dbFieldName":null,"dbOrdinalPosition":0,"dbType":null,"dbConstraintName":null,"relatedDBTableName":null,"relatedDBTableImportedIdName":null,"defaultValueType":0,"defaultValue":null,"defaultValueUserModel":null,"defaultValueRelationName":null,"defaultValueRelatedModel":null,"defaultValueField":null,"cognitiveProperties":null,"implementedTypeModelId":null,"fieldLabel":null,"min":0,"max":0,"minMaxValidation":false,"wholeNumber":false,"noPastDates":false,"noFutureDates":false,"implementedTypeModel":null,"sampleData":null},{"id":"5f4d6ee38f086f27a2ab1087","companyId":"5f47ce0c8f0815394ff3bd8a","createdDate":1598910179038,"updatedDate":1598910179038,"versionId":0,"referenceId":null,"systemStatus":null,"updatedByUserId":"5f47ce0e8f0815394ff3be1b","updatedByUserName":"Josh Havens","systemStatusText":null,"fieldName":"status","type":"String","referenceModel":null,"index":false,"subModel":false,"list":false,"required":false,"typeModel":null,"systemField":false,"s3URL":false,"encryptionType":0,"unique":false,"autoIncrement":false,"length":0,"dbFieldName":null,"dbOrdinalPosition":0,"dbType":null,"dbConstraintName":null,"relatedDBTableName":null,"relatedDBTableImportedIdName":null,"defaultValueType":0,"defaultValue":null,"defaultValueUserModel":null,"defaultValueRelationName":null,"defaultValueRelatedModel":null,"defaultValueField":null,"cognitiveProperties":null,"implementedTypeModelId":null,"fieldLabel":null,"min":0,"max":0,"minMaxValidation":false,"wholeNumber":false,"noPastDates":false,"noFutureDates":false,"implementedTypeModel":null,"sampleData":null},{"id":null,"companyId":null,"createdDate":0,"updatedDate":0,"versionId":0,"referenceId":null,"systemStatus":null,"updatedByUserId":null,"updatedByUserName":null,"systemStatusText":null,"fieldName":"sysContainerId","type":"String","referenceModel":null,"index":true,"subModel":false,"list":false,"required":false,"typeModel":null,"systemField":true,"s3URL":false,"encryptionType":0,"unique":false,"autoIncrement":false,"length":0,"dbFieldName":null,"dbOrdinalPosition":0,"dbType":null,"dbConstraintName":null,"relatedDBTableName":null,"relatedDBTableImportedIdName":null,"defaultValueType":0,"defaultValue":null,"defaultValueUserModel":null,"defaultValueRelationName":null,"defaultValueRelatedModel":null,"defaultValueField":null,"cognitiveProperties":null,"implementedTypeModelId":null,"fieldLabel":null,"min":0,"max":0,"minMaxValidation":false,"wholeNumber":false,"noPastDates":false,"noFutureDates":false,"implementedTypeModel":null,"sampleData":null},{"id":null,"companyId":null,"createdDate":0,"updatedDate":0,"versionId":0,"referenceId":null,"systemStatus":null,"updatedByUserId":null,"updatedByUserName":null,"systemStatusText":null,"fieldName":"sysFeedback","type":"SysStateTransitionFeedback","referenceModel":null,"index":false,"subModel":false,"list":false,"required":false,"typeModel":null,"systemField":true,"s3URL":false,"encryptionType":0,"unique":false,"autoIncrement":false,"length":0,"dbFieldName":null,"dbOrdinalPosition":0,"dbType":null,"dbConstraintName":null,"relatedDBTableName":null,"relatedDBTableImportedIdName":null,"defaultValueType":0,"defaultValue":null,"defaultValueUserModel":null,"defaultValueRelationName":null,"defaultValueRelatedModel":null,"defaultValueField":null,"cognitiveProperties":null,"implementedTypeModelId":null,"fieldLabel":null,"min":0,"max":0,"minMaxValidation":false,"wholeNumber":false,"noPastDates":false,"noFutureDates":false,"implementedTypeModel":null,"sampleData":null},{"id":null,"companyId":null,"createdDate":0,"updatedDate":0,"versionId":0,"referenceId":null,"systemStatus":null,"updatedByUserId":null,"updatedByUserName":null,"systemStatusText":null,"fieldName":"sysImage","type":"String","referenceModel":null,"index":false,"subModel":false,"list":false,"required":false,"typeModel":null,"systemField":true,"s3URL":false,"encryptionType":0,"unique":false,"autoIncrement":false,"length":0,"dbFieldName":null,"dbOrdinalPosition":0,"dbType":null,"dbConstraintName":null,"relatedDBTableName":null,"relatedDBTableImportedIdName":null,"defaultValueType":0,"defaultValue":null,"defaultValueUserModel":null,"defaultValueRelationName":null,"defaultValueRelatedModel":null,"defaultValueField":null,"cognitiveProperties":null,"implementedTypeModelId":null,"fieldLabel":null,"min":0,"max":0,"minMaxValidation":false,"wholeNumber":false,"noPastDates":false,"noFutureDates":false,"implementedTypeModel":null,"sampleData":null},{"id":null,"companyId":null,"createdDate":0,"updatedDate":0,"versionId":0,"referenceId":null,"systemStatus":null,"updatedByUserId":null,"updatedByUserName":null,"systemStatusText":null,"fieldName":"sysName","type":"String","referenceModel":null,"index":false,"subModel":false,"list":false,"required":false,"typeModel":null,"systemField":true,"s3URL":false,"encryptionType":0,"unique":false,"autoIncrement":false,"length":0,"dbFieldName":null,"dbOrdinalPosition":0,"dbType":null,"dbConstraintName":null,"relatedDBTableName":null,"relatedDBTableImportedIdName":null,"defaultValueType":0,"defaultValue":null,"defaultValueUserModel":null,"defaultValueRelationName":null,"defaultValueRelatedModel":null,"defaultValueField":null,"cognitiveProperties":null,"implementedTypeModelId":null,"fieldLabel":null,"min":0,"max":0,"minMaxValidation":false,"wholeNumber":false,"noPastDates":false,"noFutureDates":false,"implementedTypeModel":null,"sampleData":null},{"id":null,"companyId":null,"createdDate":0,"updatedDate":0,"versionId":0,"referenceId":null,"systemStatus":null,"updatedByUserId":null,"updatedByUserName":null,"systemStatusText":null,"fieldName":"sysOriginalId","type":"String","referenceModel":null,"index":false,"subModel":false,"list":false,"required":false,"typeModel":null,"systemField":true,"s3URL":false,"encryptionType":0,"unique":false,"autoIncrement":false,"length":0,"dbFieldName":null,"dbOrdinalPosition":0,"dbType":null,"dbConstraintName":null,"relatedDBTableName":null,"relatedDBTableImportedIdName":null,"defaultValueType":0,"defaultValue":null,"defaultValueUserModel":null,"defaultValueRelationName":null,"defaultValueRelatedModel":null,"defaultValueField":null,"cognitiveProperties":null,"implementedTypeModelId":null,"fieldLabel":null,"min":0,"max":0,"minMaxValidation":false,"wholeNumber":false,"noPastDates":false,"noFutureDates":false,"implementedTypeModel":null,"sampleData":null},{"id":null,"companyId":null,"createdDate":0,"updatedDate":0,"versionId":0,"referenceId":null,"systemStatus":null,"updatedByUserId":null,"updatedByUserName":null,"systemStatusText":null,"fieldName":"sysOwnerRecord","type":"Boolean","referenceModel":null,"index":false,"subModel":false,"list":false,"required":false,"typeModel":null,"systemField":true,"s3URL":false,"encryptionType":0,"unique":false,"autoIncrement":false,"length":0,"dbFieldName":null,"dbOrdinalPosition":0,"dbType":null,"dbConstraintName":null,"relatedDBTableName":null,"relatedDBTableImportedIdName":null,"defaultValueType":0,"defaultValue":null,"defaultValueUserModel":null,"defaultValueRelationName":null,"defaultValueRelatedModel":null,"defaultValueField":null,"cognitiveProperties":null,"implementedTypeModelId":null,"fieldLabel":null,"min":0,"max":0,"minMaxValidation":false,"wholeNumber":false,"noPastDates":false,"noFutureDates":false,"implementedTypeModel":null,"sampleData":null},{"id":null,"companyId":null,"createdDate":0,"updatedDate":0,"versionId":0,"referenceId":null,"systemStatus":null,"updatedByUserId":null,"updatedByUserName":null,"systemStatusText":null,"fieldName":"sysState","type":"String","referenceModel":null,"index":false,"subModel":false,"list":false,"required":false,"typeModel":null,"systemField":true,"s3URL":false,"encryptionType":0,"unique":false,"autoIncrement":false,"length":0,"dbFieldName":null,"dbOrdinalPosition":0,"dbType":null,"dbConstraintName":null,"relatedDBTableName":null,"relatedDBTableImportedIdName":null,"defaultValueType":0,"defaultValue":null,"defaultValueUserModel":null,"defaultValueRelationName":null,"defaultValueRelatedModel":null,"defaultValueField":null,"cognitiveProperties":null,"implementedTypeModelId":null,"fieldLabel":null,"min":0,"max":0,"minMaxValidation":false,"wholeNumber":false,"noPastDates":false,"noFutureDates":false,"implementedTypeModel":null,"sampleData":null},{"id":"6021ee6c8f08822c862685e6","companyId":"5f47ce0c8f0815394ff3bd8a","createdDate":1612836460347,"updatedDate":1612836460347,"versionId":0,"referenceId":null,"systemStatus":null,"updatedByUserId":"5f47ce0e8f0815394ff3be1b","updatedByUserName":"Josh Havens","systemStatusText":null,"fieldName":"systemStatus","type":"String","referenceModel":null,"index":false,"subModel":false,"list":false,"required":false,"typeModel":null,"systemField":false,"s3URL":false,"encryptionType":0,"unique":false,"autoIncrement":false,"length":0,"dbFieldName":null,"dbOrdinalPosition":0,"dbType":null,"dbConstraintName":null,"relatedDBTableName":null,"relatedDBTableImportedIdName":null,"defaultValueType":0,"defaultValue":null,"defaultValueUserModel":null,"defaultValueRelationName":null,"defaultValueRelatedModel":null,"defaultValueField":null,"cognitiveProperties":null,"implementedTypeModelId":null,"fieldLabel":null,"min":0,"max":0,"minMaxValidation":false,"wholeNumber":false,"noPastDates":false,"noFutureDates":false,"implementedTypeModel":null,"sampleData":null},{"id":null,"companyId":null,"createdDate":0,"updatedDate":0,"versionId":0,"referenceId":null,"systemStatus":null,"updatedByUserId":null,"updatedByUserName":null,"systemStatusText":null,"fieldName":"tempHasChildren","type":"String","referenceModel":null,"index":false,"subModel":false,"list":false,"required":false,"typeModel":null,"systemField":false,"s3URL":false,"encryptionType":0,"unique":false,"autoIncrement":false,"length":0,"dbFieldName":null,"dbOrdinalPosition":0,"dbType":null,"dbConstraintName":null,"relatedDBTableName":null,"relatedDBTableImportedIdName":null,"defaultValueType":0,"defaultValue":null,"defaultValueUserModel":null,"defaultValueRelationName":null,"defaultValueRelatedModel":null,"defaultValueField":null,"cognitiveProperties":{"entityTypes":[],"newType":false,"newTypeName":null,"subType":null,"dictionaryItem":false,"speechType":null,"mention":false,"mentionType":null,"mentionClass":null,"entityRelationships":null,"sampleQuestions":null},"implementedTypeModelId":null,"fieldLabel":null,"min":0,"max":0,"minMaxValidation":false,"wholeNumber":false,"noPastDates":false,"noFutureDates":false,"implementedTypeModel":null,"sampleData":null},{"id":"5f91b3bb8f08eee59b0a4848","companyId":"5f47ce0c8f0815394ff3bd8a","createdDate":1603384251185,"updatedDate":1603384251185,"versionId":0,"referenceId":null,"systemStatus":null,"updatedByUserId":"5f47ce0e8f0815394ff3be1b","updatedByUserName":"Josh Havens","systemStatusText":null,"fieldName":"tempList","type":"Object","referenceModel":null,"index":false,"subModel":true,"list":true,"required":false,"typeModel":null,"systemField":false,"s3URL":false,"encryptionType":0,"unique":false,"autoIncrement":false,"length":0,"dbFieldName":null,"dbOrdinalPosition":0,"dbType":null,"dbConstraintName":null,"relatedDBTableName":null,"relatedDBTableImportedIdName":null,"defaultValueType":0,"defaultValue":null,"defaultValueUserModel":null,"defaultValueRelationName":null,"defaultValueRelatedModel":null,"defaultValueField":null,"cognitiveProperties":null,"implementedTypeModelId":null,"fieldLabel":null,"min":0,"max":0,"minMaxValidation":false,"wholeNumber":false,"noPastDates":false,"noFutureDates":false,"implementedTypeModel":null,"sampleData":null},{"id":null,"companyId":null,"createdDate":0,"updatedDate":0,"versionId":0,"referenceId":null,"systemStatus":null,"updatedByUserId":null,"updatedByUserName":null,"systemStatusText":null,"fieldName":"toggleInput","type":"Boolean","referenceModel":null,"index":false,"subModel":false,"list":false,"required":false,"typeModel":null,"systemField":false,"s3URL":false,"encryptionType":0,"unique":false,"autoIncrement":false,"length":0,"dbFieldName":null,"dbOrdinalPosition":0,"dbType":null,"dbConstraintName":null,"relatedDBTableName":null,"relatedDBTableImportedIdName":null,"defaultValueType":0,"defaultValue":null,"defaultValueUserModel":null,"defaultValueRelationName":null,"defaultValueRelatedModel":null,"defaultValueField":null,"cognitiveProperties":{"entityTypes":[],"newType":false,"newTypeName":null,"subType":null,"dictionaryItem":false,"speechType":null,"mention":false,"mentionType":null,"mentionClass":null,"entityRelationships":null,"sampleQuestions":null},"implementedTypeModelId":null,"fieldLabel":null,"min":0,"max":0,"minMaxValidation":false,"wholeNumber":false,"noPastDates":false,"noFutureDates":false,"implementedTypeModel":null,"sampleData":null},{"id":"5f91b2b28f08eee59b0a4832","companyId":"5f47ce0c8f0815394ff3bd8a","createdDate":1603383986627,"updatedDate":1603383986627,"versionId":0,"referenceId":null,"systemStatus":null,"updatedByUserId":"5f47ce0e8f0815394ff3be1b","updatedByUserName":"Josh Havens","systemStatusText":null,"fieldName":"type","type":"String","referenceModel":null,"index":false,"subModel":false,"list":false,"required":false,"typeModel":null,"systemField":false,"s3URL":false,"encryptionType":0,"unique":false,"autoIncrement":false,"length":0,"dbFieldName":null,"dbOrdinalPosition":0,"dbType":null,"dbConstraintName":null,"relatedDBTableName":null,"relatedDBTableImportedIdName":null,"defaultValueType":0,"defaultValue":null,"defaultValueUserModel":null,"defaultValueRelationName":null,"defaultValueRelatedModel":null,"defaultValueField":null,"cognitiveProperties":null,"implementedTypeModelId":null,"fieldLabel":null,"min":0,"max":0,"minMaxValidation":false,"wholeNumber":false,"noPastDates":false,"noFutureDates":false,"implementedTypeModel":null,"sampleData":null},{"id":null,"companyId":null,"createdDate":0,"updatedDate":0,"versionId":0,"referenceId":null,"systemStatus":null,"updatedByUserId":null,"updatedByUserName":null,"systemStatusText":null,"fieldName":"updatedBy","type":"String","referenceModel":null,"index":false,"subModel":false,"list":false,"required":false,"typeModel":null,"systemField":true,"s3URL":false,"encryptionType":0,"unique":false,"autoIncrement":false,"length":0,"dbFieldName":null,"dbOrdinalPosition":0,"dbType":null,"dbConstraintName":null,"relatedDBTableName":null,"relatedDBTableImportedIdName":null,"defaultValueType":0,"defaultValue":null,"defaultValueUserModel":null,"defaultValueRelationName":null,"defaultValueRelatedModel":null,"defaultValueField":null,"cognitiveProperties":null,"implementedTypeModelId":null,"fieldLabel":null,"min":0,"max":0,"minMaxValidation":false,"wholeNumber":false,"noPastDates":false,"noFutureDates":false,"implementedTypeModel":null,"sampleData":null},{"id":null,"companyId":null,"createdDate":0,"updatedDate":0,"versionId":0,"referenceId":null,"systemStatus":null,"updatedByUserId":null,"updatedByUserName":null,"systemStatusText":null,"fieldName":"updatedByName","type":"String","referenceModel":null,"index":false,"subModel":false,"list":false,"required":false,"typeModel":null,"systemField":true,"s3URL":false,"encryptionType":0,"unique":false,"autoIncrement":false,"length":0,"dbFieldName":null,"dbOrdinalPosition":0,"dbType":null,"dbConstraintName":null,"relatedDBTableName":null,"relatedDBTableImportedIdName":null,"defaultValueType":0,"defaultValue":null,"defaultValueUserModel":null,"defaultValueRelationName":null,"defaultValueRelatedModel":null,"defaultValueField":null,"cognitiveProperties":null,"implementedTypeModelId":null,"fieldLabel":null,"min":0,"max":0,"minMaxValidation":false,"wholeNumber":false,"noPastDates":false,"noFutureDates":false,"implementedTypeModel":null,"sampleData":null},{"id":null,"companyId":null,"createdDate":0,"updatedDate":0,"versionId":0,"referenceId":null,"systemStatus":null,"updatedByUserId":null,"updatedByUserName":null,"systemStatusText":null,"fieldName":"updatedDate","type":"Date","referenceModel":null,"index":false,"subModel":false,"list":false,"required":false,"typeModel":null,"systemField":true,"s3URL":false,"encryptionType":0,"unique":false,"autoIncrement":false,"length":0,"dbFieldName":null,"dbOrdinalPosition":0,"dbType":null,"dbConstraintName":null,"relatedDBTableName":null,"relatedDBTableImportedIdName":null,"defaultValueType":0,"defaultValue":null,"defaultValueUserModel":null,"defaultValueRelationName":null,"defaultValueRelatedModel":null,"defaultValueField":null,"cognitiveProperties":null,"implementedTypeModelId":null,"fieldLabel":null,"min":0,"max":0,"minMaxValidation":false,"wholeNumber":false,"noPastDates":false,"noFutureDates":false,"implementedTypeModel":null,"sampleData":null},{"id":"5f62697a8f082b9cdc6590e1","companyId":"5f47ce0c8f0815394ff3bd8a","createdDate":1600285050063,"updatedDate":1600285050063,"versionId":0,"referenceId":null,"systemStatus":null,"updatedByUserId":"5f47ce0e8f0815394ff3be1b","updatedByUserName":"Josh Havens","systemStatusText":null,"fieldName":"userId","type":"String","referenceModel":null,"index":false,"subModel":false,"list":false,"required":false,"typeModel":null,"systemField":false,"s3URL":false,"encryptionType":0,"unique":false,"autoIncrement":false,"length":0,"dbFieldName":null,"dbOrdinalPosition":0,"dbType":null,"dbConstraintName":null,"relatedDBTableName":null,"relatedDBTableImportedIdName":null,"defaultValueType":0,"defaultValue":null,"defaultValueUserModel":null,"defaultValueRelationName":null,"defaultValueRelatedModel":null,"defaultValueField":null,"cognitiveProperties":null,"implementedTypeModelId":null,"fieldLabel":null,"min":0,"max":0,"minMaxValidation":false,"wholeNumber":false,"noPastDates":false,"noFutureDates":false,"implementedTypeModel":null,"sampleData":null},{"id":"5f7cc5758f0840cd96e3a91c","companyId":"5f47ce0c8f0815394ff3bd8a","createdDate":1602012533497,"updatedDate":1602012533497,"versionId":0,"referenceId":null,"systemStatus":null,"updatedByUserId":"5f47ce0e8f0815394ff3be1b","updatedByUserName":"Josh Havens","systemStatusText":null,"fieldName":"wfId","type":"String","referenceModel":null,"index":false,"subModel":false,"list":false,"required":false,"typeModel":null,"systemField":false,"s3URL":false,"encryptionType":0,"unique":false,"autoIncrement":false,"length":0,"dbFieldName":null,"dbOrdinalPosition":0,"dbType":null,"dbConstraintName":null,"relatedDBTableName":null,"relatedDBTableImportedIdName":null,"defaultValueType":0,"defaultValue":null,"defaultValueUserModel":null,"defaultValueRelationName":null,"defaultValueRelatedModel":null,"defaultValueField":null,"cognitiveProperties":null,"implementedTypeModelId":null,"fieldLabel":null,"min":0,"max":0,"minMaxValidation":false,"wholeNumber":false,"noPastDates":false,"noFutureDates":false,"implementedTypeModel":null,"sampleData":null},{"id":null,"companyId":null,"createdDate":0,"updatedDate":0,"versionId":0,"referenceId":null,"systemStatus":null,"updatedByUserId":null,"updatedByUserName":null,"systemStatusText":null,"fieldName":"wfIdAlt","type":"String","referenceModel":null,"index":false,"subModel":false,"list":false,"required":false,"typeModel":null,"systemField":false,"s3URL":false,"encryptionType":0,"unique":false,"autoIncrement":false,"length":0,"dbFieldName":null,"dbOrdinalPosition":0,"dbType":null,"dbConstraintName":null,"relatedDBTableName":null,"relatedDBTableImportedIdName":null,"defaultValueType":0,"defaultValue":null,"defaultValueUserModel":null,"defaultValueRelationName":null,"defaultValueRelatedModel":null,"defaultValueField":null,"cognitiveProperties":{"entityTypes":[],"newType":false,"newTypeName":null,"subType":null,"dictionaryItem":false,"speechType":null,"mention":false,"mentionType":null,"mentionClass":null,"entityRelationships":null,"sampleQuestions":null},"implementedTypeModelId":null,"fieldLabel":null,"min":0,"max":0,"minMaxValidation":false,"wholeNumber":false,"noPastDates":false,"noFutureDates":false,"implementedTypeModel":null,"sampleData":null},{"id":null,"companyId":null,"createdDate":0,"updatedDate":0,"versionId":0,"referenceId":null,"systemStatus":null,"updatedByUserId":null,"updatedByUserName":null,"systemStatusText":null,"fieldName":"_id","type":"String","referenceModel":null,"index":false,"subModel":false,"list":false,"required":false,"typeModel":null,"systemField":true,"s3URL":false,"encryptionType":0,"unique":false,"autoIncrement":false,"length":0,"dbFieldName":null,"dbOrdinalPosition":0,"dbType":null,"dbConstraintName":null,"relatedDBTableName":null,"relatedDBTableImportedIdName":null,"defaultValueType":0,"defaultValue":null,"defaultValueUserModel":null,"defaultValueRelationName":null,"defaultValueRelatedModel":null,"defaultValueField":null,"cognitiveProperties":null,"implementedTypeModelId":null,"fieldLabel":null,"min":0,"max":0,"minMaxValidation":false,"wholeNumber":false,"noPastDates":false,"noFutureDates":false,"implementedTypeModel":null,"sampleData":null}],"indexes":[{"indexName":"newIntegration","fieldNames":["enabled","menuType"],"orderedDBColumnNames":null,"type":"simple"},{"indexName":"parent_role","fieldNames":["loggedInUserRole","parentMenuItemId"],"orderedDBColumnNames":null,"type":"simple"},{"indexName":"get_rolepreset","fieldNames":["enabled","parentMenuItemId","requiresPermission"],"orderedDBColumnNames":null,"type":"simple"},{"indexName":"menu_search","fieldNames":["enabled","loggedInUserRole","menuContext","menuType"],"orderedDBColumnNames":null,"type":"simple"},{"indexName":"notifications","fieldNames":["enabled","name","parentMenuItemId","requiresPermission"],"orderedDBColumnNames":null,"type":"simple"},{"indexName":"simple_syscontainerid_idx","fieldNames":["sysContainerId"],"orderedDBColumnNames":null,"type":"simple"},{"indexName":"_id","fieldNames":["_id"],"orderedDBColumnNames":null,"type":"simple"},{"indexName":"userId","fieldNames":["userId"],"orderedDBColumnNames":null,"type":"simple"},{"indexName":"menu_type","fieldNames":["menuContext","menuType"],"orderedDBColumnNames":null,"type":"simple"},{"indexName":"get_menu_permissions","fieldNames":["parentMenuItemId","requiresPermission"],"orderedDBColumnNames":null,"type":"simple"},{"indexName":"usermenupermissions","fieldNames":["enabled","name","parentMenuItemId","requiresPermission"],"orderedDBColumnNames":null,"type":"simple"},{"indexName":"permissions_menu","fieldNames":["parentMenuItemId"],"orderedDBColumnNames":null,"type":"simple"}],"objectLifeCycle":null,"relationShips":null,"type":"Default","hidden":false,"userType":false,"containerRestricted":true,"containerField":"sysContainerId","openCreate":false,"openRead":true,"encryptionEnabled":false,"encryptedFields":null,"dbTableName":null,"dbSchemaName":null,"imageField":null,"imageValue":null,"nameFields":null,"mainAreaComponentId":null,"workAreaComponentId":null,"commentComponentId":null,"defaultRoleId":null,"mySqlModel":false,"softDelete":true,"auditCreate":true,"auditRead":false,"auditUpdate":true,"auditDelete":true,"analytics":false,"analyticsStateField":null,"analyticsProperties":null,"cognitiveProperties":null,"appData":true,"enableTranslation":true,"fieldTypes":{},"fieldsByFeature":{},"reverseRelationShips":null,"reverseRelationShipMap":null,"view360CCId":null,"view360ListCCId":null,"view360bgColor":null,"relationshipViewImage":null,"relationshipViewClickVLC":null,"userModel":false,"description":null,"multiTenantAware":false,"ownerFieldName":"_id","tenantFieldName":"sysOriginalId","features":null,"dataManagerId":null}]