[{"id":"60ba525a8f086700a0a8c123","companyId":"5f47ce0c8f0815394ff3bd8a","createdDate":1622823514603,"updatedDate":1721316728920,"versionId":0,"referenceId":null,"systemStatus":null,"updatedByUserId":"5f47ce0e8f0815394ff3be1b","updatedByUserName":"Josh Havens","systemStatusText":null,"userTypes":[],"requirementIds":[],"name":"Branch_Categories","sourceReferenceId":null,"sourceReferenceAppId":null,"lockedByUserId":null,"lockedByUserName":null,"publicArtifact":false,"enableOffline":false,"locked":false,"canUnlock":false,"publishComment":null,"importantPublish":false,"sysModel":false,"subDomainModel":false,"transientModel":false,"bpmManagedModel":false,"listModel":false,"label":null,"bpmFieldNames":null,"appId":["5f47f6158f0814ff0a917552"],"fields":[{"id":"5f4d6dd38f086f27a2ab1077","companyId":"5f47ce0c8f0815394ff3bd8a","createdDate":1598909907440,"updatedDate":1598909907440,"versionId":0,"referenceId":null,"systemStatus":null,"updatedByUserId":"5f47ce0e8f0815394ff3be1b","updatedByUserName":"Josh Havens","systemStatusText":null,"fieldName":"branchId","type":"String","referenceModel":null,"index":false,"subModel":false,"list":false,"required":false,"typeModel":null,"systemField":false,"s3URL":false,"encryptionType":0,"unique":false,"autoIncrement":false,"length":0,"dbFieldName":null,"dbOrdinalPosition":0,"dbType":null,"dbConstraintName":null,"relatedDBTableName":null,"relatedDBTableImportedIdName":null,"defaultValueType":0,"defaultValue":null,"defaultValueUserModel":null,"defaultValueRelationName":null,"defaultValueRelatedModel":null,"defaultValueField":null,"cognitiveProperties":null,"implementedTypeModelId":null,"fieldLabel":null,"min":0,"max":0,"minMaxValidation":false,"wholeNumber":false,"noPastDates":false,"noFutureDates":false,"implementedTypeModel":null,"sampleData":null},{"id":null,"companyId":null,"createdDate":0,"updatedDate":0,"versionId":0,"referenceId":null,"systemStatus":null,"updatedByUserId":null,"updatedByUserName":null,"systemStatusText":null,"fieldName":"createdBy","type":"String","referenceModel":null,"index":false,"subModel":false,"list":false,"required":false,"typeModel":null,"systemField":true,"s3URL":false,"encryptionType":0,"unique":false,"autoIncrement":false,"length":0,"dbFieldName":null,"dbOrdinalPosition":0,"dbType":null,"dbConstraintName":null,"relatedDBTableName":null,"relatedDBTableImportedIdName":null,"defaultValueType":0,"defaultValue":null,"defaultValueUserModel":null,"defaultValueRelationName":null,"defaultValueRelatedModel":null,"defaultValueField":null,"cognitiveProperties":null,"implementedTypeModelId":null,"fieldLabel":null,"min":0,"max":0,"minMaxValidation":false,"wholeNumber":false,"noPastDates":false,"noFutureDates":false,"implementedTypeModel":null,"sampleData":null},{"id":null,"companyId":null,"createdDate":0,"updatedDate":0,"versionId":0,"referenceId":null,"systemStatus":null,"updatedByUserId":null,"updatedByUserName":null,"systemStatusText":null,"fieldName":"createdByName","type":"String","referenceModel":null,"index":false,"subModel":false,"list":false,"required":false,"typeModel":null,"systemField":true,"s3URL":false,"encryptionType":0,"unique":false,"autoIncrement":false,"length":0,"dbFieldName":null,"dbOrdinalPosition":0,"dbType":null,"dbConstraintName":null,"relatedDBTableName":null,"relatedDBTableImportedIdName":null,"defaultValueType":0,"defaultValue":null,"defaultValueUserModel":null,"defaultValueRelationName":null,"defaultValueRelatedModel":null,"defaultValueField":null,"cognitiveProperties":null,"implementedTypeModelId":null,"fieldLabel":null,"min":0,"max":0,"minMaxValidation":false,"wholeNumber":false,"noPastDates":false,"noFutureDates":false,"implementedTypeModel":null,"sampleData":null},{"id":null,"companyId":null,"createdDate":0,"updatedDate":0,"versionId":0,"referenceId":null,"systemStatus":null,"updatedByUserId":null,"updatedByUserName":null,"systemStatusText":null,"fieldName":"createdDate","type":"Date","referenceModel":null,"index":false,"subModel":false,"list":false,"required":false,"typeModel":null,"systemField":true,"s3URL":false,"encryptionType":0,"unique":false,"autoIncrement":false,"length":0,"dbFieldName":null,"dbOrdinalPosition":0,"dbType":null,"dbConstraintName":null,"relatedDBTableName":null,"relatedDBTableImportedIdName":null,"defaultValueType":0,"defaultValue":null,"defaultValueUserModel":null,"defaultValueRelationName":null,"defaultValueRelatedModel":null,"defaultValueField":null,"cognitiveProperties":null,"implementedTypeModelId":null,"fieldLabel":null,"min":0,"max":0,"minMaxValidation":false,"wholeNumber":false,"noPastDates":false,"noFutureDates":false,"implementedTypeModel":null,"sampleData":null},{"id":null,"companyId":null,"createdDate":0,"updatedDate":0,"versionId":0,"referenceId":null,"systemStatus":null,"updatedByUserId":null,"updatedByUserName":null,"systemStatusText":null,"fieldName":"enabled","type":"Boolean","referenceModel":null,"index":false,"subModel":false,"list":false,"required":false,"typeModel":null,"systemField":false,"s3URL":false,"encryptionType":0,"unique":false,"autoIncrement":false,"length":0,"dbFieldName":null,"dbOrdinalPosition":0,"dbType":null,"dbConstraintName":null,"relatedDBTableName":null,"relatedDBTableImportedIdName":null,"defaultValueType":0,"defaultValue":null,"defaultValueUserModel":null,"defaultValueRelationName":null,"defaultValueRelatedModel":null,"defaultValueField":null,"cognitiveProperties":{"entityTypes":[],"newType":false,"newTypeName":null,"subType":null,"dictionaryItem":false,"speechType":null,"mention":false,"mentionType":null,"mentionClass":null,"entityRelationships":null,"sampleQuestions":null},"implementedTypeModelId":null,"fieldLabel":null,"min":0,"max":0,"minMaxValidation":false,"wholeNumber":false,"noPastDates":false,"noFutureDates":false,"implementedTypeModel":null,"sampleData":null},{"id":"5f6b710f8f082b9cdc659d48","companyId":"5f47ce0c8f0815394ff3bd8a","createdDate":1600876815996,"updatedDate":1600876815996,"versionId":0,"referenceId":null,"systemStatus":null,"updatedByUserId":"5f47ce0e8f0815394ff3be1b","updatedByUserName":"Josh Havens","systemStatusText":null,"fieldName":"name","type":"String","referenceModel":null,"index":false,"subModel":false,"list":false,"required":false,"typeModel":null,"systemField":false,"s3URL":false,"encryptionType":0,"unique":false,"autoIncrement":false,"length":0,"dbFieldName":null,"dbOrdinalPosition":0,"dbType":null,"dbConstraintName":null,"relatedDBTableName":null,"relatedDBTableImportedIdName":null,"defaultValueType":0,"defaultValue":null,"defaultValueUserModel":null,"defaultValueRelationName":null,"defaultValueRelatedModel":null,"defaultValueField":null,"cognitiveProperties":null,"implementedTypeModelId":null,"fieldLabel":null,"min":0,"max":0,"minMaxValidation":false,"wholeNumber":false,"noPastDates":false,"noFutureDates":false,"implementedTypeModel":null,"sampleData":null},{"id":"607467788f08c245e75c57ce","companyId":"5f47ce0c8f0815394ff3bd8a","createdDate":1618241400120,"updatedDate":1618241400120,"versionId":0,"referenceId":null,"systemStatus":null,"updatedByUserId":"5f47ce0e8f0815394ff3be1b","updatedByUserName":"Josh Havens","systemStatusText":null,"fieldName":"parentId","type":"String","referenceModel":null,"index":false,"subModel":false,"list":false,"required":false,"typeModel":null,"systemField":false,"s3URL":false,"encryptionType":0,"unique":false,"autoIncrement":false,"length":0,"dbFieldName":null,"dbOrdinalPosition":0,"dbType":null,"dbConstraintName":null,"relatedDBTableName":null,"relatedDBTableImportedIdName":null,"defaultValueType":0,"defaultValue":null,"defaultValueUserModel":null,"defaultValueRelationName":null,"defaultValueRelatedModel":null,"defaultValueField":null,"cognitiveProperties":null,"implementedTypeModelId":null,"fieldLabel":null,"min":0,"max":0,"minMaxValidation":false,"wholeNumber":false,"noPastDates":false,"noFutureDates":false,"implementedTypeModel":null,"sampleData":null},{"id":"5f7dea2c8f0840cd96e3ac07","companyId":"5f47ce0c8f0815394ff3bd8a","createdDate":1602087468878,"updatedDate":1602087468878,"versionId":0,"referenceId":null,"systemStatus":null,"updatedByUserId":"5f47ce0e8f0815394ff3be1b","updatedByUserName":"Josh Havens","systemStatusText":null,"fieldName":"sequence","type":"Number","referenceModel":null,"index":false,"subModel":false,"list":false,"required":false,"typeModel":null,"systemField":false,"s3URL":false,"encryptionType":0,"unique":false,"autoIncrement":false,"length":0,"dbFieldName":null,"dbOrdinalPosition":0,"dbType":null,"dbConstraintName":null,"relatedDBTableName":null,"relatedDBTableImportedIdName":null,"defaultValueType":0,"defaultValue":null,"defaultValueUserModel":null,"defaultValueRelationName":null,"defaultValueRelatedModel":null,"defaultValueField":null,"cognitiveProperties":null,"implementedTypeModelId":null,"fieldLabel":null,"min":0,"max":0,"minMaxValidation":false,"wholeNumber":false,"noPastDates":false,"noFutureDates":false,"implementedTypeModel":null,"sampleData":null},{"id":"5f4d6ee38f086f27a2ab1087","companyId":"5f47ce0c8f0815394ff3bd8a","createdDate":1598910179038,"updatedDate":1598910179038,"versionId":0,"referenceId":null,"systemStatus":null,"updatedByUserId":"5f47ce0e8f0815394ff3be1b","updatedByUserName":"Josh Havens","systemStatusText":null,"fieldName":"status","type":"String","referenceModel":null,"index":false,"subModel":false,"list":false,"required":false,"typeModel":null,"systemField":false,"s3URL":false,"encryptionType":0,"unique":false,"autoIncrement":false,"length":0,"dbFieldName":null,"dbOrdinalPosition":0,"dbType":null,"dbConstraintName":null,"relatedDBTableName":null,"relatedDBTableImportedIdName":null,"defaultValueType":0,"defaultValue":null,"defaultValueUserModel":null,"defaultValueRelationName":null,"defaultValueRelatedModel":null,"defaultValueField":null,"cognitiveProperties":null,"implementedTypeModelId":null,"fieldLabel":null,"min":0,"max":0,"minMaxValidation":false,"wholeNumber":false,"noPastDates":false,"noFutureDates":false,"implementedTypeModel":null,"sampleData":null},{"id":null,"companyId":null,"createdDate":0,"updatedDate":0,"versionId":0,"referenceId":null,"systemStatus":null,"updatedByUserId":null,"updatedByUserName":null,"systemStatusText":null,"fieldName":"sysContainerId","type":"String","referenceModel":null,"index":true,"subModel":false,"list":false,"required":false,"typeModel":null,"systemField":true,"s3URL":false,"encryptionType":0,"unique":false,"autoIncrement":false,"length":0,"dbFieldName":null,"dbOrdinalPosition":0,"dbType":null,"dbConstraintName":null,"relatedDBTableName":null,"relatedDBTableImportedIdName":null,"defaultValueType":0,"defaultValue":null,"defaultValueUserModel":null,"defaultValueRelationName":null,"defaultValueRelatedModel":null,"defaultValueField":null,"cognitiveProperties":null,"implementedTypeModelId":null,"fieldLabel":null,"min":0,"max":0,"minMaxValidation":false,"wholeNumber":false,"noPastDates":false,"noFutureDates":false,"implementedTypeModel":null,"sampleData":null},{"id":null,"companyId":null,"createdDate":0,"updatedDate":0,"versionId":0,"referenceId":null,"systemStatus":null,"updatedByUserId":null,"updatedByUserName":null,"systemStatusText":null,"fieldName":"sysFeedback","type":"SysStateTransitionFeedback","referenceModel":null,"index":false,"subModel":false,"list":false,"required":false,"typeModel":null,"systemField":true,"s3URL":false,"encryptionType":0,"unique":false,"autoIncrement":false,"length":0,"dbFieldName":null,"dbOrdinalPosition":0,"dbType":null,"dbConstraintName":null,"relatedDBTableName":null,"relatedDBTableImportedIdName":null,"defaultValueType":0,"defaultValue":null,"defaultValueUserModel":null,"defaultValueRelationName":null,"defaultValueRelatedModel":null,"defaultValueField":null,"cognitiveProperties":null,"implementedTypeModelId":null,"fieldLabel":null,"min":0,"max":0,"minMaxValidation":false,"wholeNumber":false,"noPastDates":false,"noFutureDates":false,"implementedTypeModel":null,"sampleData":null},{"id":null,"companyId":null,"createdDate":0,"updatedDate":0,"versionId":0,"referenceId":null,"systemStatus":null,"updatedByUserId":null,"updatedByUserName":null,"systemStatusText":null,"fieldName":"sysImage","type":"String","referenceModel":null,"index":false,"subModel":false,"list":false,"required":false,"typeModel":null,"systemField":true,"s3URL":false,"encryptionType":0,"unique":false,"autoIncrement":false,"length":0,"dbFieldName":null,"dbOrdinalPosition":0,"dbType":null,"dbConstraintName":null,"relatedDBTableName":null,"relatedDBTableImportedIdName":null,"defaultValueType":0,"defaultValue":null,"defaultValueUserModel":null,"defaultValueRelationName":null,"defaultValueRelatedModel":null,"defaultValueField":null,"cognitiveProperties":null,"implementedTypeModelId":null,"fieldLabel":null,"min":0,"max":0,"minMaxValidation":false,"wholeNumber":false,"noPastDates":false,"noFutureDates":false,"implementedTypeModel":null,"sampleData":null},{"id":null,"companyId":null,"createdDate":0,"updatedDate":0,"versionId":0,"referenceId":null,"systemStatus":null,"updatedByUserId":null,"updatedByUserName":null,"systemStatusText":null,"fieldName":"sysName","type":"String","referenceModel":null,"index":false,"subModel":false,"list":false,"required":false,"typeModel":null,"systemField":true,"s3URL":false,"encryptionType":0,"unique":false,"autoIncrement":false,"length":0,"dbFieldName":null,"dbOrdinalPosition":0,"dbType":null,"dbConstraintName":null,"relatedDBTableName":null,"relatedDBTableImportedIdName":null,"defaultValueType":0,"defaultValue":null,"defaultValueUserModel":null,"defaultValueRelationName":null,"defaultValueRelatedModel":null,"defaultValueField":null,"cognitiveProperties":null,"implementedTypeModelId":null,"fieldLabel":null,"min":0,"max":0,"minMaxValidation":false,"wholeNumber":false,"noPastDates":false,"noFutureDates":false,"implementedTypeModel":null,"sampleData":null},{"id":null,"companyId":null,"createdDate":0,"updatedDate":0,"versionId":0,"referenceId":null,"systemStatus":null,"updatedByUserId":null,"updatedByUserName":null,"systemStatusText":null,"fieldName":"sysOriginalId","type":"String","referenceModel":null,"index":false,"subModel":false,"list":false,"required":false,"typeModel":null,"systemField":true,"s3URL":false,"encryptionType":0,"unique":false,"autoIncrement":false,"length":0,"dbFieldName":null,"dbOrdinalPosition":0,"dbType":null,"dbConstraintName":null,"relatedDBTableName":null,"relatedDBTableImportedIdName":null,"defaultValueType":0,"defaultValue":null,"defaultValueUserModel":null,"defaultValueRelationName":null,"defaultValueRelatedModel":null,"defaultValueField":null,"cognitiveProperties":null,"implementedTypeModelId":null,"fieldLabel":null,"min":0,"max":0,"minMaxValidation":false,"wholeNumber":false,"noPastDates":false,"noFutureDates":false,"implementedTypeModel":null,"sampleData":null},{"id":null,"companyId":null,"createdDate":0,"updatedDate":0,"versionId":0,"referenceId":null,"systemStatus":null,"updatedByUserId":null,"updatedByUserName":null,"systemStatusText":null,"fieldName":"sysOwnerRecord","type":"Boolean","referenceModel":null,"index":false,"subModel":false,"list":false,"required":false,"typeModel":null,"systemField":true,"s3URL":false,"encryptionType":0,"unique":false,"autoIncrement":false,"length":0,"dbFieldName":null,"dbOrdinalPosition":0,"dbType":null,"dbConstraintName":null,"relatedDBTableName":null,"relatedDBTableImportedIdName":null,"defaultValueType":0,"defaultValue":null,"defaultValueUserModel":null,"defaultValueRelationName":null,"defaultValueRelatedModel":null,"defaultValueField":null,"cognitiveProperties":null,"implementedTypeModelId":null,"fieldLabel":null,"min":0,"max":0,"minMaxValidation":false,"wholeNumber":false,"noPastDates":false,"noFutureDates":false,"implementedTypeModel":null,"sampleData":null},{"id":null,"companyId":null,"createdDate":0,"updatedDate":0,"versionId":0,"referenceId":null,"systemStatus":null,"updatedByUserId":null,"updatedByUserName":null,"systemStatusText":null,"fieldName":"sysState","type":"String","referenceModel":null,"index":false,"subModel":false,"list":false,"required":false,"typeModel":null,"systemField":true,"s3URL":false,"encryptionType":0,"unique":false,"autoIncrement":false,"length":0,"dbFieldName":null,"dbOrdinalPosition":0,"dbType":null,"dbConstraintName":null,"relatedDBTableName":null,"relatedDBTableImportedIdName":null,"defaultValueType":0,"defaultValue":null,"defaultValueUserModel":null,"defaultValueRelationName":null,"defaultValueRelatedModel":null,"defaultValueField":null,"cognitiveProperties":null,"implementedTypeModelId":null,"fieldLabel":null,"min":0,"max":0,"minMaxValidation":false,"wholeNumber":false,"noPastDates":false,"noFutureDates":false,"implementedTypeModel":null,"sampleData":null},{"id":"5f91b3bb8f08eee59b0a4848","companyId":"5f47ce0c8f0815394ff3bd8a","createdDate":1603384251185,"updatedDate":1603384251185,"versionId":0,"referenceId":null,"systemStatus":null,"updatedByUserId":"5f47ce0e8f0815394ff3be1b","updatedByUserName":"Josh Havens","systemStatusText":null,"fieldName":"tempList","type":"Object","referenceModel":null,"index":false,"subModel":true,"list":true,"required":false,"typeModel":null,"systemField":false,"s3URL":false,"encryptionType":0,"unique":false,"autoIncrement":false,"length":0,"dbFieldName":null,"dbOrdinalPosition":0,"dbType":null,"dbConstraintName":null,"relatedDBTableName":null,"relatedDBTableImportedIdName":null,"defaultValueType":0,"defaultValue":null,"defaultValueUserModel":null,"defaultValueRelationName":null,"defaultValueRelatedModel":null,"defaultValueField":null,"cognitiveProperties":null,"implementedTypeModelId":null,"fieldLabel":null,"min":0,"max":0,"minMaxValidation":false,"wholeNumber":false,"noPastDates":false,"noFutureDates":false,"implementedTypeModel":null,"sampleData":null},{"id":"5f91b2b28f08eee59b0a4832","companyId":"5f47ce0c8f0815394ff3bd8a","createdDate":1603383986627,"updatedDate":1603383986627,"versionId":0,"referenceId":null,"systemStatus":null,"updatedByUserId":"5f47ce0e8f0815394ff3be1b","updatedByUserName":"Josh Havens","systemStatusText":null,"fieldName":"type","type":"String","referenceModel":null,"index":false,"subModel":false,"list":false,"required":false,"typeModel":null,"systemField":false,"s3URL":false,"encryptionType":0,"unique":false,"autoIncrement":false,"length":0,"dbFieldName":null,"dbOrdinalPosition":0,"dbType":null,"dbConstraintName":null,"relatedDBTableName":null,"relatedDBTableImportedIdName":null,"defaultValueType":0,"defaultValue":null,"defaultValueUserModel":null,"defaultValueRelationName":null,"defaultValueRelatedModel":null,"defaultValueField":null,"cognitiveProperties":null,"implementedTypeModelId":null,"fieldLabel":null,"min":0,"max":0,"minMaxValidation":false,"wholeNumber":false,"noPastDates":false,"noFutureDates":false,"implementedTypeModel":null,"sampleData":null},{"id":null,"companyId":null,"createdDate":0,"updatedDate":0,"versionId":0,"referenceId":null,"systemStatus":null,"updatedByUserId":null,"updatedByUserName":null,"systemStatusText":null,"fieldName":"updatedBy","type":"String","referenceModel":null,"index":false,"subModel":false,"list":false,"required":false,"typeModel":null,"systemField":true,"s3URL":false,"encryptionType":0,"unique":false,"autoIncrement":false,"length":0,"dbFieldName":null,"dbOrdinalPosition":0,"dbType":null,"dbConstraintName":null,"relatedDBTableName":null,"relatedDBTableImportedIdName":null,"defaultValueType":0,"defaultValue":null,"defaultValueUserModel":null,"defaultValueRelationName":null,"defaultValueRelatedModel":null,"defaultValueField":null,"cognitiveProperties":null,"implementedTypeModelId":null,"fieldLabel":null,"min":0,"max":0,"minMaxValidation":false,"wholeNumber":false,"noPastDates":false,"noFutureDates":false,"implementedTypeModel":null,"sampleData":null},{"id":null,"companyId":null,"createdDate":0,"updatedDate":0,"versionId":0,"referenceId":null,"systemStatus":null,"updatedByUserId":null,"updatedByUserName":null,"systemStatusText":null,"fieldName":"updatedByName","type":"String","referenceModel":null,"index":false,"subModel":false,"list":false,"required":false,"typeModel":null,"systemField":true,"s3URL":false,"encryptionType":0,"unique":false,"autoIncrement":false,"length":0,"dbFieldName":null,"dbOrdinalPosition":0,"dbType":null,"dbConstraintName":null,"relatedDBTableName":null,"relatedDBTableImportedIdName":null,"defaultValueType":0,"defaultValue":null,"defaultValueUserModel":null,"defaultValueRelationName":null,"defaultValueRelatedModel":null,"defaultValueField":null,"cognitiveProperties":null,"implementedTypeModelId":null,"fieldLabel":null,"min":0,"max":0,"minMaxValidation":false,"wholeNumber":false,"noPastDates":false,"noFutureDates":false,"implementedTypeModel":null,"sampleData":null},{"id":null,"companyId":null,"createdDate":0,"updatedDate":0,"versionId":0,"referenceId":null,"systemStatus":null,"updatedByUserId":null,"updatedByUserName":null,"systemStatusText":null,"fieldName":"updatedDate","type":"Date","referenceModel":null,"index":false,"subModel":false,"list":false,"required":false,"typeModel":null,"systemField":true,"s3URL":false,"encryptionType":0,"unique":false,"autoIncrement":false,"length":0,"dbFieldName":null,"dbOrdinalPosition":0,"dbType":null,"dbConstraintName":null,"relatedDBTableName":null,"relatedDBTableImportedIdName":null,"defaultValueType":0,"defaultValue":null,"defaultValueUserModel":null,"defaultValueRelationName":null,"defaultValueRelatedModel":null,"defaultValueField":null,"cognitiveProperties":null,"implementedTypeModelId":null,"fieldLabel":null,"min":0,"max":0,"minMaxValidation":false,"wholeNumber":false,"noPastDates":false,"noFutureDates":false,"implementedTypeModel":null,"sampleData":null},{"id":null,"companyId":null,"createdDate":0,"updatedDate":0,"versionId":0,"referenceId":null,"systemStatus":null,"updatedByUserId":null,"updatedByUserName":null,"systemStatusText":null,"fieldName":"_id","type":"String","referenceModel":null,"index":false,"subModel":false,"list":false,"required":false,"typeModel":null,"systemField":true,"s3URL":false,"encryptionType":0,"unique":false,"autoIncrement":false,"length":0,"dbFieldName":null,"dbOrdinalPosition":0,"dbType":null,"dbConstraintName":null,"relatedDBTableName":null,"relatedDBTableImportedIdName":null,"defaultValueType":0,"defaultValue":null,"defaultValueUserModel":null,"defaultValueRelationName":null,"defaultValueRelatedModel":null,"defaultValueField":null,"cognitiveProperties":null,"implementedTypeModelId":null,"fieldLabel":null,"min":0,"max":0,"minMaxValidation":false,"wholeNumber":false,"noPastDates":false,"noFutureDates":false,"implementedTypeModel":null,"sampleData":null}],"indexes":[{"indexName":"parentId","fieldNames":["parentId"],"orderedDBColumnNames":null,"type":"simple"},{"indexName":"delete_category","fieldNames":["branchId","_id"],"orderedDBColumnNames":null,"type":"simple"},{"indexName":"name","fieldNames":["name"],"orderedDBColumnNames":null,"type":"simple"},{"indexName":"type","fieldNames":["type"],"orderedDBColumnNames":null,"type":"simple"},{"indexName":"get_category_parent","fieldNames":["branchId","parentId"],"orderedDBColumnNames":null,"type":"simple"},{"indexName":"simple_syscontainerid_idx","fieldNames":["sysContainerId"],"orderedDBColumnNames":null,"type":"simple"},{"indexName":"branchId","fieldNames":["branchId"],"orderedDBColumnNames":null,"type":"simple"},{"indexName":"get_category","fieldNames":["branchId","type"],"orderedDBColumnNames":null,"type":"simple"}],"objectLifeCycle":null,"relationShips":[{"id":null,"companyId":null,"createdDate":0,"updatedDate":0,"versionId":0,"referenceId":null,"systemStatus":null,"updatedByUserId":null,"updatedByUserName":null,"systemStatusText":null,"name":"usedByCourse","dataModel":"Course","reverseRelationName":"hasCategory","biDirectional":true,"oneToMany":true,"seq":1,"is360Relationship":true,"properties":null,"owner":true,"oneToManyByOtherSideRelationShip":false},{"id":null,"companyId":null,"createdDate":0,"updatedDate":0,"versionId":0,"referenceId":null,"systemStatus":null,"updatedByUserId":null,"updatedByUserName":null,"systemStatusText":null,"name":"usedByHomepage","dataModel":"Branch_Homepage","reverseRelationName":"usesCategory","biDirectional":true,"oneToMany":true,"seq":0,"is360Relationship":false,"properties":null,"owner":true,"oneToManyByOtherSideRelationShip":false},{"id":null,"companyId":null,"createdDate":0,"updatedDate":0,"versionId":0,"referenceId":null,"systemStatus":null,"updatedByUserId":null,"updatedByUserName":null,"systemStatusText":null,"name":"usedByInventory","dataModel":"Store_Inventory","reverseRelationName":"hasCategory","biDirectional":true,"oneToMany":true,"seq":0,"is360Relationship":false,"properties":null,"owner":true,"oneToManyByOtherSideRelationShip":false},{"id":null,"companyId":null,"createdDate":0,"updatedDate":0,"versionId":0,"referenceId":null,"systemStatus":null,"updatedByUserId":null,"updatedByUserName":null,"systemStatusText":null,"name":"usedByUserTag","dataModel":"Branch_UserTags","reverseRelationName":"hasCategory","biDirectional":true,"oneToMany":true,"seq":0,"is360Relationship":false,"properties":null,"owner":true,"oneToManyByOtherSideRelationShip":false}],"type":"Default","hidden":false,"userType":false,"containerRestricted":true,"containerField":"sysContainerId","openCreate":false,"openRead":true,"encryptionEnabled":false,"encryptedFields":null,"dbTableName":null,"dbSchemaName":null,"imageField":null,"imageValue":null,"nameFields":null,"mainAreaComponentId":null,"workAreaComponentId":null,"commentComponentId":null,"defaultRoleId":null,"mySqlModel":false,"softDelete":true,"auditCreate":true,"auditRead":false,"auditUpdate":true,"auditDelete":true,"analytics":false,"analyticsStateField":null,"analyticsProperties":null,"cognitiveProperties":null,"appData":false,"enableTranslation":false,"fieldTypes":{},"fieldsByFeature":{},"reverseRelationShips":null,"reverseRelationShipMap":null,"view360CCId":null,"view360ListCCId":null,"view360bgColor":null,"relationshipViewImage":null,"relationshipViewClickVLC":null,"userModel":false,"description":null,"multiTenantAware":false,"ownerFieldName":"_id","tenantFieldName":"sysOriginalId","features":null,"dataManagerId":null},
{"id":"625f53958f08bf10ebb6d6fc","companyId":"5f47ce0c8f0815394ff3bd8a","createdDate":1650414485040,"updatedDate":1721318023363,"versionId":0,"referenceId":null,"systemStatus":null,"updatedByUserId":"5f47ce0e8f0815394ff3be1b","updatedByUserName":"Josh Havens","systemStatusText":null,"userTypes":[],"requirementIds":[],"name":"Branch_UserTags","sourceReferenceId":null,"sourceReferenceAppId":null,"lockedByUserId":null,"lockedByUserName":null,"publicArtifact":false,"enableOffline":false,"locked":false,"canUnlock":false,"publishComment":null,"importantPublish":false,"sysModel":false,"subDomainModel":false,"transientModel":false,"bpmManagedModel":false,"listModel":false,"label":null,"bpmFieldNames":null,"appId":["5f47f6158f0814ff0a917552"],"fields":[{"id":"5f4d6dd38f086f27a2ab1077","companyId":"5f47ce0c8f0815394ff3bd8a","createdDate":1598909907440,"updatedDate":1598909907440,"versionId":0,"referenceId":null,"systemStatus":null,"updatedByUserId":"5f47ce0e8f0815394ff3be1b","updatedByUserName":"Josh Havens","systemStatusText":null,"fieldName":"branchId","type":"String","referenceModel":null,"index":false,"subModel":false,"list":false,"required":false,"typeModel":null,"systemField":false,"s3URL":false,"encryptionType":0,"unique":false,"autoIncrement":false,"length":0,"dbFieldName":null,"dbOrdinalPosition":0,"dbType":null,"dbConstraintName":null,"relatedDBTableName":null,"relatedDBTableImportedIdName":null,"defaultValueType":0,"defaultValue":null,"defaultValueUserModel":null,"defaultValueRelationName":null,"defaultValueRelatedModel":null,"defaultValueField":null,"cognitiveProperties":null,"implementedTypeModelId":null,"fieldLabel":null,"min":0,"max":0,"minMaxValidation":false,"wholeNumber":false,"noPastDates":false,"noFutureDates":false,"implementedTypeModel":null,"sampleData":null},{"id":null,"companyId":null,"createdDate":0,"updatedDate":0,"versionId":0,"referenceId":null,"systemStatus":null,"updatedByUserId":null,"updatedByUserName":null,"systemStatusText":null,"fieldName":"createdBy","type":"String","referenceModel":null,"index":false,"subModel":false,"list":false,"required":false,"typeModel":null,"systemField":true,"s3URL":false,"encryptionType":0,"unique":false,"autoIncrement":false,"length":0,"dbFieldName":null,"dbOrdinalPosition":0,"dbType":null,"dbConstraintName":null,"relatedDBTableName":null,"relatedDBTableImportedIdName":null,"defaultValueType":0,"defaultValue":null,"defaultValueUserModel":null,"defaultValueRelationName":null,"defaultValueRelatedModel":null,"defaultValueField":null,"cognitiveProperties":null,"implementedTypeModelId":null,"fieldLabel":null,"min":0,"max":0,"minMaxValidation":false,"wholeNumber":false,"noPastDates":false,"noFutureDates":false,"implementedTypeModel":null,"sampleData":null},{"id":null,"companyId":null,"createdDate":0,"updatedDate":0,"versionId":0,"referenceId":null,"systemStatus":null,"updatedByUserId":null,"updatedByUserName":null,"systemStatusText":null,"fieldName":"createdByName","type":"String","referenceModel":null,"index":false,"subModel":false,"list":false,"required":false,"typeModel":null,"systemField":true,"s3URL":false,"encryptionType":0,"unique":false,"autoIncrement":false,"length":0,"dbFieldName":null,"dbOrdinalPosition":0,"dbType":null,"dbConstraintName":null,"relatedDBTableName":null,"relatedDBTableImportedIdName":null,"defaultValueType":0,"defaultValue":null,"defaultValueUserModel":null,"defaultValueRelationName":null,"defaultValueRelatedModel":null,"defaultValueField":null,"cognitiveProperties":null,"implementedTypeModelId":null,"fieldLabel":null,"min":0,"max":0,"minMaxValidation":false,"wholeNumber":false,"noPastDates":false,"noFutureDates":false,"implementedTypeModel":null,"sampleData":null},{"id":null,"companyId":null,"createdDate":0,"updatedDate":0,"versionId":0,"referenceId":null,"systemStatus":null,"updatedByUserId":null,"updatedByUserName":null,"systemStatusText":null,"fieldName":"createdDate","type":"Date","referenceModel":null,"index":false,"subModel":false,"list":false,"required":false,"typeModel":null,"systemField":true,"s3URL":false,"encryptionType":0,"unique":false,"autoIncrement":false,"length":0,"dbFieldName":null,"dbOrdinalPosition":0,"dbType":null,"dbConstraintName":null,"relatedDBTableName":null,"relatedDBTableImportedIdName":null,"defaultValueType":0,"defaultValue":null,"defaultValueUserModel":null,"defaultValueRelationName":null,"defaultValueRelatedModel":null,"defaultValueField":null,"cognitiveProperties":null,"implementedTypeModelId":null,"fieldLabel":null,"min":0,"max":0,"minMaxValidation":false,"wholeNumber":false,"noPastDates":false,"noFutureDates":false,"implementedTypeModel":null,"sampleData":null},{"id":"5f6b710f8f082b9cdc659d48","companyId":"5f47ce0c8f0815394ff3bd8a","createdDate":1600876815996,"updatedDate":1600876815996,"versionId":0,"referenceId":null,"systemStatus":null,"updatedByUserId":"5f47ce0e8f0815394ff3be1b","updatedByUserName":"Josh Havens","systemStatusText":null,"fieldName":"name","type":"String","referenceModel":null,"index":false,"subModel":false,"list":false,"required":false,"typeModel":null,"systemField":false,"s3URL":false,"encryptionType":0,"unique":false,"autoIncrement":false,"length":0,"dbFieldName":null,"dbOrdinalPosition":0,"dbType":null,"dbConstraintName":null,"relatedDBTableName":null,"relatedDBTableImportedIdName":null,"defaultValueType":0,"defaultValue":null,"defaultValueUserModel":null,"defaultValueRelationName":null,"defaultValueRelatedModel":null,"defaultValueField":null,"cognitiveProperties":null,"implementedTypeModelId":null,"fieldLabel":null,"min":0,"max":0,"minMaxValidation":false,"wholeNumber":false,"noPastDates":false,"noFutureDates":false,"implementedTypeModel":null,"sampleData":null},{"id":null,"companyId":null,"createdDate":0,"updatedDate":0,"versionId":0,"referenceId":null,"systemStatus":null,"updatedByUserId":null,"updatedByUserName":null,"systemStatusText":null,"fieldName":"sysContainerId","type":"String","referenceModel":null,"index":true,"subModel":false,"list":false,"required":false,"typeModel":null,"systemField":true,"s3URL":false,"encryptionType":0,"unique":false,"autoIncrement":false,"length":0,"dbFieldName":null,"dbOrdinalPosition":0,"dbType":null,"dbConstraintName":null,"relatedDBTableName":null,"relatedDBTableImportedIdName":null,"defaultValueType":0,"defaultValue":null,"defaultValueUserModel":null,"defaultValueRelationName":null,"defaultValueRelatedModel":null,"defaultValueField":null,"cognitiveProperties":null,"implementedTypeModelId":null,"fieldLabel":null,"min":0,"max":0,"minMaxValidation":false,"wholeNumber":false,"noPastDates":false,"noFutureDates":false,"implementedTypeModel":null,"sampleData":null},{"id":null,"companyId":null,"createdDate":0,"updatedDate":0,"versionId":0,"referenceId":null,"systemStatus":null,"updatedByUserId":null,"updatedByUserName":null,"systemStatusText":null,"fieldName":"sysFeedback","type":"SysStateTransitionFeedback","referenceModel":null,"index":false,"subModel":false,"list":false,"required":false,"typeModel":null,"systemField":true,"s3URL":false,"encryptionType":0,"unique":false,"autoIncrement":false,"length":0,"dbFieldName":null,"dbOrdinalPosition":0,"dbType":null,"dbConstraintName":null,"relatedDBTableName":null,"relatedDBTableImportedIdName":null,"defaultValueType":0,"defaultValue":null,"defaultValueUserModel":null,"defaultValueRelationName":null,"defaultValueRelatedModel":null,"defaultValueField":null,"cognitiveProperties":null,"implementedTypeModelId":null,"fieldLabel":null,"min":0,"max":0,"minMaxValidation":false,"wholeNumber":false,"noPastDates":false,"noFutureDates":false,"implementedTypeModel":null,"sampleData":null},{"id":null,"companyId":null,"createdDate":0,"updatedDate":0,"versionId":0,"referenceId":null,"systemStatus":null,"updatedByUserId":null,"updatedByUserName":null,"systemStatusText":null,"fieldName":"sysImage","type":"String","referenceModel":null,"index":false,"subModel":false,"list":false,"required":false,"typeModel":null,"systemField":true,"s3URL":false,"encryptionType":0,"unique":false,"autoIncrement":false,"length":0,"dbFieldName":null,"dbOrdinalPosition":0,"dbType":null,"dbConstraintName":null,"relatedDBTableName":null,"relatedDBTableImportedIdName":null,"defaultValueType":0,"defaultValue":null,"defaultValueUserModel":null,"defaultValueRelationName":null,"defaultValueRelatedModel":null,"defaultValueField":null,"cognitiveProperties":null,"implementedTypeModelId":null,"fieldLabel":null,"min":0,"max":0,"minMaxValidation":false,"wholeNumber":false,"noPastDates":false,"noFutureDates":false,"implementedTypeModel":null,"sampleData":null},{"id":null,"companyId":null,"createdDate":0,"updatedDate":0,"versionId":0,"referenceId":null,"systemStatus":null,"updatedByUserId":null,"updatedByUserName":null,"systemStatusText":null,"fieldName":"sysName","type":"String","referenceModel":null,"index":false,"subModel":false,"list":false,"required":false,"typeModel":null,"systemField":true,"s3URL":false,"encryptionType":0,"unique":false,"autoIncrement":false,"length":0,"dbFieldName":null,"dbOrdinalPosition":0,"dbType":null,"dbConstraintName":null,"relatedDBTableName":null,"relatedDBTableImportedIdName":null,"defaultValueType":0,"defaultValue":null,"defaultValueUserModel":null,"defaultValueRelationName":null,"defaultValueRelatedModel":null,"defaultValueField":null,"cognitiveProperties":null,"implementedTypeModelId":null,"fieldLabel":null,"min":0,"max":0,"minMaxValidation":false,"wholeNumber":false,"noPastDates":false,"noFutureDates":false,"implementedTypeModel":null,"sampleData":null},{"id":null,"companyId":null,"createdDate":0,"updatedDate":0,"versionId":0,"referenceId":null,"systemStatus":null,"updatedByUserId":null,"updatedByUserName":null,"systemStatusText":null,"fieldName":"sysOriginalId","type":"String","referenceModel":null,"index":false,"subModel":false,"list":false,"required":false,"typeModel":null,"systemField":true,"s3URL":false,"encryptionType":0,"unique":false,"autoIncrement":false,"length":0,"dbFieldName":null,"dbOrdinalPosition":0,"dbType":null,"dbConstraintName":null,"relatedDBTableName":null,"relatedDBTableImportedIdName":null,"defaultValueType":0,"defaultValue":null,"defaultValueUserModel":null,"defaultValueRelationName":null,"defaultValueRelatedModel":null,"defaultValueField":null,"cognitiveProperties":null,"implementedTypeModelId":null,"fieldLabel":null,"min":0,"max":0,"minMaxValidation":false,"wholeNumber":false,"noPastDates":false,"noFutureDates":false,"implementedTypeModel":null,"sampleData":null},{"id":null,"companyId":null,"createdDate":0,"updatedDate":0,"versionId":0,"referenceId":null,"systemStatus":null,"updatedByUserId":null,"updatedByUserName":null,"systemStatusText":null,"fieldName":"sysOwnerRecord","type":"Boolean","referenceModel":null,"index":false,"subModel":false,"list":false,"required":false,"typeModel":null,"systemField":true,"s3URL":false,"encryptionType":0,"unique":false,"autoIncrement":false,"length":0,"dbFieldName":null,"dbOrdinalPosition":0,"dbType":null,"dbConstraintName":null,"relatedDBTableName":null,"relatedDBTableImportedIdName":null,"defaultValueType":0,"defaultValue":null,"defaultValueUserModel":null,"defaultValueRelationName":null,"defaultValueRelatedModel":null,"defaultValueField":null,"cognitiveProperties":null,"implementedTypeModelId":null,"fieldLabel":null,"min":0,"max":0,"minMaxValidation":false,"wholeNumber":false,"noPastDates":false,"noFutureDates":false,"implementedTypeModel":null,"sampleData":null},{"id":null,"companyId":null,"createdDate":0,"updatedDate":0,"versionId":0,"referenceId":null,"systemStatus":null,"updatedByUserId":null,"updatedByUserName":null,"systemStatusText":null,"fieldName":"sysState","type":"String","referenceModel":null,"index":false,"subModel":false,"list":false,"required":false,"typeModel":null,"systemField":true,"s3URL":false,"encryptionType":0,"unique":false,"autoIncrement":false,"length":0,"dbFieldName":null,"dbOrdinalPosition":0,"dbType":null,"dbConstraintName":null,"relatedDBTableName":null,"relatedDBTableImportedIdName":null,"defaultValueType":0,"defaultValue":null,"defaultValueUserModel":null,"defaultValueRelationName":null,"defaultValueRelatedModel":null,"defaultValueField":null,"cognitiveProperties":null,"implementedTypeModelId":null,"fieldLabel":null,"min":0,"max":0,"minMaxValidation":false,"wholeNumber":false,"noPastDates":false,"noFutureDates":false,"implementedTypeModel":null,"sampleData":null},{"id":null,"companyId":null,"createdDate":0,"updatedDate":0,"versionId":0,"referenceId":null,"systemStatus":null,"updatedByUserId":null,"updatedByUserName":null,"systemStatusText":null,"fieldName":"tempAdminCount","type":"Number","referenceModel":null,"index":false,"subModel":false,"list":false,"required":false,"typeModel":null,"systemField":false,"s3URL":false,"encryptionType":0,"unique":false,"autoIncrement":false,"length":0,"dbFieldName":null,"dbOrdinalPosition":0,"dbType":null,"dbConstraintName":null,"relatedDBTableName":null,"relatedDBTableImportedIdName":null,"defaultValueType":0,"defaultValue":null,"defaultValueUserModel":null,"defaultValueRelationName":null,"defaultValueRelatedModel":null,"defaultValueField":null,"cognitiveProperties":{"entityTypes":[],"newType":false,"newTypeName":null,"subType":null,"dictionaryItem":false,"speechType":null,"mention":false,"mentionType":null,"mentionClass":null,"entityRelationships":null,"sampleQuestions":null},"implementedTypeModelId":null,"fieldLabel":null,"min":0,"max":0,"minMaxValidation":false,"wholeNumber":false,"noPastDates":false,"noFutureDates":false,"implementedTypeModel":null,"sampleData":null},{"id":null,"companyId":null,"createdDate":0,"updatedDate":0,"versionId":0,"referenceId":null,"systemStatus":null,"updatedByUserId":null,"updatedByUserName":null,"systemStatusText":null,"fieldName":"tempAdminList","type":"Object","referenceModel":null,"index":false,"subModel":true,"list":true,"required":false,"typeModel":null,"systemField":false,"s3URL":false,"encryptionType":0,"unique":false,"autoIncrement":false,"length":0,"dbFieldName":null,"dbOrdinalPosition":0,"dbType":null,"dbConstraintName":null,"relatedDBTableName":null,"relatedDBTableImportedIdName":null,"defaultValueType":0,"defaultValue":null,"defaultValueUserModel":null,"defaultValueRelationName":null,"defaultValueRelatedModel":null,"defaultValueField":null,"cognitiveProperties":{"entityTypes":[],"newType":false,"newTypeName":null,"subType":null,"dictionaryItem":false,"speechType":null,"mention":false,"mentionType":null,"mentionClass":null,"entityRelationships":null,"sampleQuestions":null},"implementedTypeModelId":null,"fieldLabel":null,"min":0,"max":0,"minMaxValidation":false,"wholeNumber":false,"noPastDates":false,"noFutureDates":false,"implementedTypeModel":null,"sampleData":null},{"id":null,"companyId":null,"createdDate":0,"updatedDate":0,"versionId":0,"referenceId":null,"systemStatus":null,"updatedByUserId":null,"updatedByUserName":null,"systemStatusText":null,"fieldName":"tempUserCount","type":"Number","referenceModel":null,"index":false,"subModel":false,"list":false,"required":false,"typeModel":null,"systemField":false,"s3URL":false,"encryptionType":0,"unique":false,"autoIncrement":false,"length":0,"dbFieldName":null,"dbOrdinalPosition":0,"dbType":null,"dbConstraintName":null,"relatedDBTableName":null,"relatedDBTableImportedIdName":null,"defaultValueType":0,"defaultValue":null,"defaultValueUserModel":null,"defaultValueRelationName":null,"defaultValueRelatedModel":null,"defaultValueField":null,"cognitiveProperties":{"entityTypes":[],"newType":false,"newTypeName":null,"subType":null,"dictionaryItem":false,"speechType":null,"mention":false,"mentionType":null,"mentionClass":null,"entityRelationships":null,"sampleQuestions":null},"implementedTypeModelId":null,"fieldLabel":null,"min":0,"max":0,"minMaxValidation":false,"wholeNumber":false,"noPastDates":false,"noFutureDates":false,"implementedTypeModel":null,"sampleData":null},{"id":null,"companyId":null,"createdDate":0,"updatedDate":0,"versionId":0,"referenceId":null,"systemStatus":null,"updatedByUserId":null,"updatedByUserName":null,"systemStatusText":null,"fieldName":"tempUserList","type":"Object","referenceModel":null,"index":false,"subModel":true,"list":true,"required":false,"typeModel":null,"systemField":false,"s3URL":false,"encryptionType":0,"unique":false,"autoIncrement":false,"length":0,"dbFieldName":null,"dbOrdinalPosition":0,"dbType":null,"dbConstraintName":null,"relatedDBTableName":null,"relatedDBTableImportedIdName":null,"defaultValueType":0,"defaultValue":null,"defaultValueUserModel":null,"defaultValueRelationName":null,"defaultValueRelatedModel":null,"defaultValueField":null,"cognitiveProperties":{"entityTypes":[],"newType":false,"newTypeName":null,"subType":null,"dictionaryItem":false,"speechType":null,"mention":false,"mentionType":null,"mentionClass":null,"entityRelationships":null,"sampleQuestions":null},"implementedTypeModelId":null,"fieldLabel":null,"min":0,"max":0,"minMaxValidation":false,"wholeNumber":false,"noPastDates":false,"noFutureDates":false,"implementedTypeModel":null,"sampleData":null},{"id":null,"companyId":null,"createdDate":0,"updatedDate":0,"versionId":0,"referenceId":null,"systemStatus":null,"updatedByUserId":null,"updatedByUserName":null,"systemStatusText":null,"fieldName":"updatedBy","type":"String","referenceModel":null,"index":false,"subModel":false,"list":false,"required":false,"typeModel":null,"systemField":true,"s3URL":false,"encryptionType":0,"unique":false,"autoIncrement":false,"length":0,"dbFieldName":null,"dbOrdinalPosition":0,"dbType":null,"dbConstraintName":null,"relatedDBTableName":null,"relatedDBTableImportedIdName":null,"defaultValueType":0,"defaultValue":null,"defaultValueUserModel":null,"defaultValueRelationName":null,"defaultValueRelatedModel":null,"defaultValueField":null,"cognitiveProperties":null,"implementedTypeModelId":null,"fieldLabel":null,"min":0,"max":0,"minMaxValidation":false,"wholeNumber":false,"noPastDates":false,"noFutureDates":false,"implementedTypeModel":null,"sampleData":null},{"id":null,"companyId":null,"createdDate":0,"updatedDate":0,"versionId":0,"referenceId":null,"systemStatus":null,"updatedByUserId":null,"updatedByUserName":null,"systemStatusText":null,"fieldName":"updatedByName","type":"String","referenceModel":null,"index":false,"subModel":false,"list":false,"required":false,"typeModel":null,"systemField":true,"s3URL":false,"encryptionType":0,"unique":false,"autoIncrement":false,"length":0,"dbFieldName":null,"dbOrdinalPosition":0,"dbType":null,"dbConstraintName":null,"relatedDBTableName":null,"relatedDBTableImportedIdName":null,"defaultValueType":0,"defaultValue":null,"defaultValueUserModel":null,"defaultValueRelationName":null,"defaultValueRelatedModel":null,"defaultValueField":null,"cognitiveProperties":null,"implementedTypeModelId":null,"fieldLabel":null,"min":0,"max":0,"minMaxValidation":false,"wholeNumber":false,"noPastDates":false,"noFutureDates":false,"implementedTypeModel":null,"sampleData":null},{"id":null,"companyId":null,"createdDate":0,"updatedDate":0,"versionId":0,"referenceId":null,"systemStatus":null,"updatedByUserId":null,"updatedByUserName":null,"systemStatusText":null,"fieldName":"updatedDate","type":"Date","referenceModel":null,"index":false,"subModel":false,"list":false,"required":false,"typeModel":null,"systemField":true,"s3URL":false,"encryptionType":0,"unique":false,"autoIncrement":false,"length":0,"dbFieldName":null,"dbOrdinalPosition":0,"dbType":null,"dbConstraintName":null,"relatedDBTableName":null,"relatedDBTableImportedIdName":null,"defaultValueType":0,"defaultValue":null,"defaultValueUserModel":null,"defaultValueRelationName":null,"defaultValueRelatedModel":null,"defaultValueField":null,"cognitiveProperties":null,"implementedTypeModelId":null,"fieldLabel":null,"min":0,"max":0,"minMaxValidation":false,"wholeNumber":false,"noPastDates":false,"noFutureDates":false,"implementedTypeModel":null,"sampleData":null},{"id":"5fc9519d8f0812e96d3e44ea","companyId":"5f47ce0c8f0815394ff3bd8a","createdDate":1607029149723,"updatedDate":1607029149723,"versionId":0,"referenceId":null,"systemStatus":null,"updatedByUserId":"5f47ce0e8f0815394ff3be1b","updatedByUserName":"Josh Havens","systemStatusText":null,"fieldName":"viewStatus","type":"String","referenceModel":null,"index":false,"subModel":false,"list":false,"required":false,"typeModel":null,"systemField":false,"s3URL":false,"encryptionType":0,"unique":false,"autoIncrement":false,"length":0,"dbFieldName":null,"dbOrdinalPosition":0,"dbType":null,"dbConstraintName":null,"relatedDBTableName":null,"relatedDBTableImportedIdName":null,"defaultValueType":0,"defaultValue":null,"defaultValueUserModel":null,"defaultValueRelationName":null,"defaultValueRelatedModel":null,"defaultValueField":null,"cognitiveProperties":null,"implementedTypeModelId":null,"fieldLabel":null,"min":0,"max":0,"minMaxValidation":false,"wholeNumber":false,"noPastDates":false,"noFutureDates":false,"implementedTypeModel":null,"sampleData":null},{"id":null,"companyId":null,"createdDate":0,"updatedDate":0,"versionId":0,"referenceId":null,"systemStatus":null,"updatedByUserId":null,"updatedByUserName":null,"systemStatusText":null,"fieldName":"_id","type":"String","referenceModel":null,"index":false,"subModel":false,"list":false,"required":false,"typeModel":null,"systemField":true,"s3URL":false,"encryptionType":0,"unique":false,"autoIncrement":false,"length":0,"dbFieldName":null,"dbOrdinalPosition":0,"dbType":null,"dbConstraintName":null,"relatedDBTableName":null,"relatedDBTableImportedIdName":null,"defaultValueType":0,"defaultValue":null,"defaultValueUserModel":null,"defaultValueRelationName":null,"defaultValueRelatedModel":null,"defaultValueField":null,"cognitiveProperties":null,"implementedTypeModelId":null,"fieldLabel":null,"min":0,"max":0,"minMaxValidation":false,"wholeNumber":false,"noPastDates":false,"noFutureDates":false,"implementedTypeModel":null,"sampleData":null},{"id":null,"companyId":null,"createdDate":0,"updatedDate":0,"versionId":0,"referenceId":null,"systemStatus":null,"updatedByUserId":null,"updatedByUserName":null,"systemStatusText":null,"fieldName":"tempCategoriesList","type":"Object","referenceModel":null,"index":false,"subModel":true,"list":true,"required":false,"typeModel":null,"systemField":false,"s3URL":false,"encryptionType":0,"unique":false,"autoIncrement":false,"length":0,"dbFieldName":null,"dbOrdinalPosition":0,"dbType":null,"dbConstraintName":null,"relatedDBTableName":null,"relatedDBTableImportedIdName":null,"defaultValueType":0,"defaultValue":null,"defaultValueUserModel":null,"defaultValueRelationName":null,"defaultValueRelatedModel":null,"defaultValueField":null,"cognitiveProperties":{"entityTypes":[],"newType":false,"newTypeName":null,"subType":null,"dictionaryItem":false,"speechType":null,"mention":false,"mentionType":null,"mentionClass":null,"entityRelationships":null,"sampleQuestions":null},"implementedTypeModelId":null,"fieldLabel":null,"min":0,"max":0,"minMaxValidation":false,"wholeNumber":false,"noPastDates":false,"noFutureDates":false,"implementedTypeModel":null,"sampleData":null}],"indexes":[{"indexName":"branch_id","fieldNames":["branchId"],"orderedDBColumnNames":null,"type":"simple"},{"indexName":"name_branchId","fieldNames":["branchId","name"],"orderedDBColumnNames":null,"type":"simple"},{"indexName":"get_tagsforadmin","fieldNames":["branchId","name"],"orderedDBColumnNames":null,"type":"simple"},{"indexName":"simple_syscontainerid_idx","fieldNames":["sysContainerId"],"orderedDBColumnNames":null,"type":"simple"}],"objectLifeCycle":null,"relationShips":[{"id":null,"companyId":null,"createdDate":0,"updatedDate":0,"versionId":0,"referenceId":null,"systemStatus":null,"updatedByUserId":null,"updatedByUserName":null,"systemStatusText":null,"name":"managedBy","dataModel":"User","reverseRelationName":"managesTag","biDirectional":true,"oneToMany":true,"seq":1,"is360Relationship":true,"properties":null,"owner":true,"oneToManyByOtherSideRelationShip":false},{"id":null,"companyId":null,"createdDate":0,"updatedDate":0,"versionId":0,"referenceId":null,"systemStatus":null,"updatedByUserId":null,"updatedByUserName":null,"systemStatusText":null,"name":"hasUser","dataModel":"User","reverseRelationName":"belongsToTag","biDirectional":true,"oneToMany":true,"seq":2,"is360Relationship":true,"properties":null,"owner":true,"oneToManyByOtherSideRelationShip":false},{"id":null,"companyId":null,"createdDate":0,"updatedDate":0,"versionId":0,"referenceId":null,"systemStatus":null,"updatedByUserId":null,"updatedByUserName":null,"systemStatusText":null,"name":"hasLogicModel","dataModel":"LogicModels","reverseRelationName":"belongsToUserTag","biDirectional":true,"oneToMany":true,"seq":0,"is360Relationship":true,"properties":null,"owner":true,"oneToManyByOtherSideRelationShip":false},{"id":null,"companyId":null,"createdDate":0,"updatedDate":0,"versionId":0,"referenceId":null,"systemStatus":null,"updatedByUserId":null,"updatedByUserName":null,"systemStatusText":null,"name":"hasCategory","dataModel":"Branch_Categories","reverseRelationName":"usedByUserTag","biDirectional":true,"oneToMany":true,"seq":0,"is360Relationship":true,"properties":null,"owner":true,"oneToManyByOtherSideRelationShip":false}],"type":"Default","hidden":false,"userType":false,"containerRestricted":true,"containerField":"sysContainerId","openCreate":false,"openRead":false,"encryptionEnabled":false,"encryptedFields":null,"dbTableName":null,"dbSchemaName":null,"imageField":null,"imageValue":null,"nameFields":null,"mainAreaComponentId":null,"workAreaComponentId":null,"commentComponentId":null,"defaultRoleId":null,"mySqlModel":false,"softDelete":false,"auditCreate":true,"auditRead":false,"auditUpdate":true,"auditDelete":true,"analytics":false,"analyticsStateField":null,"analyticsProperties":null,"cognitiveProperties":null,"appData":false,"enableTranslation":false,"fieldTypes":{},"fieldsByFeature":{},"reverseRelationShips":null,"reverseRelationShipMap":null,"view360CCId":null,"view360ListCCId":null,"view360bgColor":null,"relationshipViewImage":null,"relationshipViewClickVLC":null,"userModel":false,"description":null,"multiTenantAware":false,"ownerFieldName":"_id","tenantFieldName":"sysOriginalId","features":null,"dataManagerId":null}]