[{"id":"669935688f08a4e2cc0b814c","companyId":null,"createdDate":1721316712824,"updatedDate":1721316712824,"versionId":0,"referenceId":null,"systemStatus":null,"updatedByUserId":null,"updatedByUserName":null,"systemStatusText":null,"userTypes":null,"requirementIds":null,"name":"24-07-18--Tags Categories Relationships for Course Manager","sourceReferenceId":null,"sourceReferenceAppId":null,"lockedByUserId":null,"lockedByUserName":null,"publicArtifact":false,"enableOffline":false,"locked":false,"canUnlock":false,"publishComment":null,"importantPublish":false,"appId":"5f47f6158f0814ff0a917552","type":"fldr","parentId":"5f47f6158f0814ff0a917552","childId":null},
{"id":"669935928f08a4e2cc0b8163","companyId":null,"createdDate":1721316754805,"updatedDate":1721316754805,"versionId":0,"referenceId":null,"systemStatus":null,"updatedByUserId":null,"updatedByUserName":null,"systemStatusText":null,"userTypes":null,"requirementIds":null,"name":null,"sourceReferenceId":null,"sourceReferenceAppId":null,"lockedByUserId":null,"lockedByUserName":null,"publicArtifact":false,"enableOffline":false,"locked":false,"canUnlock":false,"publishComment":null,"importantPublish":false,"appId":"5f47f6158f0814ff0a917552","type":"dm","parentId":"669935688f08a4e2cc0b814c","childId":"60ba525a8f086700a0a8c123"},
{"id":"669935928f08a4e2cc0b8164","companyId":null,"createdDate":1721316754816,"updatedDate":1721316754816,"versionId":0,"referenceId":null,"systemStatus":null,"updatedByUserId":null,"updatedByUserName":null,"systemStatusText":null,"userTypes":null,"requirementIds":null,"name":null,"sourceReferenceId":null,"sourceReferenceAppId":null,"lockedByUserId":null,"lockedByUserName":null,"publicArtifact":false,"enableOffline":false,"locked":false,"canUnlock":false,"publishComment":null,"importantPublish":false,"appId":"5f47f6158f0814ff0a917552","type":"dm","parentId":"669935688f08a4e2cc0b814c","childId":"625f53958f08bf10ebb6d6fc"},
{"id":"669973298f08a4e2cc0b8b01","companyId":null,"createdDate":1721332521757,"updatedDate":1721332521757,"versionId":0,"referenceId":null,"systemStatus":null,"updatedByUserId":null,"updatedByUserName":null,"systemStatusText":null,"userTypes":null,"requirementIds":null,"name":null,"sourceReferenceId":null,"sourceReferenceAppId":null,"lockedByUserId":null,"lockedByUserName":null,"publicArtifact":false,"enableOffline":false,"locked":false,"canUnlock":false,"publishComment":null,"importantPublish":false,"appId":"5f47f6158f0814ff0a917552","type":"wf","parentId":"669935688f08a4e2cc0b814c","childId":"625f5d358f08bf10ebb6d812"},
{"id":"669973298f08a4e2cc0b8b02","companyId":null,"createdDate":1721332521768,"updatedDate":1721332521768,"versionId":0,"referenceId":null,"systemStatus":null,"updatedByUserId":null,"updatedByUserName":null,"systemStatusText":null,"userTypes":null,"requirementIds":null,"name":null,"sourceReferenceId":null,"sourceReferenceAppId":null,"lockedByUserId":null,"lockedByUserName":null,"publicArtifact":false,"enableOffline":false,"locked":false,"canUnlock":false,"publishComment":null,"importantPublish":false,"appId":"5f47f6158f0814ff0a917552","type":"wf","parentId":"669935688f08a4e2cc0b814c","childId":"5f47f79e8f0814ff0a9175b3"},
{"id":"669973298f08a4e2cc0b8b03","companyId":null,"createdDate":1721332521779,"updatedDate":1721332521779,"versionId":0,"referenceId":null,"systemStatus":null,"updatedByUserId":null,"updatedByUserName":null,"systemStatusText":null,"userTypes":null,"requirementIds":null,"name":null,"sourceReferenceId":null,"sourceReferenceAppId":null,"lockedByUserId":null,"lockedByUserName":null,"publicArtifact":false,"enableOffline":false,"locked":false,"canUnlock":false,"publishComment":null,"importantPublish":false,"appId":"5f47f6158f0814ff0a917552","type":"wf","parentId":"669935688f08a4e2cc0b814c","childId":"669962068f08a4e2cc0b83e0"},
{"id":"669973298f08a4e2cc0b8b04","companyId":null,"createdDate":1721332521791,"updatedDate":1721332521791,"versionId":0,"referenceId":null,"systemStatus":null,"updatedByUserId":null,"updatedByUserName":null,"systemStatusText":null,"userTypes":null,"requirementIds":null,"name":null,"sourceReferenceId":null,"sourceReferenceAppId":null,"lockedByUserId":null,"lockedByUserName":null,"publicArtifact":false,"enableOffline":false,"locked":false,"canUnlock":false,"publishComment":null,"importantPublish":false,"appId":"5f47f6158f0814ff0a917552","type":"wf","parentId":"669935688f08a4e2cc0b814c","childId":"625f61308f08bf10ebb6d86a"},
{"id":"669973298f08a4e2cc0b8b05","companyId":null,"createdDate":1721332521801,"updatedDate":1721332521801,"versionId":0,"referenceId":null,"systemStatus":null,"updatedByUserId":null,"updatedByUserName":null,"systemStatusText":null,"userTypes":null,"requirementIds":null,"name":null,"sourceReferenceId":null,"sourceReferenceAppId":null,"lockedByUserId":null,"lockedByUserName":null,"publicArtifact":false,"enableOffline":false,"locked":false,"canUnlock":false,"publishComment":null,"importantPublish":false,"appId":"5f47f6158f0814ff0a917552","type":"wf","parentId":"669935688f08a4e2cc0b814c","childId":"61f9601a8f08813392861806"},
{"id":"669973298f08a4e2cc0b8b06","companyId":null,"createdDate":1721332521813,"updatedDate":1721332521813,"versionId":0,"referenceId":null,"systemStatus":null,"updatedByUserId":null,"updatedByUserName":null,"systemStatusText":null,"userTypes":null,"requirementIds":null,"name":null,"sourceReferenceId":null,"sourceReferenceAppId":null,"lockedByUserId":null,"lockedByUserName":null,"publicArtifact":false,"enableOffline":false,"locked":false,"canUnlock":false,"publishComment":null,"importantPublish":false,"appId":"5f47f6158f0814ff0a917552","type":"wf","parentId":"669935688f08a4e2cc0b814c","childId":"60089b258f08e7114da142b7"},
{"id":"669973368f08a4e2cc0b8b07","companyId":null,"createdDate":1721332534862,"updatedDate":1721332534862,"versionId":0,"referenceId":null,"systemStatus":null,"updatedByUserId":null,"updatedByUserName":null,"systemStatusText":null,"userTypes":null,"requirementIds":null,"name":null,"sourceReferenceId":null,"sourceReferenceAppId":null,"lockedByUserId":null,"lockedByUserName":null,"publicArtifact":false,"enableOffline":false,"locked":false,"canUnlock":false,"publishComment":null,"importantPublish":false,"appId":"5f47f6158f0814ff0a917552","type":"qry","parentId":"669935688f08a4e2cc0b814c","childId":"5fc8057f8f0812e96d3e3b36"},
{"id":"669973368f08a4e2cc0b8b08","companyId":null,"createdDate":1721332534873,"updatedDate":1721332534873,"versionId":0,"referenceId":null,"systemStatus":null,"updatedByUserId":null,"updatedByUserName":null,"systemStatusText":null,"userTypes":null,"requirementIds":null,"name":null,"sourceReferenceId":null,"sourceReferenceAppId":null,"lockedByUserId":null,"lockedByUserName":null,"publicArtifact":false,"enableOffline":false,"locked":false,"canUnlock":false,"publishComment":null,"importantPublish":false,"appId":"5f47f6158f0814ff0a917552","type":"qry","parentId":"669935688f08a4e2cc0b814c","childId":"66996b408f08a4e2cc0b8883"},
{"id":"669973518f08a4e2cc0b8b09","companyId":null,"createdDate":1721332561159,"updatedDate":1721332561159,"versionId":0,"referenceId":null,"systemStatus":null,"updatedByUserId":null,"updatedByUserName":null,"systemStatusText":null,"userTypes":null,"requirementIds":null,"name":null,"sourceReferenceId":null,"sourceReferenceAppId":null,"lockedByUserId":null,"lockedByUserName":null,"publicArtifact":false,"enableOffline":false,"locked":false,"canUnlock":false,"publishComment":null,"importantPublish":false,"appId":"5f47f6158f0814ff0a917552","type":"rl","parentId":"669935688f08a4e2cc0b814c","childId":"5f4d78628f086f27a2ab132c"}]