[{"id":"5fc8057f8f0812e96d3e3b36","companyId":"5f47ce0c8f0815394ff3bd8a","createdDate":1703190154569,"updatedDate":1721330175784,"versionId":0,"referenceId":null,"systemStatus":null,"updatedByUserId":"5f47ce0e8f0815394ff3be1b","updatedByUserName":"Josh Havens","systemStatusText":null,"userTypes":[],"requirementIds":[],"name":"Courses Administrator","sourceReferenceId":null,"sourceReferenceAppId":null,"lockedByUserId":null,"lockedByUserName":null,"publicArtifact":false,"enableOffline":false,"locked":false,"canUnlock":false,"publishComment":null,"importantPublish":false,"appId":"5f47f6158f0814ff0a917552","dataModel":"Course","inputDataModel":"API_CourseRequest","operator":"and","relationshipOperator":"and","onlySelectedFields":true,"dynamicSearchCriteria":false,"dynamicCriteriaFieldName":null,"relationshipFilters":[{"relationShip":"hasCategory","model":"Branch_Categories","exclude":false,"count":false,"sortOrder":"DESC","filterValue":"contentId","nextFilter":null,"inOperator":false,"filterData":null}],"selectFields":[{"modelLabel":null,"fieldName":"courseName","sortOrder":0,"seq":0,"dynamicFieldName":false},{"modelLabel":null,"fieldName":"courseNumber","sortOrder":0,"seq":0,"dynamicFieldName":false},{"modelLabel":null,"fieldName":"currentlyOpenBy","sortOrder":0,"seq":0,"dynamicFieldName":false},{"modelLabel":null,"fieldName":"currentlyOpenByName","sortOrder":0,"seq":0,"dynamicFieldName":false},{"modelLabel":null,"fieldName":"educationalUnits","sortOrder":0,"seq":0,"dynamicFieldName":false},{"modelLabel":null,"fieldName":"educationalUnitsType","sortOrder":0,"seq":0,"dynamicFieldName":false},{"modelLabel":null,"fieldName":"endDate","sortOrder":0,"seq":0,"dynamicFieldName":false},{"modelLabel":null,"fieldName":"enrollmentDuration","sortOrder":0,"seq":0,"dynamicFieldName":false},{"modelLabel":null,"fieldName":"enrollmentType","sortOrder":0,"seq":0,"dynamicFieldName":false},{"modelLabel":null,"fieldName":"language","sortOrder":0,"seq":0,"dynamicFieldName":false},{"modelLabel":null,"fieldName":"mainThumbnailURL","sortOrder":0,"seq":0,"dynamicFieldName":false},{"modelLabel":null,"fieldName":"openDate","sortOrder":0,"seq":0,"dynamicFieldName":false},{"modelLabel":null,"fieldName":"password","sortOrder":0,"seq":0,"dynamicFieldName":false},{"modelLabel":null,"fieldName":"requiresPassword","sortOrder":0,"seq":0,"dynamicFieldName":false},{"modelLabel":null,"fieldName":"startDate","sortOrder":0,"seq":0,"dynamicFieldName":false},{"modelLabel":null,"fieldName":"status","sortOrder":0,"seq":0,"dynamicFieldName":false},{"modelLabel":null,"fieldName":"withdrawDays","sortOrder":0,"seq":0,"dynamicFieldName":false},{"modelLabel":null,"fieldName":"section","sortOrder":0,"seq":0,"dynamicFieldName":false}],"sortFields":[{"modelLabel":null,"fieldName":"courseName","sortOrder":1,"seq":1,"dynamicFieldName":false}],"conditions":[{"fieldName":"branchId","fieldValue":"branchId","dynamicOpeartor":false,"operator":"$eq","fieldType":null,"dynamicFieldName":false,"dynamicFilter":true,"filterValueToken":false,"ignoreCase":false,"fieldListValue":null,"additionalValueDynamic":false,"additionalValueField":null,"additionalValue":0.0,"location":null,"locations":null,"leftModelLabel":null,"rightModelLabel":null,"rightFieldName":null},{"fieldName":"status","fieldValue":"type","dynamicOpeartor":false,"operator":"$eq","fieldType":null,"dynamicFieldName":false,"dynamicFilter":true,"filterValueToken":false,"ignoreCase":false,"fieldListValue":null,"additionalValueDynamic":false,"additionalValueField":null,"additionalValue":0.0,"location":null,"locations":null,"leftModelLabel":null,"rightModelLabel":null,"rightFieldName":null},{"fieldName":"sysName","fieldValue":"userSearchInput1","dynamicOpeartor":false,"operator":"contains","fieldType":null,"dynamicFieldName":false,"dynamicFilter":true,"filterValueToken":false,"ignoreCase":true,"fieldListValue":null,"additionalValueDynamic":false,"additionalValueField":null,"additionalValue":0.0,"location":null,"locations":null,"leftModelLabel":null,"rightModelLabel":null,"rightFieldName":null}],"relationFilterFieldName":null,"limit":10000,"randomizeResults":false,"hidden":false,"platformObjects":false,"dynamicDataModel":false,"dataModelField":null,"platformObjectName":null,"inputRecordModel":null,"inputRecordField":null,"allRelations":false,"relatedDataModel":null,"relationName":null,"outputDataModel":null,"outputFieldName":null,"sourceDatabase":null,"aggregation":false,"multipleModels":false,"joinModels":null,"joinConditions":null,"deletedData":false,"auditData":false,"auditRecordIdField":null,"aggregationFields":null,"groupFields":null,"createScreen":false,"pageId":null,"pageModelName":null,"pageModelId":null,"securityConditions":null},
{"id":"66996b408f08a4e2cc0b8883","companyId":"5f47ce0c8f0815394ff3bd8a","createdDate":1721330496853,"updatedDate":1721330694442,"versionId":0,"referenceId":null,"systemStatus":null,"updatedByUserId":"5f47ce0e8f0815394ff3be1b","updatedByUserName":"Josh Havens","systemStatusText":null,"userTypes":[],"requirementIds":[],"name":"Courses Instructor","sourceReferenceId":null,"sourceReferenceAppId":null,"lockedByUserId":null,"lockedByUserName":null,"publicArtifact":false,"enableOffline":false,"locked":false,"canUnlock":false,"publishComment":null,"importantPublish":false,"appId":"5f47f6158f0814ff0a917552","dataModel":"Course","inputDataModel":"API_CourseRequest","operator":"and","relationshipOperator":"and","onlySelectedFields":true,"dynamicSearchCriteria":false,"dynamicCriteriaFieldName":null,"relationshipFilters":[{"relationShip":"hasInstructor","model":"User","exclude":false,"count":false,"sortOrder":"DESC","filterValue":"userId","nextFilter":null,"inOperator":false,"filterData":null}],"selectFields":[{"modelLabel":null,"fieldName":"courseName","sortOrder":0,"seq":0,"dynamicFieldName":false},{"modelLabel":null,"fieldName":"courseNumber","sortOrder":0,"seq":0,"dynamicFieldName":false},{"modelLabel":null,"fieldName":"currentlyOpenBy","sortOrder":0,"seq":0,"dynamicFieldName":false},{"modelLabel":null,"fieldName":"currentlyOpenByName","sortOrder":0,"seq":0,"dynamicFieldName":false},{"modelLabel":null,"fieldName":"educationalUnits","sortOrder":0,"seq":0,"dynamicFieldName":false},{"modelLabel":null,"fieldName":"educationalUnitsType","sortOrder":0,"seq":0,"dynamicFieldName":false},{"modelLabel":null,"fieldName":"endDate","sortOrder":0,"seq":0,"dynamicFieldName":false},{"modelLabel":null,"fieldName":"enrollmentDuration","sortOrder":0,"seq":0,"dynamicFieldName":false},{"modelLabel":null,"fieldName":"enrollmentType","sortOrder":0,"seq":0,"dynamicFieldName":false},{"modelLabel":null,"fieldName":"language","sortOrder":0,"seq":0,"dynamicFieldName":false},{"modelLabel":null,"fieldName":"mainThumbnailURL","sortOrder":0,"seq":0,"dynamicFieldName":false},{"modelLabel":null,"fieldName":"openDate","sortOrder":0,"seq":0,"dynamicFieldName":false},{"modelLabel":null,"fieldName":"password","sortOrder":0,"seq":0,"dynamicFieldName":false},{"modelLabel":null,"fieldName":"requiresPassword","sortOrder":0,"seq":0,"dynamicFieldName":false},{"modelLabel":null,"fieldName":"startDate","sortOrder":0,"seq":0,"dynamicFieldName":false},{"modelLabel":null,"fieldName":"status","sortOrder":0,"seq":0,"dynamicFieldName":false},{"modelLabel":null,"fieldName":"withdrawDays","sortOrder":0,"seq":0,"dynamicFieldName":false},{"modelLabel":null,"fieldName":"section","sortOrder":0,"seq":0,"dynamicFieldName":false}],"sortFields":[{"modelLabel":null,"fieldName":"courseName","sortOrder":1,"seq":1,"dynamicFieldName":false}],"conditions":[{"fieldName":"branchId","fieldValue":"branchId","dynamicOpeartor":false,"operator":"$eq","fieldType":null,"dynamicFieldName":false,"dynamicFilter":true,"filterValueToken":false,"ignoreCase":false,"fieldListValue":null,"additionalValueDynamic":false,"additionalValueField":null,"additionalValue":0.0,"location":null,"locations":null,"leftModelLabel":null,"rightModelLabel":null,"rightFieldName":null},{"fieldName":"status","fieldValue":"type","dynamicOpeartor":false,"operator":"$eq","fieldType":null,"dynamicFieldName":false,"dynamicFilter":true,"filterValueToken":false,"ignoreCase":false,"fieldListValue":null,"additionalValueDynamic":false,"additionalValueField":null,"additionalValue":0.0,"location":null,"locations":null,"leftModelLabel":null,"rightModelLabel":null,"rightFieldName":null},{"fieldName":"sysName","fieldValue":"userSearchInput1","dynamicOpeartor":false,"operator":"contains","fieldType":null,"dynamicFieldName":false,"dynamicFilter":true,"filterValueToken":false,"ignoreCase":true,"fieldListValue":null,"additionalValueDynamic":false,"additionalValueField":null,"additionalValue":0.0,"location":null,"locations":null,"leftModelLabel":null,"rightModelLabel":null,"rightFieldName":null}],"relationFilterFieldName":null,"limit":10000,"randomizeResults":false,"hidden":false,"platformObjects":false,"dynamicDataModel":false,"dataModelField":null,"platformObjectName":null,"inputRecordModel":null,"inputRecordField":null,"allRelations":false,"relatedDataModel":null,"relationName":null,"outputDataModel":null,"outputFieldName":null,"sourceDatabase":null,"aggregation":false,"multipleModels":false,"joinModels":null,"joinConditions":null,"deletedData":false,"auditData":false,"auditRecordIdField":null,"aggregationFields":null,"groupFields":null,"createScreen":false,"pageId":null,"pageModelName":null,"pageModelId":null,"securityConditions":null}]