[{"id":"669943b28f08a4e2cc0b81d3","companyId":null,"createdDate":1721320370988,"updatedDate":1721320370988,"versionId":0,"referenceId":null,"systemStatus":null,"updatedByUserId":null,"updatedByUserName":null,"systemStatusText":null,"userTypes":null,"requirementIds":null,"name":"24-07-18--Tags Categories Relationships for Course Manager","sourceReferenceId":null,"sourceReferenceAppId":null,"lockedByUserId":null,"lockedByUserName":null,"publicArtifact":false,"enableOffline":false,"locked":false,"canUnlock":false,"publishComment":null,"importantPublish":false,"appId":"5f47f6258f0814ff0a91755e","type":"fldr","parentId":"5f47f6258f0814ff0a91755e","childId":null},
{"id":"669949718f08a4e2cc0b824c","companyId":null,"createdDate":1721321841625,"updatedDate":1721321841625,"versionId":0,"referenceId":null,"systemStatus":null,"updatedByUserId":null,"updatedByUserName":null,"systemStatusText":null,"userTypes":null,"requirementIds":null,"name":null,"sourceReferenceId":null,"sourceReferenceAppId":null,"lockedByUserId":null,"lockedByUserName":null,"publicArtifact":false,"enableOffline":false,"locked":false,"canUnlock":false,"publishComment":null,"importantPublish":false,"appId":"5f47f6258f0814ff0a91755e","type":"wf","parentId":"669943b28f08a4e2cc0b81d3","childId":"669944758f08a4e2cc0b81de"},
{"id":"669949718f08a4e2cc0b824d","companyId":null,"createdDate":1721321841637,"updatedDate":1721321841637,"versionId":0,"referenceId":null,"systemStatus":null,"updatedByUserId":null,"updatedByUserName":null,"systemStatusText":null,"userTypes":null,"requirementIds":null,"name":null,"sourceReferenceId":null,"sourceReferenceAppId":null,"lockedByUserId":null,"lockedByUserName":null,"publicArtifact":false,"enableOffline":false,"locked":false,"canUnlock":false,"publishComment":null,"importantPublish":false,"appId":"5f47f6258f0814ff0a91755e","type":"wf","parentId":"669943b28f08a4e2cc0b81d3","childId":"6268504f8f08bf10ebb6e0d3"},
{"id":"66994a478f08a4e2cc0b824e","companyId":null,"createdDate":1721322055248,"updatedDate":1721322055248,"versionId":0,"referenceId":null,"systemStatus":null,"updatedByUserId":null,"updatedByUserName":null,"systemStatusText":null,"userTypes":null,"requirementIds":null,"name":null,"sourceReferenceId":null,"sourceReferenceAppId":null,"lockedByUserId":null,"lockedByUserName":null,"publicArtifact":false,"enableOffline":false,"locked":false,"canUnlock":false,"publishComment":null,"importantPublish":false,"appId":"5f47f6258f0814ff0a91755e","type":"cc","parentId":"669943b28f08a4e2cc0b81d3","childId":"625f57a88f08bf10ebb6d763"},
{"id":"66994a478f08a4e2cc0b824f","companyId":null,"createdDate":1721322055260,"updatedDate":1721322055260,"versionId":0,"referenceId":null,"systemStatus":null,"updatedByUserId":null,"updatedByUserName":null,"systemStatusText":null,"userTypes":null,"requirementIds":null,"name":null,"sourceReferenceId":null,"sourceReferenceAppId":null,"lockedByUserId":null,"lockedByUserName":null,"publicArtifact":false,"enableOffline":false,"locked":false,"canUnlock":false,"publishComment":null,"importantPublish":false,"appId":"5f47f6258f0814ff0a91755e","type":"cc","parentId":"669943b28f08a4e2cc0b81d3","childId":"669942a78f08a4e2cc0b81b9"},
{"id":"66994a478f08a4e2cc0b8250","companyId":null,"createdDate":1721322055272,"updatedDate":1721322055272,"versionId":0,"referenceId":null,"systemStatus":null,"updatedByUserId":null,"updatedByUserName":null,"systemStatusText":null,"userTypes":null,"requirementIds":null,"name":null,"sourceReferenceId":null,"sourceReferenceAppId":null,"lockedByUserId":null,"lockedByUserName":null,"publicArtifact":false,"enableOffline":false,"locked":false,"canUnlock":false,"publishComment":null,"importantPublish":false,"appId":"5f47f6258f0814ff0a91755e","type":"cc","parentId":"669943b28f08a4e2cc0b81d3","childId":"6699462f8f08a4e2cc0b8202"},
{"id":"66994e608f08a4e2cc0b8282","companyId":null,"createdDate":1721323104806,"updatedDate":1721323104806,"versionId":0,"referenceId":null,"systemStatus":null,"updatedByUserId":null,"updatedByUserName":null,"systemStatusText":null,"userTypes":null,"requirementIds":null,"name":null,"sourceReferenceId":null,"sourceReferenceAppId":null,"lockedByUserId":null,"lockedByUserName":null,"publicArtifact":false,"enableOffline":false,"locked":false,"canUnlock":false,"publishComment":null,"importantPublish":false,"appId":"5f47f6258f0814ff0a91755e","type":"cc","parentId":"669943b28f08a4e2cc0b81d3","childId":"60be4e838f086700a0a8d065"},
{"id":"669952538f08a4e2cc0b82f9","companyId":null,"createdDate":1721324115677,"updatedDate":1721324115677,"versionId":0,"referenceId":null,"systemStatus":null,"updatedByUserId":null,"updatedByUserName":null,"systemStatusText":null,"userTypes":null,"requirementIds":null,"name":null,"sourceReferenceId":null,"sourceReferenceAppId":null,"lockedByUserId":null,"lockedByUserName":null,"publicArtifact":false,"enableOffline":false,"locked":false,"canUnlock":false,"publishComment":null,"importantPublish":false,"appId":"5f47f6258f0814ff0a91755e","type":"wf","parentId":"669943b28f08a4e2cc0b81d3","childId":"626189648f08bf10ebb6dbbd"},
{"id":"669972f28f08a4e2cc0b8af8","companyId":null,"createdDate":1721332466757,"updatedDate":1721332466757,"versionId":0,"referenceId":null,"systemStatus":null,"updatedByUserId":null,"updatedByUserName":null,"systemStatusText":null,"userTypes":null,"requirementIds":null,"name":null,"sourceReferenceId":null,"sourceReferenceAppId":null,"lockedByUserId":null,"lockedByUserName":null,"publicArtifact":false,"enableOffline":false,"locked":false,"canUnlock":false,"publishComment":null,"importantPublish":false,"appId":"5f47f6258f0814ff0a91755e","type":"wf","parentId":"669943b28f08a4e2cc0b81d3","childId":"626858018f08bf10ebb6e151"},
{"id":"669972f28f08a4e2cc0b8af9","companyId":null,"createdDate":1721332466790,"updatedDate":1721332466790,"versionId":0,"referenceId":null,"systemStatus":null,"updatedByUserId":null,"updatedByUserName":null,"systemStatusText":null,"userTypes":null,"requirementIds":null,"name":null,"sourceReferenceId":null,"sourceReferenceAppId":null,"lockedByUserId":null,"lockedByUserName":null,"publicArtifact":false,"enableOffline":false,"locked":false,"canUnlock":false,"publishComment":null,"importantPublish":false,"appId":"5f47f6258f0814ff0a91755e","type":"wf","parentId":"669943b28f08a4e2cc0b81d3","childId":"60e716758f08542a275e98c1"},
{"id":"669972f28f08a4e2cc0b8afa","companyId":null,"createdDate":1721332466802,"updatedDate":1721332466802,"versionId":0,"referenceId":null,"systemStatus":null,"updatedByUserId":null,"updatedByUserName":null,"systemStatusText":null,"userTypes":null,"requirementIds":null,"name":null,"sourceReferenceId":null,"sourceReferenceAppId":null,"lockedByUserId":null,"lockedByUserName":null,"publicArtifact":false,"enableOffline":false,"locked":false,"canUnlock":false,"publishComment":null,"importantPublish":false,"appId":"5f47f6258f0814ff0a91755e","type":"wf","parentId":"669943b28f08a4e2cc0b81d3","childId":"6408b0f98f08626672a7977c"},
{"id":"669972f28f08a4e2cc0b8afb","companyId":null,"createdDate":1721332466813,"updatedDate":1721332466813,"versionId":0,"referenceId":null,"systemStatus":null,"updatedByUserId":null,"updatedByUserName":null,"systemStatusText":null,"userTypes":null,"requirementIds":null,"name":null,"sourceReferenceId":null,"sourceReferenceAppId":null,"lockedByUserId":null,"lockedByUserName":null,"publicArtifact":false,"enableOffline":false,"locked":false,"canUnlock":false,"publishComment":null,"importantPublish":false,"appId":"5f47f6258f0814ff0a91755e","type":"wf","parentId":"669943b28f08a4e2cc0b81d3","childId":"60e74e9c8f08542a275e99a3"},
{"id":"669972f28f08a4e2cc0b8afc","companyId":null,"createdDate":1721332466825,"updatedDate":1721332466825,"versionId":0,"referenceId":null,"systemStatus":null,"updatedByUserId":null,"updatedByUserName":null,"systemStatusText":null,"userTypes":null,"requirementIds":null,"name":null,"sourceReferenceId":null,"sourceReferenceAppId":null,"lockedByUserId":null,"lockedByUserName":null,"publicArtifact":false,"enableOffline":false,"locked":false,"canUnlock":false,"publishComment":null,"importantPublish":false,"appId":"5f47f6258f0814ff0a91755e","type":"wf","parentId":"669943b28f08a4e2cc0b81d3","childId":"5f6ba6f68f082b9cdc659f39"},
{"id":"669972f28f08a4e2cc0b8afd","companyId":null,"createdDate":1721332466837,"updatedDate":1721332466837,"versionId":0,"referenceId":null,"systemStatus":null,"updatedByUserId":null,"updatedByUserName":null,"systemStatusText":null,"userTypes":null,"requirementIds":null,"name":null,"sourceReferenceId":null,"sourceReferenceAppId":null,"lockedByUserId":null,"lockedByUserName":null,"publicArtifact":false,"enableOffline":false,"locked":false,"canUnlock":false,"publishComment":null,"importantPublish":false,"appId":"5f47f6258f0814ff0a91755e","type":"wf","parentId":"669943b28f08a4e2cc0b81d3","childId":"5fc808298f0812e96d3e3b6f"},
{"id":"669972f28f08a4e2cc0b8afe","companyId":null,"createdDate":1721332466848,"updatedDate":1721332466848,"versionId":0,"referenceId":null,"systemStatus":null,"updatedByUserId":null,"updatedByUserName":null,"systemStatusText":null,"userTypes":null,"requirementIds":null,"name":null,"sourceReferenceId":null,"sourceReferenceAppId":null,"lockedByUserId":null,"lockedByUserName":null,"publicArtifact":false,"enableOffline":false,"locked":false,"canUnlock":false,"publishComment":null,"importantPublish":false,"appId":"5f47f6258f0814ff0a91755e","type":"wf","parentId":"669943b28f08a4e2cc0b81d3","childId":"6050e53a8f0800820d2eeaf3"},
{"id":"669973058f08a4e2cc0b8aff","companyId":null,"createdDate":1721332485434,"updatedDate":1721332485434,"versionId":0,"referenceId":null,"systemStatus":null,"updatedByUserId":null,"updatedByUserName":null,"systemStatusText":null,"userTypes":null,"requirementIds":null,"name":null,"sourceReferenceId":null,"sourceReferenceAppId":null,"lockedByUserId":null,"lockedByUserName":null,"publicArtifact":false,"enableOffline":false,"locked":false,"canUnlock":false,"publishComment":null,"importantPublish":false,"appId":"5f47f6258f0814ff0a91755e","type":"cc","parentId":"669943b28f08a4e2cc0b81d3","childId":"6050e2278f0800820d2eea84"},
{"id":"669973058f08a4e2cc0b8b00","companyId":null,"createdDate":1721332485448,"updatedDate":1721332485448,"versionId":0,"referenceId":null,"systemStatus":null,"updatedByUserId":null,"updatedByUserName":null,"systemStatusText":null,"userTypes":null,"requirementIds":null,"name":null,"sourceReferenceId":null,"sourceReferenceAppId":null,"lockedByUserId":null,"lockedByUserName":null,"publicArtifact":false,"enableOffline":false,"locked":false,"canUnlock":false,"publishComment":null,"importantPublish":false,"appId":"5f47f6258f0814ff0a91755e","type":"cc","parentId":"669943b28f08a4e2cc0b81d3","childId":"5f638a9d8f082b9cdc65941a"}]