[{"id":"66733bb68f08bdb80fbb7377","companyId":"5f47ce0c8f0815394ff3bd8a","createdDate":1718827958474,"updatedDate":1720646865745,"versionId":0,"referenceId":null,"systemStatus":null,"updatedByUserId":null,"updatedByUserName":null,"systemStatusText":null,"userTypes":null,"requirementIds":null,"name":"Import User MRB","sourceReferenceId":null,"sourceReferenceAppId":null,"lockedByUserId":null,"lockedByUserName":null,"publicArtifact":false,"enableOffline":false,"locked":false,"canUnlock":false,"publishComment":null,"importantPublish":false,"appId":"5f47f6258f0814ff0a91755e","type":"fldr","parentId":"5f47f6258f0814ff0a91755e","childId":null},
{"id":"66733bd28f08bdb80fbb7378","companyId":"5f47ce0c8f0815394ff3bd8a","createdDate":1718827986276,"updatedDate":1720646865745,"versionId":0,"referenceId":null,"systemStatus":null,"updatedByUserId":null,"updatedByUserName":null,"systemStatusText":null,"userTypes":null,"requirementIds":null,"name":null,"sourceReferenceId":null,"sourceReferenceAppId":null,"lockedByUserId":null,"lockedByUserName":null,"publicArtifact":false,"enableOffline":false,"locked":false,"canUnlock":false,"publishComment":null,"importantPublish":false,"appId":"5f47f6258f0814ff0a91755e","type":"cc","parentId":"66733bb68f08bdb80fbb7377","childId":"66732e178f08bdb80fbb7341"},
{"id":"6675d53d8f08bdb80fbb7ccd","companyId":"5f47ce0c8f0815394ff3bd8a","createdDate":1718998333272,"updatedDate":1720646865746,"versionId":0,"referenceId":null,"systemStatus":null,"updatedByUserId":null,"updatedByUserName":null,"systemStatusText":null,"userTypes":null,"requirementIds":null,"name":null,"sourceReferenceId":null,"sourceReferenceAppId":null,"lockedByUserId":null,"lockedByUserName":null,"publicArtifact":false,"enableOffline":false,"locked":false,"canUnlock":false,"publishComment":null,"importantPublish":false,"appId":"5f47f6258f0814ff0a91755e","type":"cc","parentId":"66733bb68f08bdb80fbb7377","childId":"6675aa178f08bdb80fbb7b6a"},
{"id":"668eb5388f08df157b267407","companyId":"5f47ce0c8f0815394ff3bd8a","createdDate":1720628536312,"updatedDate":1720646865747,"versionId":0,"referenceId":null,"systemStatus":null,"updatedByUserId":null,"updatedByUserName":null,"systemStatusText":null,"userTypes":null,"requirementIds":null,"name":null,"sourceReferenceId":null,"sourceReferenceAppId":null,"lockedByUserId":null,"lockedByUserName":null,"publicArtifact":false,"enableOffline":false,"locked":false,"canUnlock":false,"publishComment":null,"importantPublish":false,"appId":"5f47f6258f0814ff0a91755e","type":"wf","parentId":"66733bb68f08bdb80fbb7377","childId":"66748be98f08bdb80fbb77cc"},
{"id":"668ebb2a8f08df157b26747f","companyId":"5f47ce0c8f0815394ff3bd8a","createdDate":1720630058254,"updatedDate":1720646865747,"versionId":0,"referenceId":null,"systemStatus":null,"updatedByUserId":null,"updatedByUserName":null,"systemStatusText":null,"userTypes":null,"requirementIds":null,"name":null,"sourceReferenceId":null,"sourceReferenceAppId":null,"lockedByUserId":null,"lockedByUserName":null,"publicArtifact":false,"enableOffline":false,"locked":false,"canUnlock":false,"publishComment":null,"importantPublish":false,"appId":"5f47f6258f0814ff0a91755e","type":"cc","parentId":"66733bb68f08bdb80fbb7377","childId":"667b37118f08bdb80fbb85b4"},
{"id":"668ebb2a8f08df157b267480","companyId":"5f47ce0c8f0815394ff3bd8a","createdDate":1720630058276,"updatedDate":1720646865748,"versionId":0,"referenceId":null,"systemStatus":null,"updatedByUserId":null,"updatedByUserName":null,"systemStatusText":null,"userTypes":null,"requirementIds":null,"name":null,"sourceReferenceId":null,"sourceReferenceAppId":null,"lockedByUserId":null,"lockedByUserName":null,"publicArtifact":false,"enableOffline":false,"locked":false,"canUnlock":false,"publishComment":null,"importantPublish":false,"appId":"5f47f6258f0814ff0a91755e","type":"cc","parentId":"66733bb68f08bdb80fbb7377","childId":"668eab028f08df157b26730a"},
{"id":"668ed9f78f08df157b26757d","companyId":"5f47ce0c8f0815394ff3bd8a","createdDate":1720637943789,"updatedDate":1720646865748,"versionId":0,"referenceId":null,"systemStatus":null,"updatedByUserId":null,"updatedByUserName":null,"systemStatusText":null,"userTypes":null,"requirementIds":null,"name":null,"sourceReferenceId":null,"sourceReferenceAppId":null,"lockedByUserId":null,"lockedByUserName":null,"publicArtifact":false,"enableOffline":false,"locked":false,"canUnlock":false,"publishComment":null,"importantPublish":false,"appId":"5f47f6258f0814ff0a91755e","type":"wf","parentId":"66733bb68f08bdb80fbb7377","childId":"668ed9f68f08df157b26757b"},
{"id":"6696bc798f0867b5ca2335b2","companyId":null,"createdDate":1721154681117,"updatedDate":1721154681117,"versionId":0,"referenceId":null,"systemStatus":null,"updatedByUserId":null,"updatedByUserName":null,"systemStatusText":null,"userTypes":null,"requirementIds":null,"name":null,"sourceReferenceId":null,"sourceReferenceAppId":null,"lockedByUserId":null,"lockedByUserName":null,"publicArtifact":false,"enableOffline":false,"locked":false,"canUnlock":false,"publishComment":null,"importantPublish":false,"appId":"5f47f6258f0814ff0a91755e","type":"wf","parentId":"66733bb68f08bdb80fbb7377","childId":"6696bbcb8f0867b5ca23353e"},
{"id":"6696d3a48f0867b5ca233756","companyId":null,"createdDate":1721160612370,"updatedDate":1721160612370,"versionId":0,"referenceId":null,"systemStatus":null,"updatedByUserId":null,"updatedByUserName":null,"systemStatusText":null,"userTypes":null,"requirementIds":null,"name":null,"sourceReferenceId":null,"sourceReferenceAppId":null,"lockedByUserId":null,"lockedByUserName":null,"publicArtifact":false,"enableOffline":false,"locked":false,"canUnlock":false,"publishComment":null,"importantPublish":false,"appId":"5f47f6258f0814ff0a91755e","type":"cc","parentId":"66733bb68f08bdb80fbb7377","childId":"6696d2fa8f0867b5ca23374a"}]