[{"id":"66732e178f08bdb80fbb7341","companyId":"5f47ce0c8f0815394ff3bd8a","createdDate":1720641380787,"updatedDate":1720646865718,"versionId":29,"referenceId":null,"systemStatus":"P","updatedByUserId":"5fa999cf8f08eee59b0a70e1","updatedByUserName":"Mark Bonham","systemStatusText":null,"userTypes":[],"requirementIds":[],"name":"User_Management_Import_Users","sourceReferenceId":null,"sourceReferenceAppId":null,"lockedByUserId":null,"lockedByUserName":null,"publicArtifact":false,"enableOffline":false,"locked":false,"canUnlock":false,"publishComment":"r","importantPublish":false,"appId":"5f47f6258f0814ff0a91755e","folderId":null,"desc":null,"loadDataFrom":"model","dataModel":"TR_Main_Dashboard","webserviceId":null,"webserviceOutput":null,"preLoadWorkflowId":"","workflowId":null,"backButtonWorkflowId":null,"targetDevice":"browser","detachTemplate":true,"templateId":"","landscapeTemplateId":"","defaultTemplate":"portrait","config":{"type":"panel","style":{"width":"100%","height":"100%"},"direction":"layout-box horizontal align-start pack-start","fields":[{"type":"flexlayout","componentName":"","componentType":"vbox","class":"sortable","direction":"vertical","align":"start","pack":"stretch","style":{"width":"100%","height":"100%","display":"flex","min-width":"875px","padding-bottom":"40px","flex-direction":"column"},"hasChild":false,"id":1665001785165,"childStyle":{},"dynamicStyles":{},"fields":[{"type":"flexlayout","componentName":"","componentType":"vbox","class":"sortable","direction":"vertical","align":"start","pack":"stretch","style":{"border-radius":"10px","border-width":"1px","border-left-width":"1px","border-right-width":"1px","border-top-width":"6px","border-bottom-width":"1px","border-style":"solid","border-right-color":"#ddd","border-bottom-color":"#ddd","border-left-color":"#ddd","border-top-left-radius":"10px","border-top-right-radius":"10px","border-bottom-right-radius":"10px","border-bottom-left-radius":"10px","width":"100%","display":"flex","padding-top":"20px","padding-left":"30px","padding-right":"30px","padding-bottom":"30px"},"hasChild":false,"id":1690469479278,"childStyle":{},"dynamicStyles":{"background-color":{"isDynamic":true,"dataSourceType":"global","dataSourcefieldName":"primaryBGColor","dataSourceKey":"BRANCH_STYLES","dataSourceModelName":"Branch_Styles"},"border-top-color":{"isDynamic":true,"dataSourceType":"global","dataSourcefieldName":"primaryHeaderColor","dataSourceKey":"BRANCH_STYLES","dataSourceModelName":"Branch_Styles"}},"fields":[{"type":"flexlayout","componentName":"","componentType":"vbox","class":"sortable","direction":"vertical","align":"start","pack":"stretch","style":{"width":"100%","height":"100%","display":"flex","margin-bottom":"20px"},"hasChild":false,"id":1697575285935,"childStyle":{},"dynamicStyles":{},"fields":[{"type":"text","componentName":"","componentType":"input","class":"text-wrap","style":{"width":"100%","font-family":"Montserrat","font-size":"1.5em","font-weight":"bold"},"hasChild":false,"id":1697575285936,"dynamicStyles":{"color":{"isDynamic":true,"dataSourceType":"global","dataSourcefieldName":"primaryBGColorText","dataSourceKey":"BRANCH_STYLES","dataSourceModelName":"Branch_Styles"}},"background-color":{"isTransparent":false,"isChildTransparent":false}}],"background-color":{"isTransparent":false,"isChildTransparent":false}},{"type":"flexlayout","componentName":"","componentType":"vbox","class":"sortable","direction":"vertical","align":"start","pack":"stretch","style":{"width":"100%","margin-top":"0px","margin-left":"0px","margin-right":"0px","margin-bottom":"0px","padding-top":"20px"},"hasChild":false,"id":1665001824964,"childStyle":{},"fields":[{"type":"flexlayout","componentName":"","componentType":"vbox","class":"sortable","direction":"vertical","align":"start","pack":"stretch","style":{"width":"100%","display":"flex","margin-top":"0px","margin-left":"0px","margin-right":"0px","margin-bottom":"0px","padding-top":"0px","padding-left":"0px","padding-right":"0px","padding-bottom":"0px","flex-direction":"column"},"hasChild":false,"id":1665001824965,"childStyle":{},"dynamicStyles":{},"background-color":{"isTransparent":false,"isChildTransparent":false},"fields":[{"type":"flexlayout","componentName":"","componentType":"vbox","class":"sortable","direction":"vertical","align":"start","pack":"stretch","style":{"width":"100%","display":"flex","flex-direction":"row","justify-content":"space-between","align-items":"center"},"hasChild":false,"id":1720630600325,"childStyle":{},"fields":[{"type":"flexlayout","componentName":"","componentType":"vbox","class":"sortable","direction":"vertical","align":"start","pack":"stretch","style":{"width":"100%","display":"flex"},"hasChild":false,"id":1718824473475,"childStyle":{},"dynamicStyles":{},"background-color":{"isTransparent":false,"isChildTransparent":false},"fields":[{"type":"text","componentName":"","componentType":"input","class":"text-wrap","style":{},"hasChild":false,"id":1718824473476,"dynamicStyles":{},"background-color":{"isTransparent":false,"isChildTransparent":false}}]},{"type":"flexlayout","componentName":"","componentType":"vbox","class":"sortable","direction":"vertical","align":"start","pack":"stretch","style":{"height":"100%","display":"flex","margin-bottom":"10px","padding-bottom":"10px","flex-direction":"row","align-self":"end"},"hasChild":false,"id":1665001824966,"childStyle":{},"dynamicStyles":{},"background-color":{"isTransparent":false,"isChildTransparent":false},"fields":[{"type":"flexlayout","componentName":"","componentType":"vbox","class":"sortable","direction":"vertical","align":"start","pack":"stretch","style":{"display":"flex","padding-top":"5px","padding-left":"5px","padding-right":"5px","padding-bottom":"5px"},"hasChild":false,"id":1719342116334,"childStyle":{},"fields":[{"type":"dataUploadButton","componentName":"","componentType":"dataUploadButton","class":"btn btn-primary","style":{"border-top-left-radius":"4px","border-top-right-radius":"4px","border-bottom-left-radius":"4px","border-bottom-right-radius":"4px","border-radius":"4px"},"hasChild":false,"id":1718824473474,"dynamicStyles":{"background-color":{"isDynamic":true,"dataSourceType":"global","dataSourcefieldName":"primaryButtonColor","dataSourceKey":"BRANCH_STYLES","dataSourceModelName":"Branch_Styles"},"color":{"isDynamic":true,"dataSourceType":"global","dataSourcefieldName":"primaryButtonTextColor","dataSourceKey":"BRANCH_STYLES","dataSourceModelName":"Branch_Styles"}},"background-color":{"isTransparent":false,"isChildTransparent":false}}],"dynamicStyles":{},"background-color":{"isTransparent":false,"isChildTransparent":false},"name":"import"},{"type":"flexlayout","componentName":"","componentType":"vbox","class":"sortable","direction":"vertical","align":"start","pack":"stretch","style":{"display":"flex","padding-top":"5px","padding-left":"5px","padding-right":"5px","padding-bottom":"5px"},"hasChild":false,"id":1719342116335,"childStyle":{},"fields":[{"type":"sampleDataDownloadButton","componentName":"","componentType":"sampleDataDownloadButton","class":"btn btn-primary","style":{"height":"NaN%","border-top-left-radius":"4px","border-top-right-radius":"4px","border-bottom-left-radius":"4px","border-bottom-right-radius":"4px","border-radius":"4px"},"hasChild":false,"id":1719238432962,"dynamicStyles":{"color":{"isDynamic":true,"dataSourceType":"global","dataSourcefieldName":"primaryButtonTextColor","dataSourceKey":"BRANCH_STYLES","dataSourceModelName":"Branch_Styles"},"background-color":{"isDynamic":true,"dataSourceType":"global","dataSourcefieldName":"primaryButtonColor","dataSourceKey":"BRANCH_STYLES","dataSourceModelName":"Branch_Styles"}},"name":"Template","background-color":{"isTransparent":false,"isChildTransparent":false}}],"dynamicStyles":{},"background-color":{"isTransparent":false,"isChildTransparent":false},"name":"csvtemp"},{"type":"flexlayout","componentName":"","componentType":"vbox","class":"sortable","direction":"vertical","align":"start","pack":"stretch","style":{"display":"flex","padding-top":"5px","padding-left":"5px","padding-right":"5px","padding-bottom":"5px"},"hasChild":false,"id":1720637255267,"childStyle":{},"fields":[{"type":"button","componentName":"","componentType":"button","class":"btn btn-primary","style":{"border-top-left-radius":"4px","border-top-right-radius":"4px","border-bottom-left-radius":"4px","border-bottom-right-radius":"4px","border-radius":"4px"},"hasChild":false,"id":1720630600326,"dynamicStyles":{"background-color":{"isDynamic":true,"dataSourceType":"global","dataSourcefieldName":"secondaryButtonColor","dataSourceKey":"BRANCH_STYLES","dataSourceModelName":"Branch_Styles"},"color":{"isDynamic":true,"dataSourceType":"global","dataSourcefieldName":"secondaryButtonTextColor","dataSourceKey":"BRANCH_STYLES","dataSourceModelName":"Branch_Styles"}},"background-color":{"isTransparent":false,"isChildTransparent":false}}],"dynamicStyles":{},"background-color":{"isTransparent":false,"isChildTransparent":false}}]}],"dynamicStyles":{},"background-color":{"isTransparent":false,"isChildTransparent":false}},{"type":"flexlayout","componentName":"","componentType":"hbox","class":"sortable","direction":"horizontal","align":"start","pack":"stretch","style":{"width":"100%","margin-top":"0px","margin-left":"0px","margin-right":"0px","margin-bottom":"0px","padding-top":"0px","padding-left":"10px","padding-right":"20px","padding-bottom":"0px","flex-direction":"row","align-items":"center"},"hasChild":false,"id":1665001824968,"fields":[{"type":"spacer","class":"someClass orTwo","componentType":"spacer","style":{"width":"18%"},"hasChild":false,"id":1665001824970,"childStyle":{},"dynamicStyles":{},"background-color":{"isTransparent":false,"isChildTransparent":false}},{"type":"flexlayout","componentName":"","componentType":"vbox","class":"sortable","direction":"vertical","align":"start","pack":"stretch","style":{"width":"25%","display":"flex","margin-top":"0px","margin-left":"0px","margin-right":"0px","margin-bottom":"0px","padding-top":"0px","padding-left":"0px","padding-right":"0px","padding-bottom":"0px"},"hasChild":false,"id":1665001824972,"childStyle":{},"fields":[{"type":"text","componentName":"","componentType":"input","class":"text-wrap","style":{"width":"100%","margin-top":"0px","margin-left":"0px","margin-right":"0px","margin-bottom":"0px","padding-top":"0px","padding-left":"0px","padding-right":"0px","padding-bottom":"0px","font-family":"Montserrat","font-size":".9em","font-weight":"bold"},"hasChild":false,"id":1665001824973,"dynamicStyles":{"color":{"isDynamic":true,"dataSourceType":"global","dataSourcefieldName":"primaryBGColorText","dataSourceKey":"BRANCH_STYLES","dataSourceModelName":"Branch_Styles"}},"background-color":{"isTransparent":false,"isChildTransparent":false}}],"dynamicStyles":{},"background-color":{"isTransparent":false,"isChildTransparent":false}},{"type":"flexlayout","componentName":"","componentType":"vbox","class":"sortable","direction":"vertical","align":"start","pack":"stretch","style":{"width":"27%","display":"flex","margin-top":"0px","margin-left":"0px","margin-right":"0px","margin-bottom":"0px","padding-top":"0px","padding-left":"0px","padding-right":"0px","padding-bottom":"0px"},"hasChild":false,"id":1665001824974,"childStyle":{},"fields":[{"type":"text","componentName":"","componentType":"input","class":"text-wrap","style":{"width":"100%","margin-top":"0px","margin-left":"0px","margin-right":"0px","margin-bottom":"0px","padding-top":"0px","padding-left":"0px","padding-right":"0px","padding-bottom":"0px","font-family":"Montserrat","font-size":".9em","font-weight":"bold"},"hasChild":false,"id":1719351478436,"dynamicStyles":{"color":{"isDynamic":true,"dataSourceType":"global","dataSourcefieldName":"primaryBGColorText","dataSourceKey":"BRANCH_STYLES","dataSourceModelName":"Branch_Styles"}},"background-color":{"isTransparent":false,"isChildTransparent":false}}],"dynamicStyles":{},"background-color":{"isTransparent":false,"isChildTransparent":false}},{"type":"flexlayout","componentName":"","componentType":"vbox","class":"sortable","direction":"vertical","align":"start","pack":"stretch","style":{"width":"27%","display":"flex","margin-top":"0px","margin-left":"0px","margin-right":"0px","margin-bottom":"0px","padding-top":"0px","padding-left":"0px","padding-right":"0px","padding-bottom":"0px"},"hasChild":false,"id":1694810749745,"childStyle":{},"fields":[{"type":"text","componentName":"","componentType":"input","class":"text-wrap","style":{"width":"100%","margin-top":"0px","margin-left":"0px","margin-right":"0px","margin-bottom":"0px","padding-top":"0px","padding-left":"0px","padding-right":"0px","padding-bottom":"0px","font-family":"Montserrat","font-size":".9em","font-weight":"bold"},"hasChild":false,"id":1719351535733,"dynamicStyles":{"color":{"isDynamic":true,"dataSourceType":"global","dataSourcefieldName":"primaryBGColorText","dataSourceKey":"BRANCH_STYLES","dataSourceModelName":"Branch_Styles"}},"background-color":{"isTransparent":false,"isChildTransparent":false}}],"dynamicStyles":{},"background-color":{"isTransparent":false,"isChildTransparent":false}}],"childStyle":{},"dynamicStyles":{},"background-color":{"isTransparent":false,"isChildTransparent":false}}]},{"type":"flexlayout","componentName":"","componentType":"vbox","class":"sortable","direction":"vertical","align":"start","pack":"stretch","style":{"width":"100%","margin-top":"0px","margin-left":"0px","margin-right":"0px","margin-bottom":"0px","padding-top":"10px"},"hasChild":false,"id":1665001824976,"childStyle":{},"dynamicStyles":{},"background-color":{"isTransparent":false,"isChildTransparent":false},"fields":[{"type":"list","class":"someClass orTwo","componentType":"list","style":{"width":"100%","padding-top":"0px","padding-left":"0px","padding-right":"0px","padding-bottom":"0px"},"hasChild":true,"id":1665001824977,"dynamicStyles":{},"dynamicChildStyles":{},"background-color":{"isTransparent":false,"isChildTransparent":false},"name":"Temp_Import_list"}]},{"type":"flexlayout","componentName":"","componentType":"vbox","class":"sortable","direction":"vertical","align":"start","pack":"stretch","style":{"border-left-width":"0px","border-right-width":"0px","border-top-width":"1px","border-bottom-width":"0px","border-style":"solid","border-color":"rgb(6, 216, 0)","width":"100%","margin-top":"0px","margin-left":"0px","margin-right":"0px","margin-bottom":"0px","padding-top":"-10px"},"hasChild":false,"id":1720628017231,"childStyle":{},"dynamicStyles":{},"background-color":{"isTransparent":false,"isChildTransparent":false},"fields":[{"type":"list","class":"someClass orTwo","componentType":"list","style":{"width":"100%","padding-top":"0px","padding-left":"0px","padding-right":"0px","padding-bottom":"0px"},"hasChild":true,"id":1720628017232,"dynamicStyles":{},"dynamicChildStyles":{},"background-color":{"isTransparent":false,"isChildTransparent":false},"name":"Temp_Import_list2"}]}],"dynamicStyles":{},"background-color":{"isTransparent":false,"isChildTransparent":false},"name":"search_results"}],"background-color":{"isTransparent":false,"isChildTransparent":false},"rrStyles":["box_shadow_flex_large"],"globalShowDynamicStyles":true}],"background-color":{"isTransparent":false,"isChildTransparent":false}}],"id":1665001785164,"childStyle":{},"dynamicStyles":{},"background-color":{"isTransparent":false,"isChildTransparent":false}},"portraitConfig":null,"landscapeConfig":null,"pageBuilderConfig":{"1665001785164":{"listeners":{"click":{"workflow":"","submit":false},"drag":{"workflow":"","submit":false},"panelResize":{"workflow":"","submit":false}},"cssClassNamedataSourceType":""},"1665001785165":{"listeners":{"click":{"workflow":"","submit":false},"drag":{"workflow":"","submit":false},"panelResize":{"workflow":"","submit":false}}},"1665001824964":{"listeners":{"click":{"workflow":"","submit":false,"type":"workflow","success":{"type":"goTo","screenId":""}},"drag":{"workflow":"","submit":false},"doubleclick":{"type":"workflow","success":{"type":"goTo","screenId":""}}},"hoverTxtdataSourceType":""},"1665001824965":{"listeners":{"click":{"workflow":"","submit":false,"type":"workflow","success":{"type":"goTo","screenId":""}},"drag":{"workflow":"","submit":false},"doubleclick":{"type":"workflow","success":{"type":"goTo","screenId":""}}},"hoverTxtdataSourceType":""},"1665001824966":{"listeners":{"click":{"workflow":"","submit":false,"type":"workflow","success":{"type":"goTo","screenId":""}},"drag":{"workflow":"","submit":false},"doubleclick":{"type":"workflow","success":{"type":"goTo","screenId":""}}},"hoverTxtdataSourceType":"","cssClassNamedataSourceType":""},"1665001824968":{"listeners":{"click":{"workflow":"","submit":false,"type":"workflow","success":{"type":"goTo","screenId":""}},"drag":{"workflow":"","submit":false},"doubleclick":{"type":"workflow","success":{"type":"goTo","screenId":""}}},"hoverTxtdataSourceType":""},"1665001824970":{"cssClassNamedataSourceType":""},"1665001824972":{"listeners":{"click":{"workflow":"","submit":false,"type":"workflow","success":{"type":"goTo","screenId":""}},"drag":{"workflow":"","submit":false},"doubleclick":{"type":"workflow","success":{"type":"goTo","screenId":""}}},"hoverTxtdataSourceType":""},"1665001824973":{"listeners":{"click":{"workflow":"","submit":false,"type":"workflow","success":{"type":"goTo","screenId":""}},"doubleclick":{"type":"workflow","success":{"type":"goTo","screenId":""}}},"dataSourceType":"constant","dataSourcefieldName":"Email","labelKey":"Email","isRequiredKeydataSourceType":"","ellipsis":"","cssClassNamedataSourceType":""},"1665001824974":{"listeners":{"click":{"workflow":"","submit":false,"type":"workflow","success":{"type":"goTo","screenId":""}},"drag":{"workflow":"","submit":false},"doubleclick":{"type":"workflow","success":{"type":"goTo","screenId":""}}},"hoverTxtdataSourceType":""},"1665001824976":{"listeners":{"click":{"workflow":"","submit":false,"type":"workflow","success":{"type":"goTo","screenId":""}},"drag":{"workflow":"","submit":false},"doubleclick":{"type":"workflow","success":{"type":"goTo","screenId":""}}},"hoverTxtdataSourceType":"","cssClassNamedataSourceType":""},"1665001824977":{"listeners":{"click":{"workflow":"","submit":false,"type":"workflow","success":{"type":"goTo","screenId":""}},"focus":{"workflow":"","submit":false,"type":"workflow","success":{"type":"goTo","screenId":""}}},"isMultiCustom":false,"listCC":[{"type":"","id":""}],"listType":"customList","dataSourceType":"global","emptyListCCdataSourceType":"","customComponent":"6675aa178f08bdb80fbb7b6a","dataSourceKey":"TEMP_IMPORT_LIST","dataSourceModelName":"User","useExistingKey":false,"scrollTodataSourceType":"","cssClassNamedataSourceType":"","emptyListCC":"667b37118f08bdb80fbb85b4","mapping-model":"API_MainResponse","alternateColor":true,"listOddBgColor":"#FFE6E6","listEvenBgColor":"#EFEFEF"},"1690469479278":{"listeners":{"click":{"workflow":"","submit":false,"type":"workflow","success":{"type":"goTo","screenId":""}},"drag":{"workflow":"","submit":false},"panelResize":{"workflow":"","submit":false},"doubleclick":{"type":"workflow","success":{"type":"goTo","screenId":""}}},"hoverTxtdataSourceType":""},"1694810749745":{"listeners":{"click":{"workflow":"","submit":false,"type":"workflow","success":{"type":"goTo","screenId":""}},"drag":{"workflow":"","submit":false},"doubleclick":{"type":"workflow","success":{"type":"goTo","screenId":""}}},"hoverTxtdataSourceType":""},"1697575285935":{"listeners":{"click":{"workflow":"","submit":false,"type":"workflow","success":{"type":"goTo","screenId":""}},"drag":{"workflow":"","submit":false},"panelResize":{"workflow":"","submit":false},"doubleclick":{"type":"workflow","success":{"type":"goTo","screenId":""}}},"hoverTxtdataSourceType":""},"1697575285936":{"listeners":{"click":{"workflow":"","submit":false,"type":"workflow","success":{"type":"goTo","screenId":""}},"doubleclick":{"type":"workflow","success":{"type":"goTo","screenId":""}}},"cssClassNamedataSourceType":"","dataSourceType":"constant","dataSourcefieldName":"Import Users","ellipsis":"","isRequiredKeydataSourceType":"","labelKey":"Import Users"},"1718824473474":{"listeners":{"click":{"workflow":"66748be98f08bdb80fbb77cc","submit":false,"type":"workflow","success":{"type":"goTo","screenId":""},"inputConfig":"rr_page_data"},"longPress":{"workflow":"","submit":false}},"cssClassNamedataSourceType":"","dataSourceType":"constant","model":"Staging_User_Import","dataSourcefieldName":"Import","uploadResponsefieldName":"selectedObject2","labelKey":"Import"},"1718824473475":{"listeners":{"click":{"workflow":"","submit":false,"type":"workflow","success":{"type":"goTo","screenId":""}},"drag":{"workflow":"","submit":false},"panelResize":{"workflow":"","submit":false},"doubleclick":{"type":"workflow","success":{"type":"goTo","screenId":""}}},"hoverTxtdataSourceType":""},"1718824473476":{"listeners":{"click":{"workflow":"","submit":false,"type":"workflow","success":{"type":"goTo","screenId":""}},"doubleclick":{"type":"workflow","success":{"type":"goTo","screenId":""}}},"cssClassNamedataSourceType":"","dataSourceType":"constant","dataSourcefieldName":"This function in for CSV only.","ellipsis":"","isRequiredKeydataSourceType":"","labelKey":"This function in for CSV Imports only."},"1719238432962":{"cssClassNamedataSourceType":"","dataSourceType":"constant","model":"Staging_User_Import","dataSourcefieldName":"CSV Template","labelKey":"CSV Template"},"1719342116335":{"listeners":{"click":{"workflow":"","submit":false,"type":"workflow","success":{"type":"goTo","screenId":""}},"drag":{"workflow":"","submit":false},"panelResize":{"workflow":"","submit":false},"doubleclick":{"type":"workflow","success":{"type":"goTo","screenId":""}}},"hoverTxtdataSourceType":""},"1719342116334":{"listeners":{"click":{"workflow":"","submit":false},"drag":{"workflow":"","submit":false},"panelResize":{"workflow":"","submit":false}}},"1719351478436":{"listeners":{"click":{"workflow":"","submit":false,"type":"workflow","success":{"type":"goTo","screenId":""}},"doubleclick":{"type":"workflow","success":{"type":"goTo","screenId":""}}},"dataSourceType":"constant","dataSourcefieldName":"Username","labelKey":"Username","isRequiredKeydataSourceType":"","ellipsis":""},"1719351535733":{"listeners":{"click":{"workflow":"","submit":false,"type":"workflow","success":{"type":"goTo","screenId":""}},"doubleclick":{"type":"workflow","success":{"type":"goTo","screenId":""}}},"dataSourceType":"constant","dataSourcefieldName":"Error","labelKey":"Error!","isRequiredKeydataSourceType":"","ellipsis":""},"1720628017231":{"listeners":{"click":{"workflow":"","submit":false,"type":"workflow","success":{"type":"goTo","screenId":""}},"drag":{"workflow":"","submit":false},"doubleclick":{"type":"workflow","success":{"type":"goTo","screenId":""}}},"hoverTxtdataSourceType":"","cssClassNamedataSourceType":""},"1720628017232":{"listeners":{"click":{"workflow":"","submit":false,"type":"workflow","success":{"type":"goTo","screenId":""}},"focus":{"workflow":"","submit":false,"type":"workflow","success":{"type":"goTo","screenId":""}}},"isMultiCustom":false,"listCC":[{"type":"","id":""}],"listType":"customList","dataSourceType":"global","emptyListCCdataSourceType":"","customComponent":"668eab028f08df157b26730a","dataSourceKey":"TEMP_IMPORT_LIST2","dataSourceModelName":"User","useExistingKey":false,"scrollTodataSourceType":"","cssClassNamedataSourceType":"","emptyListCC":"","mapping-model":"API_MainResponse","alternateColor":true,"listEvenBgColor":"#EFEFEF","listOddBgColor":"#E2FFD5"},"1720630600325":{"listeners":{"click":{"workflow":"","submit":false},"drag":{"workflow":"","submit":false},"panelResize":{"workflow":"","submit":false}}},"1720637255267":{"listeners":{"click":{"workflow":"","submit":false},"drag":{"workflow":"","submit":false},"panelResize":{"workflow":"","submit":false}}},"1720630600326":{"listeners":{"click":{"workflow":"668ed9f68f08df157b26757b","submit":false,"type":"workflow","success":{"type":"goTo","screenId":""}},"longPress":{"workflow":"","submit":false}},"cssClassNamedataSourceType":"","dataSourceType":"constant","badgedataSourceType":"","hoverTxtdataSourceType":"","filter":"","ellipsis":"","labelKey":"Clear All","dataSourcefieldName":"Clear All"},"dataModel":"TR_Main_Dashboard"},"gridLayoutConfig":{"cols":1,"rows":1,"gridgap":{"int":0,"unit":"em"},"autoflow":true,"explicit":{"colValues":"auto","rowValues":"auto"}},"savedId":null,"workInProgress":false,"status":null,"createdBy":null,"lastModifiedBy":null,"deleted":false,"customComponent":true,"style":false,"animation":false,"styleComponentType":null,"hidden":false,"hideDrawer":false,"lockOrientation":null,"screenShotData":null,"customComponentScreenShot":false,"eventMappings":null,"layoutRows":0,"layoutCols":0,"enableRuntimeConfiguration":false,"inputs":null,"timerWorkflowId":null,"timeInterval":0,"label":null,"leftArrowWorkflowId":null,"rightArrowWorkflowId":null,"bpmManaged":false,"category":null,"displaySeq":0,"rowCounter":0,"columnCounter":0,"aiHtml":null,"customization":null,"pageData":null},
{"id":"6675aa178f08bdb80fbb7b6a","companyId":"5f47ce0c8f0815394ff3bd8a","createdDate":1720624430403,"updatedDate":1720646865730,"versionId":7,"referenceId":null,"systemStatus":"P","updatedByUserId":"5fa999cf8f08eee59b0a70e1","updatedByUserName":"Mark Bonham","systemStatusText":null,"userTypes":[],"requirementIds":[],"name":"User_Management_Import_User_List_Item","sourceReferenceId":"5f47f8728f0814ff0a91768d","sourceReferenceAppId":"5e4ad395e4b053c18438f562","lockedByUserId":null,"lockedByUserName":null,"publicArtifact":false,"enableOffline":false,"locked":false,"canUnlock":false,"publishComment":"g","importantPublish":false,"appId":"5f47f6258f0814ff0a91755e","folderId":null,"desc":null,"loadDataFrom":"model","dataModel":"SUB_String","webserviceId":null,"webserviceOutput":null,"preLoadWorkflowId":null,"workflowId":null,"backButtonWorkflowId":null,"targetDevice":"browser","detachTemplate":true,"templateId":"","landscapeTemplateId":"","defaultTemplate":"portrait","config":{"type":"gridpanel","style":{"width":"100%","height":"100%","display":"grid","grid-gap":"0em","grid-template-columns":"repeat(4, 1fr)","grid-template-rows":"repeat(4, 1fr)","grid-auto-rows":"1fr","grid-auto-columns":"1fr"},"direction":"layout-grid","fields":[{"type":"flexlayout","componentName":"","componentType":"vbox","class":"sortable","direction":"vertical","align":"start","pack":"stretch","style":{"border-width":"1px","border-left-width":"0","border-right-width":"0","border-top-width":"1px","border-bottom-width":"0","border-style":"solid","border-color":"#ddd","width":"100%","display":"flex","overflow":"hidden","grid-area":"1 / 1 / 5 / 5"},"hasChild":false,"gridArea":"1 / 1 / 5 / 5","id":1592335313852,"childStyle":{},"dynamicStyles":{"background-color":{"isDynamic":true,"dataSourceType":"global","dataSourcefieldName":"primaryBGColor","dataSourceKey":"BRANCH_STYLES","dataSourceModelName":"Branch_Styles"}},"background-color":{"isTransparent":false,"isChildTransparent":false},"fields":[{"type":"flexlayout","componentName":"","componentType":"hbox","class":"sortable","direction":"horizontal","align":"start","pack":"stretch","style":{"width":"100%","height":"100%","display":"flex","margin-top":"0px","margin-left":"0px","margin-right":"0px","margin-bottom":"0px","padding-top":"10px","padding-left":"10px","padding-right":"20px","padding-bottom":"10px","flex-direction":"row","align-items":"center"},"hasChild":false,"id":1592336062718,"fields":[{"type":"flexlayout","componentName":"","componentType":"vbox","class":"sortable","direction":"vertical","align":"start","pack":"stretch","style":{"width":"18%","height":"100%","display":"flex","padding-left":"0","padding-right":"15px","flex-direction":"row","justify-content":"space-evenly","align-items":"center"},"hasChild":false,"id":1665512485557,"childStyle":{},"dynamicStyles":{},"fields":[{"type":"flexlayout","componentName":"","componentType":"vbox","class":"sortable","direction":"vertical","align":"start","pack":"stretch","style":{"border-radius":"4px","border-top-left-radius":"4px","border-top-right-radius":"4px","border-bottom-right-radius":"4px","border-bottom-left-radius":"4px","display":"flex"},"hasChild":false,"id":1688068236538,"childStyle":{},"fields":[{"type":"text","componentName":"","componentType":"input","class":"text-wrap","style":{},"hasChild":false,"id":1718987287892,"dynamicStyles":{}}],"dynamicStyles":{},"background-color":{"isTransparent":false,"isChildTransparent":false},"rrCSSClass":["panel_Highlight"]}],"background-color":{"isTransparent":false,"isChildTransparent":false}},{"type":"flexlayout","componentName":"","componentType":"vbox","class":"sortable","direction":"vertical","align":"start","pack":"stretch","style":{"width":"36%","display":"flex","overflow":"hidden"},"hasChild":false,"id":1592336062720,"childStyle":{},"dynamicStyles":{},"background-color":{"isTransparent":false,"isChildTransparent":false},"fields":[{"type":"text","componentName":"","componentType":"input","class":"text-wrap","style":{"width":"100%","margin-top":"0px","margin-left":"0px","margin-right":"0px","margin-bottom":"0px","font-family":"Montserrat","font-size":".9em"},"hasChild":false,"id":1592336062729,"dynamicStyles":{"color":{"isDynamic":true,"dataSourceType":"global","dataSourcefieldName":"primaryBGColorText","dataSourceKey":"BRANCH_STYLES","dataSourceModelName":"Branch_Styles"}},"background-color":{"isTransparent":false,"isChildTransparent":false},"name":"email1"}]},{"type":"flexlayout","componentName":"","componentType":"vbox","class":"sortable","direction":"vertical","align":"start","pack":"stretch","style":{"width":"30%","display":"flex","margin-top":"0px","margin-left":"0px","margin-right":"0px","margin-bottom":"0px","grid-area":"1 / 1 / 5 / 5"},"hasChild":false,"id":1694798552357,"childStyle":{},"dynamicStyles":{},"background-color":{"isTransparent":false,"isChildTransparent":false},"fields":[{"type":"text","componentName":"","componentType":"input","class":"text-wrap","style":{"width":"100%","margin-top":"0px","margin-left":"0px","margin-right":"0px","margin-bottom":"0px","font-family":"Montserrat","font-size":".9em"},"hasChild":false,"id":1694798552358,"dynamicStyles":{"color":{"isDynamic":true,"dataSourceType":"global","dataSourcefieldName":"primaryBGColorText","dataSourceKey":"BRANCH_STYLES","dataSourceModelName":"Branch_Styles"}},"background-color":{"isTransparent":false,"isChildTransparent":false},"name":"Username1"}],"gridArea":"1 / 1 / 5 / 5"},{"type":"flexlayout","componentName":"","componentType":"vbox","class":"sortable","direction":"vertical","align":"start","pack":"stretch","style":{"display":"flex","margin-top":"0px","margin-left":"0px","margin-right":"0px","margin-bottom":"0px"},"hasChild":false,"id":1592336062721,"childStyle":{},"dynamicStyles":{},"background-color":{"isTransparent":false,"isChildTransparent":false},"fields":[{"type":"text","componentName":"","componentType":"input","class":"text-wrap","style":{"width":"100%","margin-top":"0px","margin-left":"0px","margin-right":"0px","margin-bottom":"0px","font-family":"Montserrat","font-size":".9em"},"hasChild":false,"id":1592336062730,"dynamicStyles":{"color":{"isDynamic":true,"dataSourceType":"global","dataSourcefieldName":"primaryBGColorText","dataSourceKey":"BRANCH_STYLES","dataSourceModelName":"Branch_Styles"}},"background-color":{"isTransparent":false,"isChildTransparent":false},"name":"reasons"}]}],"childStyle":{},"dynamicStyles":{},"background-color":{"isTransparent":false,"isChildTransparent":false}}]}],"id":1592335313851,"gridLayoutProps":{"rows":1,"cols":1,"layOutRows":4,"layOutCols":4,"grids":["1 / 1 / 5 / 5"]},"childStyle":{},"dynamicStyles":{},"background-color":{"isTransparent":false,"isChildTransparent":false}},"portraitConfig":null,"landscapeConfig":null,"pageBuilderConfig":{"1592335313851":{"listeners":{"click":{"workflow":"","submit":false,"type":"workflow","success":{"type":"goTo","screenId":""}},"drag":{"workflow":"","submit":false}},"cssClassNamedataSourceType":"","hoverTxtdataSourceType":""},"1592335313852":{"listeners":{"click":{"workflow":"","submit":false,"type":"workflow","success":{"type":"goTo","screenId":""}},"drag":{"workflow":"","submit":false},"doubleclick":{"type":"workflow","success":{"type":"goTo","screenId":""}}},"hoverTxtdataSourceType":"","cssClassNamedataSourceType":""},"1592336062719":{"listeners":{"click":{"workflow":"","submit":false,"type":"workflow","success":{"type":"goTo","screenId":""}},"drag":{"workflow":"","submit":false},"doubleclick":{"type":"workflow","success":{"type":"goTo","screenId":""}}},"hoverTxtdataSourceType":""},"1592336062724":{"listeners":{"click":{"workflow":"","submit":false,"type":"workflow","success":{"type":"goTo","screenId":""}},"drag":{"workflow":"","submit":false},"doubleclick":{"type":"workflow","success":{"type":"goTo","screenId":""}}},"hoverTxtdataSourceType":""},"1592336062725":{"listeners":{"click":{"workflow":"","submit":false,"type":"workflow","success":{"type":"goTo","screenId":""}},"drag":{"workflow":"","submit":false},"doubleclick":{"type":"workflow","success":{"type":"goTo","screenId":""}}},"hoverTxtdataSourceType":""},"1592336062728":{"listeners":{"click":{"workflow":"","submit":false,"type":"workflow","success":{"type":"goTo","screenId":""}},"doubleclick":{"type":"workflow","success":{"type":"goTo","screenId":""}}},"cssClassNamedataSourceType":"","dataSourceType":"pagemodel","dataSourcefieldName":"lastName","ellipsis":"","isRequiredKeydataSourceType":"","enableTranslation":true},"1592336062720":{"listeners":{"click":{"workflow":"","submit":false,"type":"workflow","success":{"type":"goTo","screenId":""}},"drag":{"workflow":"","submit":false},"doubleclick":{"type":"workflow","success":{"type":"goTo","screenId":""}}},"cssClassNamedataSourceType":"","hoverTxtdataSourceType":""},"1592336062729":{"listeners":{"click":{"workflow":"","submit":false,"type":"workflow","success":{"type":"goTo","screenId":""}},"doubleclick":{"type":"workflow","success":{"type":"goTo","screenId":""}}},"dataSourceType":"pagemodel","dataSourcefieldName":"string2","ellipsis":"","isRequiredKeydataSourceType":"","enableTranslation":true},"1592336062718":{"listeners":{"click":{"workflow":"","submit":false,"type":"workflow","success":{"type":"goTo","screenId":""}},"drag":{"workflow":"","submit":false},"doubleclick":{"type":"workflow","success":{"type":"goTo","screenId":""}}},"hoverTxtdataSourceType":"","cssClassNamedataSourceType":""},"1592336062721":{"listeners":{"click":{"workflow":"","submit":false},"drag":{"workflow":"","submit":false}}},"1592336062730":{"listeners":{"click":{"workflow":"","submit":false,"type":"workflow","success":{"type":"goTo","screenId":""}},"doubleclick":{"type":"workflow","success":{"type":"goTo","screenId":""}}},"cssClassNamedataSourceType":"","dataSourceType":"pagemodel","dataSourcefieldName":"string3","ellipsis":"","isRequiredKeydataSourceType":"","filter":"","dateFormat":"M/d/yy h:mm a","enableTranslation":true},"1592336062722":{"listeners":{"click":{"workflow":"","submit":false},"drag":{"workflow":"","submit":false}}},"1665002264242":{"listeners":{"click":{"workflow":"","submit":false,"type":"workflow","success":{"type":"goTo","screenId":""}},"doubleclick":{"type":"workflow","success":{"type":"goTo","screenId":""}}},"cssClassNamedataSourceType":"","dataSourceType":"pagemodel","dataSourcefieldName":"firstName","ellipsis":"","isRequiredKeydataSourceType":"","enableTranslation":true},"1665512485557":{"listeners":{"click":{"workflow":"","submit":false},"drag":{"workflow":"","submit":false},"panelResize":{"workflow":"","submit":false}}},"1688068236538":{"listeners":{"click":{"workflow":"","submit":false},"drag":{"workflow":"","submit":false},"panelResize":{"workflow":"","submit":false}}},"1694798552357":{"listeners":{"click":{"workflow":"","submit":false,"type":"workflow","success":{"type":"goTo","screenId":""}},"drag":{"workflow":"","submit":false},"doubleclick":{"type":"workflow","success":{"type":"goTo","screenId":""}}},"hoverTxtdataSourceType":""},"1694798552358":{"listeners":{"click":{"workflow":"","submit":false,"type":"workflow","success":{"type":"goTo","screenId":""}},"doubleclick":{"type":"workflow","success":{"type":"goTo","screenId":""}}},"cssClassNamedataSourceType":"","dataSourceType":"pagemodel","dataSourcefieldName":"string","ellipsis":"","isRequiredKeydataSourceType":"","filter":"","dateFormat":"MMM d, y h:mm:ss a","enableTranslation":true},"1718987287892":{"listeners":{"click":{"workflow":"","submit":false}},"cssClassNamedataSourceType":"","dataSourceType":"constant","dataSourcefieldName":"Failed","labelKey":""},"dataModel":"SUB_String"},"gridLayoutConfig":{"cols":1,"rows":1,"gridgap":{"int":0,"unit":"em"},"autoflow":true,"explicit":{"colValues":"auto","rowValues":"auto"}},"savedId":null,"workInProgress":false,"status":null,"createdBy":null,"lastModifiedBy":null,"deleted":false,"customComponent":true,"style":false,"animation":false,"styleComponentType":null,"hidden":false,"hideDrawer":false,"lockOrientation":null,"screenShotData":null,"customComponentScreenShot":false,"eventMappings":null,"layoutRows":0,"layoutCols":0,"enableRuntimeConfiguration":false,"inputs":null,"timerWorkflowId":null,"timeInterval":0,"label":null,"leftArrowWorkflowId":null,"rightArrowWorkflowId":null,"bpmManaged":false,"category":null,"displaySeq":0,"rowCounter":0,"columnCounter":0,"aiHtml":null,"customization":null,"pageData":null},
{"id":"667b37118f08bdb80fbb85b4","companyId":"5f47ce0c8f0815394ff3bd8a","createdDate":1719351205859,"updatedDate":1720646865735,"versionId":0,"referenceId":null,"systemStatus":"P","updatedByUserId":"5fa999cf8f08eee59b0a70e1","updatedByUserName":"Mark Bonham","systemStatusText":null,"userTypes":[],"requirementIds":[],"name":"User_Management_CSV_Import_Empty","sourceReferenceId":null,"sourceReferenceAppId":null,"lockedByUserId":null,"lockedByUserName":null,"publicArtifact":false,"enableOffline":false,"locked":false,"canUnlock":false,"publishComment":"f","importantPublish":false,"appId":"5f47f6258f0814ff0a91755e","folderId":null,"desc":null,"loadDataFrom":"model","dataModel":"TR_Main_Dashboard","webserviceId":null,"webserviceOutput":null,"preLoadWorkflowId":null,"workflowId":null,"backButtonWorkflowId":null,"targetDevice":"browser","detachTemplate":true,"templateId":"","landscapeTemplateId":"","defaultTemplate":"portrait","config":{"type":"panel","style":{"width":"100%","height":"100%"},"direction":"layout-box horizontal align-start pack-start","fields":[{"type":"flexlayout","componentName":"","componentType":"vbox","class":"sortable","direction":"vertical","align":"start","pack":"stretch","style":{"width":"100%","height":"100%","display":"flex"},"hasChild":false,"id":1696527298744,"childStyle":{},"fields":[{"type":"flexlayout","componentName":"","componentType":"vbox","class":"sortable","direction":"vertical","align":"start","pack":"stretch","style":{"border-left-width":"0","border-right-width":"0","border-top-width":"1px","border-bottom-width":"0","border-style":"solid","border-color":"#ccc","width":"100%","display":"flex","padding-top":"20px"},"hasChild":false,"id":1696527298743,"childStyle":{},"dynamicStyles":{},"fields":[{"type":"flexlayout","componentName":"","componentType":"vbox","class":"sortable","direction":"vertical","align":"start","pack":"stretch","style":{"border-radius":"8px","border-width":"1px","border-left-width":"1px","border-right-width":"1px","border-top-width":"1px","border-bottom-width":"1px","border-style":"solid","border-color":"#ddd","border-top-left-radius":"8px","border-top-right-radius":"8px","border-bottom-right-radius":"8px","border-bottom-left-radius":"8px","width":"100%","height":"100%","display":"flex","padding-top":"15px","padding-left":"20px","padding-right":"20px","padding-bottom":"20px","flex-direction":"column","align-items":"center"},"hasChild":false,"id":1696527387076,"childStyle":{},"fields":[{"type":"text","componentName":"","componentType":"input","class":"text-wrap","style":{"margin-bottom":"5px","font-size":"25px","color":"#6d6d6d"},"hasChild":false,"id":1696527387077,"dynamicStyles":{},"background-color":{"isTransparent":false,"isChildTransparent":false}},{"type":"text","componentName":"","componentType":"input","class":"text-wrap","style":{"font-family":"Montserrat","font-size":"1.1em"},"hasChild":false,"id":1696527387078,"dynamicStyles":{"color":{"isDynamic":true,"dataSourceType":"global","dataSourcefieldName":"primaryBGColorText","dataSourceKey":"BRANCH_STYLES","dataSourceModelName":"Branch_Styles"}},"background-color":{"isTransparent":false,"isChildTransparent":false},"rrStyles":["body_text"]}],"dynamicStyles":{"background-color":{"isDynamic":true,"dataSourceType":"global","dataSourcefieldName":"secondaryBGColor","dataSourceKey":"BRANCH_STYLES","dataSourceModelName":"Branch_Styles"}},"background-color":{"isTransparent":false,"isChildTransparent":false}}],"background-color":{"isTransparent":false,"isChildTransparent":false}}],"dynamicStyles":{}}],"id":1696527298742,"childStyle":{},"dynamicStyles":{}},"portraitConfig":null,"landscapeConfig":null,"pageBuilderConfig":{"1696527298742":{"listeners":{"click":{"workflow":"","submit":false},"drag":{"workflow":"","submit":false},"panelResize":{"workflow":"","submit":false}},"cssClassNamedataSourceType":""},"1696527298743":{"listeners":{"click":{"workflow":"","submit":false,"type":"workflow","success":{"type":"goTo","screenId":""}},"drag":{"workflow":"","submit":false},"panelResize":{"workflow":"","submit":false},"doubleclick":{"type":"workflow","success":{"type":"goTo","screenId":""}}},"hoverTxtdataSourceType":""},"1696527387076":{"listeners":{"click":{"workflow":"","submit":false,"type":"workflow","success":{"type":"goTo","screenId":""}},"drag":{"workflow":"","submit":false},"doubleclick":{"type":"workflow","success":{"type":"goTo","screenId":""}}},"hoverTxtdataSourceType":""},"1696527387077":{"listeners":{"click":{"workflow":"","submit":false,"type":"workflow","success":{"type":"goTo","screenId":""}},"doubleclick":{"type":"workflow","success":{"type":"goTo","screenId":""}}},"cssClassNamedataSourceType":"","dataSourceType":"constant","dataSourcefieldName":"<i class=\"fa-solid fa-check-double\"></i>","isRequiredKeydataSourceType":"","ellipsis":""},"1696527387078":{"listeners":{"click":{"workflow":"","submit":false,"type":"workflow","success":{"type":"goTo","screenId":""}},"doubleclick":{"type":"workflow","success":{"type":"goTo","screenId":""}}},"dataSourceType":"constant","dataSourcefieldName":"No Errors on upload","isRequiredKeydataSourceType":"","ellipsis":"","cssClassNamedataSourceType":"","labelKey":""},"1696527298744":{"listeners":{"click":{"workflow":"","submit":false},"drag":{"workflow":"","submit":false},"panelResize":{"workflow":"","submit":false}}},"dataModel":"TR_Main_Dashboard"},"gridLayoutConfig":{"cols":1,"rows":1,"gridgap":{"int":0,"unit":"em"},"autoflow":true,"explicit":{"colValues":"auto","rowValues":"auto"}},"savedId":null,"workInProgress":false,"status":null,"createdBy":null,"lastModifiedBy":null,"deleted":false,"customComponent":true,"style":false,"animation":false,"styleComponentType":null,"hidden":false,"hideDrawer":false,"lockOrientation":null,"screenShotData":null,"customComponentScreenShot":true,"eventMappings":null,"layoutRows":0,"layoutCols":0,"enableRuntimeConfiguration":false,"inputs":null,"timerWorkflowId":null,"timeInterval":0,"label":null,"leftArrowWorkflowId":null,"rightArrowWorkflowId":null,"bpmManaged":false,"category":null,"displaySeq":0,"rowCounter":0,"columnCounter":0,"aiHtml":null,"customization":null,"pageData":null},
{"id":"668eab028f08df157b26730a","companyId":"5f47ce0c8f0815394ff3bd8a","createdDate":1720630593595,"updatedDate":1720646865738,"versionId":2,"referenceId":null,"systemStatus":"P","updatedByUserId":"5fa999cf8f08eee59b0a70e1","updatedByUserName":"Mark Bonham","systemStatusText":null,"userTypes":[],"requirementIds":[],"name":"User_Management_Import_User_List_Item_Created","sourceReferenceId":"5f47f8728f0814ff0a91768d","sourceReferenceAppId":"5e4ad395e4b053c18438f562","lockedByUserId":null,"lockedByUserName":null,"publicArtifact":false,"enableOffline":false,"locked":false,"canUnlock":false,"publishComment":"lang label","importantPublish":false,"appId":"5f47f6258f0814ff0a91755e","folderId":null,"desc":null,"loadDataFrom":"model","dataModel":"SUB_String","webserviceId":null,"webserviceOutput":null,"preLoadWorkflowId":null,"workflowId":null,"backButtonWorkflowId":null,"targetDevice":"browser","detachTemplate":true,"templateId":"","landscapeTemplateId":"","defaultTemplate":"portrait","config":{"type":"gridpanel","style":{"width":"100%","height":"100%","display":"grid","grid-gap":"0em","grid-template-columns":"repeat(4, 1fr)","grid-template-rows":"repeat(4, 1fr)","grid-auto-rows":"1fr","grid-auto-columns":"1fr"},"direction":"layout-grid","fields":[{"type":"flexlayout","componentName":"","componentType":"vbox","class":"sortable","direction":"vertical","align":"start","pack":"stretch","style":{"border-width":"1px","border-left-width":"0","border-right-width":"0","border-top-width":"1px","border-bottom-width":"0","border-style":"solid","border-color":"#ddd","width":"100%","display":"flex","overflow":"hidden","grid-area":"1 / 1 / 5 / 5"},"hasChild":false,"gridArea":"1 / 1 / 5 / 5","id":1592335313852,"childStyle":{},"dynamicStyles":{"background-color":{"isDynamic":true,"dataSourceType":"global","dataSourcefieldName":"primaryBGColor","dataSourceKey":"BRANCH_STYLES","dataSourceModelName":"Branch_Styles"}},"background-color":{"isTransparent":false,"isChildTransparent":false},"fields":[{"type":"flexlayout","componentName":"","componentType":"hbox","class":"sortable","direction":"horizontal","align":"start","pack":"stretch","style":{"width":"100%","height":"100%","display":"flex","margin-top":"0px","margin-left":"0px","margin-right":"0px","margin-bottom":"0px","padding-top":"10px","padding-left":"10px","padding-right":"20px","padding-bottom":"10px","flex-direction":"row","align-items":"center"},"hasChild":false,"id":1592336062718,"fields":[{"type":"flexlayout","componentName":"","componentType":"vbox","class":"sortable","direction":"vertical","align":"start","pack":"stretch","style":{"width":"18%","height":"100%","display":"flex","padding-left":"0","padding-right":"15px","flex-direction":"row","justify-content":"space-evenly","align-items":"center"},"hasChild":false,"id":1665512485557,"childStyle":{},"dynamicStyles":{},"fields":[{"type":"flexlayout","componentName":"","componentType":"vbox","class":"sortable","direction":"vertical","align":"start","pack":"stretch","style":{"border-radius":"4px","border-top-left-radius":"4px","border-top-right-radius":"4px","border-bottom-right-radius":"4px","border-bottom-left-radius":"4px","display":"flex"},"hasChild":false,"id":1688068236538,"childStyle":{},"fields":[{"type":"text","componentName":"","componentType":"input","class":"text-wrap","style":{},"hasChild":false,"id":1718987287892,"dynamicStyles":{}}],"dynamicStyles":{},"background-color":{"isTransparent":false,"isChildTransparent":false},"rrCSSClass":["panel_Highlight"]}],"background-color":{"isTransparent":false,"isChildTransparent":false}},{"type":"flexlayout","componentName":"","componentType":"vbox","class":"sortable","direction":"vertical","align":"start","pack":"stretch","style":{"width":"36%","display":"flex","overflow":"hidden"},"hasChild":false,"id":1592336062720,"childStyle":{},"dynamicStyles":{},"background-color":{"isTransparent":false,"isChildTransparent":false},"fields":[{"type":"text","componentName":"","componentType":"input","class":"text-wrap","style":{"width":"100%","margin-top":"0px","margin-left":"0px","margin-right":"0px","margin-bottom":"0px","font-family":"Montserrat","font-size":".9em"},"hasChild":false,"id":1592336062729,"dynamicStyles":{"color":{"isDynamic":true,"dataSourceType":"global","dataSourcefieldName":"primaryBGColorText","dataSourceKey":"BRANCH_STYLES","dataSourceModelName":"Branch_Styles"}},"background-color":{"isTransparent":false,"isChildTransparent":false},"name":"email1"}]},{"type":"flexlayout","componentName":"","componentType":"vbox","class":"sortable","direction":"vertical","align":"start","pack":"stretch","style":{"width":"30%","display":"flex","margin-top":"0px","margin-left":"0px","margin-right":"0px","margin-bottom":"0px","grid-area":"1 / 1 / 5 / 5"},"hasChild":false,"id":1694798552357,"childStyle":{},"dynamicStyles":{},"background-color":{"isTransparent":false,"isChildTransparent":false},"fields":[{"type":"text","componentName":"","componentType":"input","class":"text-wrap","style":{"width":"100%","margin-top":"0px","margin-left":"0px","margin-right":"0px","margin-bottom":"0px","font-family":"Montserrat","font-size":".9em"},"hasChild":false,"id":1694798552358,"dynamicStyles":{"color":{"isDynamic":true,"dataSourceType":"global","dataSourcefieldName":"primaryBGColorText","dataSourceKey":"BRANCH_STYLES","dataSourceModelName":"Branch_Styles"}},"background-color":{"isTransparent":false,"isChildTransparent":false},"name":"Username1"}],"gridArea":"1 / 1 / 5 / 5"},{"type":"flexlayout","componentName":"","componentType":"vbox","class":"sortable","direction":"vertical","align":"start","pack":"stretch","style":{"display":"flex","margin-top":"0px","margin-left":"0px","margin-right":"0px","margin-bottom":"0px"},"hasChild":false,"id":1592336062721,"childStyle":{},"dynamicStyles":{},"background-color":{"isTransparent":false,"isChildTransparent":false},"fields":[{"type":"text","componentName":"","componentType":"input","class":"text-wrap","style":{"width":"100%","margin-top":"0px","margin-left":"0px","margin-right":"0px","margin-bottom":"0px","font-family":"Montserrat","font-size":".9em"},"hasChild":false,"id":1592336062730,"dynamicStyles":{"color":{"isDynamic":true,"dataSourceType":"global","dataSourcefieldName":"primaryBGColorText","dataSourceKey":"BRANCH_STYLES","dataSourceModelName":"Branch_Styles"}},"background-color":{"isTransparent":false,"isChildTransparent":false},"name":"reasons"}]}],"childStyle":{},"dynamicStyles":{},"background-color":{"isTransparent":false,"isChildTransparent":false}}]}],"id":1592335313851,"gridLayoutProps":{"rows":1,"cols":1,"layOutRows":4,"layOutCols":4,"grids":["1 / 1 / 5 / 5"]},"childStyle":{},"dynamicStyles":{},"background-color":{"isTransparent":false,"isChildTransparent":false}},"portraitConfig":null,"landscapeConfig":null,"pageBuilderConfig":{"1592335313851":{"listeners":{"click":{"workflow":"","submit":false,"type":"workflow","success":{"type":"goTo","screenId":""}},"drag":{"workflow":"","submit":false}},"cssClassNamedataSourceType":"","hoverTxtdataSourceType":""},"1592335313852":{"listeners":{"click":{"workflow":"","submit":false,"type":"workflow","success":{"type":"goTo","screenId":""}},"drag":{"workflow":"","submit":false},"doubleclick":{"type":"workflow","success":{"type":"goTo","screenId":""}}},"hoverTxtdataSourceType":"","cssClassNamedataSourceType":""},"1592336062720":{"listeners":{"click":{"workflow":"","submit":false,"type":"workflow","success":{"type":"goTo","screenId":""}},"drag":{"workflow":"","submit":false},"doubleclick":{"type":"workflow","success":{"type":"goTo","screenId":""}}},"cssClassNamedataSourceType":"","hoverTxtdataSourceType":""},"1592336062729":{"listeners":{"click":{"workflow":"","submit":false,"type":"workflow","success":{"type":"goTo","screenId":""}},"doubleclick":{"type":"workflow","success":{"type":"goTo","screenId":""}}},"dataSourceType":"pagemodel","dataSourcefieldName":"string2","ellipsis":"","isRequiredKeydataSourceType":"","enableTranslation":true},"1592336062718":{"listeners":{"click":{"workflow":"","submit":false,"type":"workflow","success":{"type":"goTo","screenId":""}},"drag":{"workflow":"","submit":false},"doubleclick":{"type":"workflow","success":{"type":"goTo","screenId":""}}},"hoverTxtdataSourceType":"","cssClassNamedataSourceType":""},"1592336062721":{"listeners":{"click":{"workflow":"","submit":false},"drag":{"workflow":"","submit":false}}},"1592336062730":{"listeners":{"click":{"workflow":"","submit":false,"type":"workflow","success":{"type":"goTo","screenId":""}},"doubleclick":{"type":"workflow","success":{"type":"goTo","screenId":""}}},"cssClassNamedataSourceType":"","dataSourceType":"constant","dataSourcefieldName":"Account Created","ellipsis":"","isRequiredKeydataSourceType":"","filter":"","dateFormat":"M/d/yy h:mm a","enableTranslation":true,"labelKey":"Account Created"},"1665512485557":{"listeners":{"click":{"workflow":"","submit":false},"drag":{"workflow":"","submit":false},"panelResize":{"workflow":"","submit":false}}},"1688068236538":{"listeners":{"click":{"workflow":"","submit":false},"drag":{"workflow":"","submit":false},"panelResize":{"workflow":"","submit":false}}},"1694798552357":{"listeners":{"click":{"workflow":"","submit":false,"type":"workflow","success":{"type":"goTo","screenId":""}},"drag":{"workflow":"","submit":false},"doubleclick":{"type":"workflow","success":{"type":"goTo","screenId":""}}},"hoverTxtdataSourceType":""},"1694798552358":{"listeners":{"click":{"workflow":"","submit":false,"type":"workflow","success":{"type":"goTo","screenId":""}},"doubleclick":{"type":"workflow","success":{"type":"goTo","screenId":""}}},"cssClassNamedataSourceType":"","dataSourceType":"pagemodel","dataSourcefieldName":"string","ellipsis":"","isRequiredKeydataSourceType":"","filter":"","dateFormat":"MMM d, y h:mm:ss a","enableTranslation":true},"1718987287892":{"listeners":{"click":{"workflow":"","submit":false,"type":"workflow","success":{"type":"goTo","screenId":""}},"doubleclick":{"type":"workflow","success":{"type":"goTo","screenId":""}}},"cssClassNamedataSourceType":"","dataSourceType":"constant","dataSourcefieldName":"Created:","labelKey":"Created:","isRequiredKeydataSourceType":"","ellipsis":""},"dataModel":"SUB_String"},"gridLayoutConfig":{"cols":1,"rows":1,"gridgap":{"int":0,"unit":"em"},"autoflow":true,"explicit":{"colValues":"auto","rowValues":"auto"}},"savedId":null,"workInProgress":false,"status":null,"createdBy":null,"lastModifiedBy":null,"deleted":false,"customComponent":true,"style":false,"animation":false,"styleComponentType":null,"hidden":false,"hideDrawer":false,"lockOrientation":null,"screenShotData":null,"customComponentScreenShot":false,"eventMappings":null,"layoutRows":0,"layoutCols":0,"enableRuntimeConfiguration":false,"inputs":null,"timerWorkflowId":null,"timeInterval":0,"label":null,"leftArrowWorkflowId":null,"rightArrowWorkflowId":null,"bpmManaged":false,"category":null,"displaySeq":0,"rowCounter":0,"columnCounter":0,"aiHtml":null,"customization":null,"pageData":null},
{"id":"6696d2fa8f0867b5ca23374a","companyId":"5f47ce0c8f0815394ff3bd8a","createdDate":1721161675033,"updatedDate":1721161675033,"versionId":3,"referenceId":null,"systemStatus":"P","updatedByUserId":"5fa999cf8f08eee59b0a70e1","updatedByUserName":"Mark Bonham","systemStatusText":null,"userTypes":[],"requirementIds":[],"name":"User_CSVImport_Confirmation_Modal","sourceReferenceId":null,"sourceReferenceAppId":null,"lockedByUserId":null,"lockedByUserName":null,"publicArtifact":true,"enableOffline":false,"locked":false,"canUnlock":false,"publishComment":"ds","importantPublish":false,"appId":"5f47f6258f0814ff0a91755e","folderId":null,"desc":null,"loadDataFrom":"model","dataModel":"TR_ConfirmModal","webserviceId":null,"webserviceOutput":null,"preLoadWorkflowId":null,"workflowId":null,"backButtonWorkflowId":null,"targetDevice":"browser","detachTemplate":true,"templateId":"","landscapeTemplateId":"","defaultTemplate":"portrait","config":{"type":"panel","style":{"width":"100%","height":"100%"},"direction":"layout-box horizontal align-start pack-start","fields":[{"type":"flexlayout","componentName":"","componentType":"vbox","class":"sortable","direction":"vertical","align":"start","pack":"stretch","style":{"width":"100%","height":"100%","display":"flex","margin-top":"0px","margin-left":"0px","margin-right":"0px","margin-bottom":"0px","padding-top":"1rem","padding-left":"1rem","padding-right":"1rem","padding-bottom":"1rem","flex-direction":"column","justify-content":"space-between","align-items":"center"},"hasChild":false,"id":1602537048061,"childStyle":{},"dynamicStyles":{"background-color":{"isDynamic":true,"dataSourceType":"global","dataSourcefieldName":"primaryBGColor","dataSourceKey":"BRANCH_STYLES","dataSourceModelName":"Branch_Styles"}},"background-color":{"isTransparent":false,"isChildTransparent":false},"fields":[{"type":"text","componentName":"","componentType":"input","class":"text-wrap","style":{"margin-top":"0px","margin-left":"0px","margin-right":"0px","margin-bottom":"2rem","padding-top":"0px","padding-left":"0px","padding-right":"0px","padding-bottom":"0px","font-family":"Montserrat","text-align":"center"},"hasChild":false,"id":1602537048062,"dynamicStyles":{"color":{"isDynamic":true,"dataSourceType":"global","dataSourcefieldName":"primaryBGColorText","dataSourceKey":"BRANCH_STYLES","dataSourceModelName":"Branch_Styles"}},"background-color":{"isTransparent":false,"isChildTransparent":false}},{"type":"flexlayout","componentName":"","componentType":"vbox","class":"sortable","direction":"vertical","align":"start","pack":"stretch","style":{"width":"","height":"","display":"flex","margin-top":"0px","margin-left":"0px","margin-right":"0px","margin-bottom":"0px","flex-direction":"row","align-items":"center","align-self":"center"},"hasChild":false,"id":1602537048063,"childStyle":{},"dynamicStyles":{},"background-color":{"isTransparent":false,"isChildTransparent":false},"fields":[{"type":"button","componentName":"","componentType":"button","class":"btn btn-primary","style":{"border-radius":"4px","border-width":"0","border-left-width":"0","border-right-width":"0","border-top-width":"0","border-bottom-width":"0","border-style":"none","border-top-left-radius":"4px","border-top-right-radius":"4px","border-bottom-right-radius":"4px","border-bottom-left-radius":"4px","margin-right":"","padding-top":"8px","padding-left":"20px","padding-right":"20px","padding-bottom":"8px","font-family":"Montserrat"},"hasChild":false,"id":1602537048064,"dynamicStyles":{"background-color":{"isDynamic":true,"dataSourceType":"global","dataSourcefieldName":"secondaryButtonColor","dataSourceKey":"BRANCH_STYLES","dataSourceModelName":"Branch_Styles"},"color":{"isDynamic":true,"dataSourceType":"global","dataSourcefieldName":"secondaryButtonTextColor","dataSourceKey":"BRANCH_STYLES","dataSourceModelName":"Branch_Styles"}},"background-color":{"isTransparent":false,"isChildTransparent":false}}]}]}],"id":1602537048060,"childStyle":{},"dynamicStyles":{},"background-color":{"isTransparent":false,"isChildTransparent":false}},"portraitConfig":null,"landscapeConfig":null,"pageBuilderConfig":{"1602537048060":{"listeners":{"click":{"workflow":"","submit":false},"drag":{"workflow":"","submit":false}},"cssClassNamedataSourceType":""},"1602537048061":{"listeners":{"click":{"workflow":"","submit":false,"type":"workflow","success":{"type":"goTo","screenId":""}},"drag":{"workflow":"","submit":false},"doubleclick":{"type":"workflow","success":{"type":"goTo","screenId":""}}},"hoverTxtdataSourceType":"","cssClassNamedataSourceType":""},"1602537048063":{"listeners":{"click":{"workflow":"","submit":false,"type":"workflow","success":{"type":"goTo","screenId":""}},"drag":{"workflow":"","submit":false},"doubleclick":{"type":"workflow","success":{"type":"goTo","screenId":""}}},"hoverTxtdataSourceType":"","cssClassNamedataSourceType":""},"1602537048064":{"listeners":{"click":{"workflow":"","submit":false,"type":"closeModal","success":{"type":"goTo","screenId":""}},"longPress":{"workflow":"","submit":false}},"cssClassNamedataSourceType":"","filter":"","ellipsis":"","dataSourceType":"pagemodel","badgedataSourceType":"","hoverTxtdataSourceType":"","dataSourcefieldName":"cancelLabel","enableTranslation":true},"1602537048062":{"listeners":{"click":{"workflow":"","submit":false,"type":"workflow","success":{"type":"goTo","screenId":""}},"doubleclick":{"type":"workflow","success":{"type":"goTo","screenId":""}}},"dataSourceType":"pagemodel","dataSourcefieldName":"message","ellipsis":"","isRequiredKeydataSourceType":"","enableTranslation":true},"dataModel":"TR_ConfirmModal"},"gridLayoutConfig":{"cols":1,"rows":1,"gridgap":{"int":0,"unit":"em"},"autoflow":true,"explicit":{"colValues":"auto","rowValues":"auto"}},"savedId":null,"workInProgress":false,"status":null,"createdBy":null,"lastModifiedBy":null,"deleted":false,"customComponent":true,"style":false,"animation":false,"styleComponentType":null,"hidden":false,"hideDrawer":false,"lockOrientation":null,"screenShotData":null,"customComponentScreenShot":false,"eventMappings":null,"layoutRows":0,"layoutCols":0,"enableRuntimeConfiguration":false,"inputs":null,"timerWorkflowId":null,"timeInterval":0,"label":null,"leftArrowWorkflowId":null,"rightArrowWorkflowId":null,"bpmManaged":false,"category":null,"displaySeq":0,"rowCounter":0,"columnCounter":0,"aiHtml":null,"customization":null,"pageData":null}]