[{"id":"66748be98f08bdb80fbb77cc","companyId":"5f47ce0c8f0815394ff3bd8a","createdDate":1721161046728,"updatedDate":1721161046728,"versionId":8,"referenceId":null,"systemStatus":"P","updatedByUserId":"5fa999cf8f08eee59b0a70e1","updatedByUserName":"Mark Bonham","systemStatusText":null,"userTypes":null,"requirementIds":null,"name":"User_Import_User","sourceReferenceId":null,"sourceReferenceAppId":null,"lockedByUserId":null,"lockedByUserName":null,"publicArtifact":false,"enableOffline":false,"locked":false,"canUnlock":false,"publishComment":"df","importantPublish":false,"appId":"5f47f6258f0814ff0a91755e","folderId":"","initializer":["66732e178f08bdb80fbb7341"],"triggerType":"uiEvent","flow":[],"createdBy":null,"lastModifiedBy":null,"objectsMap":{"1665001440113":{"id":"1665001440113","type":"startObject","value":["66732e178f08bdb80fbb7341"],"taskName":"Start","triggerType":"uiEvent","addedToConfig":true,"painted":true,"position":{},"taskNotes":"<p><br></p>","desc":"User_Management_Import_Users"},"16650014401131000":{"id":"16650014401131000","parent":"1721158959608","systemExit":true,"type":"return","returnType":"showModal","taskName":"Exit","label":"","addedToConfig":false,"painted":false,"position":{},"taskNotes":"<p><br></p>","customComponent":"6696d2fa8f0867b5ca23374a","desc":"Show Modal","inputTask":"1721158959608","inputValue":null,"inputHeaderTask":"1721158959608","inputHeaderValue":"headerText"},"1689280940598":{"id":"1689280940598","type":"query","position":{},"source":null,"target":null,"mapping":null,"label":"","filterBy":"criteria","searchOption":"one","operator":"and","taskName":"Read CURRENT_BRANCH","parent":"1709230093498","painted":false,"taskNotes":"<p><br></p>","saveType":"global","sourceVariable":"CURRENT_BRANCH","modelName":"Branch","addedToConfig":false},"1689280964335":{"id":"1689280964335","type":"query","position":{},"source":null,"target":null,"mapping":null,"label":"","filterBy":"criteria","searchOption":"one","operator":"and","taskName":"Read CURRENT_USER","parent":"1689280940598","painted":false,"taskNotes":"<p><br></p>","saveType":"global","sourceVariable":"CURRENT_USER","modelName":"User","addedToConfig":false},"1689280994180":{"id":"1689280994180","type":"service","value":"Get Auth Header","serviceType":"internal","serviceId":"getAuthHeader","position":{},"label":"","callType":"async","taskName":"Auth Header","parent":"1689280964335","painted":false,"addAtIndexType":"constant","addAtIndex":false,"desc":"Get Auth Header","taskNotes":"<p><br></p>","addedToConfig":false},"1689281003020":{"id":"1689281003020","type":"createDataObject","position":{},"condition":"API_UserRequest","mapping":[{"name":"action","valueType":"constant","value":"ADD","fieldType":"String","list":false,"rr_dynamic_field_name_type":"","fromModel":""},{"name":"actionType","valueType":"constant","value":"IMPORT_USER","fieldType":"String","list":false,"rr_dynamic_field_name_type":"","fromModel":""},{"name":"branchId","valueType":"variable","value":"_id","fieldType":"String","list":false,"rr_dynamic_field_name_type":"","fromModel":"Branch","source":"1689280940598"},{"name":"userId","valueType":"variable","value":"_id","fieldType":"String","list":false,"rr_dynamic_field_name_type":"","fromModel":"User","source":"1689280964335"}],"label":"","taskName":"API_UserRequest","parent":"1689280994180","painted":false,"taskNotes":"<p><br></p>","addedToConfig":false,"showAllFields":false},"1689281010076":{"id":"1689281010076","type":"createDataObject","position":{},"condition":"API_MainRequest","mapping":[{"name":"rr_id","valueType":"variable","value":"tenantId","fieldType":"String","list":false,"rr_dynamic_field_name_type":"","fromModel":"Lookup_SystemInfo","source":"1709230093498"},{"name":"authHeader","valueType":"variable","value":null,"fieldType":"String","list":false,"rr_dynamic_field_name_type":"","source":"1689280994180"},{"name":"data","valueType":"variable","value":"rr_this_object","fieldType":"Object","list":false,"rr_dynamic_field_name_type":"","fromModel":"API_UserRequest","source":"1689281003020"},{"name":"service","valueType":"constant","value":"5f47f79e8f0814ff0a917593","fieldType":"String","list":false,"rr_dynamic_field_name_type":"","fromModel":""}],"label":"","taskName":"API_MainRequest","parent":"1689281003020","painted":false,"taskNotes":"<p><br></p>","addedToConfig":false},"1689281018628":{"id":"1689281018628","type":"workflow","position":{},"workflowId":"65aaf8fc8f0887f52e616e81","workflowName":"Web Services :: API_MainWrapper","workflowType":"serverFlow","label":"","taskName":"Visual Logic Component","parent":"1689281010076","painted":false,"taskNotes":"<p><br></p>","callType":"async","inputTask":"1689281010076","inputValue":null,"outputDataModel":"API_MainResponse","addedToConfig":false,"callback":"6696bbcb8f0867b5ca23353e"},"1709230093498":{"id":"1709230093498","type":"query","position":{},"source":null,"target":null,"mapping":null,"label":"","filterBy":"criteria","searchOption":"one","operator":"and","taskName":"Read SYSTEM_INFO","parent":"1665001440113","painted":false,"taskNotes":"<p><br></p>","saveType":"global","sourceVariable":"SYSTEM_INFO","modelName":"Lookup_SystemInfo","addedToConfig":false},"1721158867817":{"id":"1721158867817","type":"createDataObject","position":{},"condition":"SysDataUploadResponse","mapping":[{"name":"rr_this_object","valueType":"variable","value":"selectedObject2","fieldType":null,"list":null,"rr_dynamic_field_name_type":"","fromModel":"TR_Main_Dashboard","source":"rr_page_data"}],"label":"","taskName":"SysDataUploadResponse","parent":"1689281018628","painted":false,"taskNotes":"<p><br></p>","addedToConfig":false},"1721158959608":{"id":"1721158959608","type":"createDataObject","position":{},"condition":"TR_ConfirmModal","mapping":[{"name":"headerText","valueType":"constant","value":"Upload Success!","fieldType":"String","list":false,"rr_dynamic_field_name_type":"","fromModel":""},{"name":"cancelLabel","valueType":"constant","value":"Done","fieldType":"String","list":false,"rr_dynamic_field_name_type":"","fromModel":""},{"name":"message","valueType":"variable","value":null,"fieldType":"String","list":false,"rr_dynamic_field_name_type":"","source":"1721159097957"}],"label":"","taskName":"TR_ConfirmModal","parent":"1721159097957","painted":false,"taskNotes":"<p><br></p>","addedToConfig":false},"1721159097957":{"id":"1721159097957","type":"expression","position":{},"expression":[{"type":"data","source":"constant","value":"Upload of File: "},{"type":"operator","operator":"+","symbol":"+"},{"type":"data","sourceText":"Output of SysDataUploadResponse ( SysDataUploadResponse )","source":"1721158867817","value":"status"},{"type":"operator","operator":"+","symbol":"+"},{"type":"data","source":"constant","value":".<br>"},{"type":"operator","operator":"+","symbol":"+"},{"type":"data","sourceText":"Output of SysDataUploadResponse ( SysDataUploadResponse )","source":"1721158867817","value":"successCount"},{"type":"operator","operator":"+","symbol":"+"},{"type":"data","source":"constant","value":" records have been uploaded into the system. It might take some time to see the users appear on the list. Please stay on this page to see feedback upon compleation. "}],"targetVariable":null,"label":"","taskName":"Expression","parent":"1721159257182","painted":false,"taskNotes":"<p><br></p>","expressionType":"string","addedToConfig":false},"1721159257182":{"id":"1721159257182","type":"createDataObject","position":{},"condition":"SysDataUploadFile","mapping":[{"name":"rr_this_object","valueType":"variable","value":"files","fieldType":null,"list":null,"rr_dynamic_field_name_type":"","fromModel":"SysDataUploadResponse","source":"1721158867817"}],"label":"","taskName":"SysDataUploadFile","parent":"1721158867817","painted":false,"taskNotes":"<p><br></p>","addedToConfig":false}},"decisionsMap":{},"active":false,"scheduler":false,"savedId":null,"workInProgress":false,"uiFLow":true,"startTaskId":"1665001440113","shouldSecure":false,"allowExecutionForAll":false,"testCase":false,"testSuite":false,"sequence":1,"internal":false,"triggeredFromBpm":false,"inputModel":null,"outputModel":null,"appName":null},
{"id":"668ed9f68f08df157b26757b","companyId":"5f47ce0c8f0815394ff3bd8a","createdDate":1720638782094,"updatedDate":1720646865754,"versionId":2,"referenceId":null,"systemStatus":"P","updatedByUserId":"5fa999cf8f08eee59b0a70e1","updatedByUserName":"Mark Bonham","systemStatusText":null,"userTypes":null,"requirementIds":null,"name":"User_Management_ClearCSV_Importlist","sourceReferenceId":null,"sourceReferenceAppId":null,"lockedByUserId":null,"lockedByUserName":null,"publicArtifact":false,"enableOffline":false,"locked":false,"canUnlock":false,"publishComment":"f","importantPublish":false,"appId":"5f47f6258f0814ff0a91755e","folderId":"","initializer":null,"triggerType":"uiEvent","flow":[],"createdBy":null,"lastModifiedBy":null,"objectsMap":{"1720637942779":{"id":"1720637942779","type":"startObject","value":null,"taskName":"Start","triggerType":"uiEvent","addedToConfig":true,"painted":true,"position":{}},"17206379427791000":{"id":"17206379427791000","parent":"1720638771549","systemExit":true,"type":"return","returnType":"exit","taskName":"Exit","label":"","addedToConfig":false,"painted":false,"position":{},"taskNotes":"<p><br></p>"},"1720638516179":{"id":"1720638516179","type":"delete","position":{},"source":null,"target":null,"mapping":null,"label":"","filterBy":"criteria","searchOption":"one","operator":"and","taskName":"Remove TEMP_IMPORT_LIST","parent":"1720637942779","painted":false,"taskNotes":"<p><br></p>","saveType":"global","addedToConfig":false,"sourceVariable":"TEMP_IMPORT_LIST"},"1720638571193":{"id":"1720638571193","type":"delete","position":{},"source":null,"target":null,"mapping":null,"label":"","filterBy":"criteria","searchOption":"one","operator":"and","taskName":"Remove TEMP_IMPORT_LIST2","parent":"1720638516179","painted":false,"taskNotes":"<p><br></p>","saveType":"global","addedToConfig":false,"sourceVariable":"TEMP_IMPORT_LIST2"},"1720638733429":{"id":"1720638733429","type":"rrUiComponent","position":{"top":445,"left":452},"label":"","taskName":"Manipulate UI Component","screenId":null,"parent":"1720638571193","painted":false,"customComponent":"","animationImageType":"","taskNotes":"<p><br></p>","actionType":"refreshComponent","componentNameType":"constant","componentName":"Temp_Import_list2","addedToConfig":false},"1720638771549":{"id":"1720638771549","type":"rrUiComponent","position":{"top":445,"left":452},"label":"","taskName":"Manipulate UI Component","screenId":null,"parent":"1720638733429","painted":false,"customComponent":"","animationImageType":"","taskNotes":"<p><br></p>","actionType":"refreshComponent","componentNameType":"constant","componentName":"Temp_Import_list","addedToConfig":false}},"decisionsMap":{},"active":false,"scheduler":false,"savedId":null,"workInProgress":false,"uiFLow":true,"startTaskId":"1720637942779","shouldSecure":false,"allowExecutionForAll":false,"testCase":false,"testSuite":false,"sequence":1,"internal":false,"triggeredFromBpm":false,"inputModel":null,"outputModel":null,"appName":null},
{"id":"6696bbcb8f0867b5ca23353e","companyId":"5f47ce0c8f0815394ff3bd8a","createdDate":1721154631377,"updatedDate":1721154631377,"versionId":0,"referenceId":null,"systemStatus":"P","updatedByUserId":"5fa999cf8f08eee59b0a70e1","updatedByUserName":"Mark Bonham","systemStatusText":null,"userTypes":null,"requirementIds":null,"name":"User_Import_User_Callback","sourceReferenceId":null,"sourceReferenceAppId":null,"lockedByUserId":null,"lockedByUserName":null,"publicArtifact":false,"enableOffline":false,"locked":false,"canUnlock":false,"publishComment":"First ","importantPublish":false,"appId":"5f47f6258f0814ff0a91755e","folderId":"","initializer":["66732e178f08bdb80fbb7341"],"triggerType":"workflow","flow":[],"createdBy":null,"lastModifiedBy":null,"objectsMap":{"1665001440113":{"id":"1665001440113","type":"startObject","value":["66732e178f08bdb80fbb7341"],"taskName":"Start","triggerType":"workflow","addedToConfig":true,"painted":true,"position":{},"taskNotes":"<p><br></p>","desc":"API_MainResponse","modelName":"API_MainResponse"},"16650014401131000":{"id":"16650014401131000","parent":"1720628403585","systemExit":true,"type":"return","returnType":"exit","taskName":"Exit","label":"","addedToConfig":false,"painted":false,"position":{}},"1689281968927":{"id":"1689281968927","type":"service","value":"Get Value","serviceType":"internal","serviceId":"getValueFromObj","position":{},"label":"","callType":"async","taskName":"Get List","parent":"1665001440113","painted":false,"addAtIndexType":"constant","addAtIndex":false,"desc":"Get Value","taskNotes":"<p><br></p>","inputTask":"rr_page_data","inputValue":"","targetVariable":"list","modelName":"SUB_String","addedToConfig":false},"1689282312657":{"id":"1689282312657","type":"persist","position":{},"source":"1689281968927","target":null,"mapping":null,"label":"","taskName":"Write TEMP_IMPORT_LIST","parent":"1720628388487","taskNotes":"<p><br></p>","saveType":"global","variable":"TEMP_IMPORT_LIST","addedToConfig":false,"painted":false,"modelName":"SUB_String"},"1720628388487":{"id":"1720628388487","type":"service","value":"Get Value","serviceType":"internal","serviceId":"getValueFromObj","position":{},"label":"","callType":"async","taskName":"Get List2","parent":"1689281968927","painted":false,"addAtIndexType":"constant","addAtIndex":false,"desc":"Get Value","taskNotes":"<p><br></p>","inputTask":"rr_page_data","inputValue":null,"targetVariable":"list2","modelName":"SUB_String","addedToConfig":false},"1720628403585":{"id":"1720628403585","type":"persist","position":{},"source":"1720628388487","target":null,"mapping":null,"label":"","taskName":"Write TEMP_IMPORT_LIST2","parent":"1689282312657","taskNotes":"<p><br></p>","saveType":"global","variable":"TEMP_IMPORT_LIST2","addedToConfig":false,"painted":false,"modelName":"SUB_String"}},"decisionsMap":{},"active":false,"scheduler":false,"savedId":null,"workInProgress":false,"uiFLow":true,"startTaskId":"1665001440113","shouldSecure":false,"allowExecutionForAll":false,"testCase":false,"testSuite":false,"sequence":1,"internal":false,"triggeredFromBpm":false,"inputModel":"API_MainResponse","outputModel":null,"appName":null}]