[{"id":"663271e98f085dd50cce19b2","companyId":null,"createdDate":1714581993796,"updatedDate":1714581993796,"versionId":0,"referenceId":null,"systemStatus":null,"updatedByUserId":null,"updatedByUserName":null,"systemStatusText":null,"userTypes":null,"requirementIds":null,"name":"24-5-1 Bug Fix Academic Status","sourceReferenceId":null,"sourceReferenceAppId":null,"lockedByUserId":null,"lockedByUserName":null,"publicArtifact":false,"enableOffline":false,"locked":false,"canUnlock":false,"publishComment":null,"importantPublish":false,"appId":"5f47f6258f0814ff0a91755e","type":"fldr","parentId":"5f47f6258f0814ff0a91755e","childId":null},
{"id":"6632720a8f085dd50cce19b3","companyId":null,"createdDate":1714582026079,"updatedDate":1714582026079,"versionId":0,"referenceId":null,"systemStatus":null,"updatedByUserId":null,"updatedByUserName":null,"systemStatusText":null,"userTypes":null,"requirementIds":null,"name":null,"sourceReferenceId":null,"sourceReferenceAppId":null,"lockedByUserId":null,"lockedByUserName":null,"publicArtifact":false,"enableOffline":false,"locked":false,"canUnlock":false,"publishComment":null,"importantPublish":false,"appId":"5f47f6258f0814ff0a91755e","type":"cc","parentId":"663271e98f085dd50cce19b2","childId":"63c6f9468f08ae70b13c2433"},
{"id":"6632722e8f085dd50cce19b7","companyId":null,"createdDate":1714582062461,"updatedDate":1714582062461,"versionId":0,"referenceId":null,"systemStatus":null,"updatedByUserId":null,"updatedByUserName":null,"systemStatusText":null,"userTypes":null,"requirementIds":null,"name":null,"sourceReferenceId":null,"sourceReferenceAppId":null,"lockedByUserId":null,"lockedByUserName":null,"publicArtifact":false,"enableOffline":false,"locked":false,"canUnlock":false,"publishComment":null,"importantPublish":false,"appId":"5f47f6258f0814ff0a91755e","type":"wf","parentId":"663271e98f085dd50cce19b2","childId":"63f8e7478f083114c8f5d795"}]