[{"id":"63c6f9468f08ae70b13c2433","companyId":"5f47ce0c8f0815394ff3bd8a","createdDate":1714581332253,"updatedDate":1714581332253,"versionId":152,"referenceId":null,"systemStatus":"P","updatedByUserId":"5fa999cf8f08eee59b0a70e1","updatedByUserName":"Mark Bonham","systemStatusText":null,"userTypes":[],"requirementIds":[],"name":"User_Student_Overview_Main_CC","sourceReferenceId":null,"sourceReferenceAppId":null,"lockedByUserId":null,"lockedByUserName":null,"publicArtifact":false,"enableOffline":false,"locked":false,"canUnlock":false,"publishComment":"Academic Status Name ","importantPublish":false,"appId":"5f47f6258f0814ff0a91755e","folderId":null,"desc":null,"loadDataFrom":"model","dataModel":"TR_Main_Dashboard","webserviceId":null,"webserviceOutput":null,"preLoadWorkflowId":"","workflowId":"63f8e7478f083114c8f5d795","backButtonWorkflowId":null,"targetDevice":"browser","detachTemplate":true,"templateId":"","landscapeTemplateId":"","defaultTemplate":"portrait","config":{"type":"panel","style":{"width":"100%"},"direction":"layout-box horizontal align-start pack-start","fields":[{"type":"flexlayout","componentName":"","componentType":"vbox","class":"sortable","direction":"vertical","align":"start","pack":"stretch","style":{"width":"100%","height":"100%","display":"flex","min-width":"520px","max-width":"1000px","margin-left":"auto","margin-right":"auto"},"hasChild":false,"id":1673984328569,"childStyle":{},"fields":[{"type":"flexlayout","componentName":"","componentType":"vbox","class":"sortable","direction":"vertical","align":"start","pack":"stretch","style":{"background-color":"transparent","border-top-left-radius":"10px","border-top-right-radius":"10px","border-bottom-right-radius":"10px","border-bottom-left-radius":"10px","width":"100%","display":"flex","margin-top":"30px","padding-top":"0px","padding-left":"0px","padding-right":"0px","padding-bottom":"0px","align-self":"center","grid-area":"1 / 1 / 5 / 5"},"hasChild":false,"id":1678291004262,"childStyle":{},"dynamicStyles":{"background-color":{"isDynamic":true,"dataSourceType":"global","dataSourcefieldName":"primaryBGColor","dataSourceKey":"BRANCH_STYLES","dataSourceModelName":"Branch_Styles"}},"background-color":{"isTransparent":false,"isChildTransparent":false},"fields":[{"type":"flexlayout","componentName":"","componentType":"vbox","class":"sortable","direction":"vertical","align":"start","pack":"stretch","style":{"border-top-left-radius":"10px","border-top-right-radius":"10px","width":"100%","display":"flex","margin-bottom":"10px","padding-top":"10px","padding-left":"20px","padding-right":"20px","padding-bottom":"10px"},"hasChild":false,"id":1691160099504,"childStyle":{},"fields":[{"type":"text","componentName":"","componentType":"input","class":"text-wrap","style":{"font-family":"Montserrat","font-size":"1.2em"},"hasChild":false,"id":1691160099505,"dynamicStyles":{"color":{"isDynamic":true,"dataSourceType":"global","dataSourcefieldName":"primaryHeaderTextColor","dataSourceKey":"BRANCH_STYLES","dataSourceModelName":"Branch_Styles"}},"background-color":{"isTransparent":false,"isChildTransparent":false}}],"dynamicStyles":{"background-color":{"isDynamic":true,"dataSourceType":"global","dataSourcefieldName":"primaryHeaderColor","dataSourceKey":"BRANCH_STYLES","dataSourceModelName":"Branch_Styles"}},"background-color":{"isTransparent":false,"isChildTransparent":false}},{"type":"pageInclude","class":"someClass orTwo","componentType":"pageInclude","style":{"background-color":"transparent","width":"100%"},"hasChild":true,"id":1678898215243,"childStyle":{},"dynamicStyles":{},"dynamicChildStyles":{},"background-color":{"isTransparent":false,"isChildTransparent":false}}],"gridArea":"1 / 1 / 5 / 5","rrStyles":["box_shadow_flex_large"]},{"type":"flexlayout","componentName":"","componentType":"vbox","class":"sortable","direction":"vertical","align":"start","pack":"stretch","style":{"border-radius":"10px","border-top-left-radius":"10px","border-top-right-radius":"10px","border-bottom-right-radius":"10px","border-bottom-left-radius":"10px","width":"100%","display":"flex","margin-top":"30px","padding-top":"0px","padding-left":"0px","padding-right":"0px","padding-bottom":"0px","align-self":"center","grid-area":"1 / 1 / 5 / 5"},"hasChild":false,"id":1678898357781,"childStyle":{},"dynamicStyles":{"background-color":{"isDynamic":true,"dataSourceType":"global","dataSourcefieldName":"primaryBGColor","dataSourceKey":"BRANCH_STYLES","dataSourceModelName":"Branch_Styles"}},"background-color":{"isTransparent":false,"isChildTransparent":false},"fields":[{"type":"flexlayout","componentName":"","componentType":"vbox","class":"sortable","direction":"vertical","align":"start","pack":"stretch","style":{"border-radius":"10px","border-top-left-radius":"10px","border-top-right-radius":"10px","border-bottom-right-radius":"0px","border-bottom-left-radius":"0px","width":"100%","display":"flex","margin-top":"0px","margin-left":"0px","margin-right":"0px","margin-bottom":"10px","padding-right":"20px","flex-direction":"row","justify-content":"space-between","align-items":"center"},"hasChild":false,"id":1678898357782,"childStyle":{},"fields":[{"type":"text","componentName":"","componentType":"input","class":"text-wrap","style":{"border-radius":"0px","border-width":"0px","border-left-width":"0px","border-right-width":"0px","border-top-width":"0px","border-bottom-width":"0px","border-top-left-radius":"10px","border-top-right-radius":"10px","border-bottom-right-radius":"0px","border-bottom-left-radius":"0px","margin-top":"0px","margin-left":"0px","margin-right":"0px","margin-bottom":"0px","padding-top":"8px","padding-left":"20px","padding-right":"0","padding-bottom":"8px","font-family":"Montserrat","font-size":"1.2em","letter-spacing":"-.5px"},"hasChild":false,"id":1678898357783,"dynamicStyles":{"color":{"isDynamic":true,"dataSourceType":"global","dataSourcefieldName":"primaryHeaderTextColor","dataSourceKey":"BRANCH_STYLES","dataSourceModelName":"Branch_Styles"}},"background-color":{"isTransparent":false,"isChildTransparent":false}}],"dynamicStyles":{"background-color":{"isDynamic":true,"dataSourceType":"global","dataSourcefieldName":"primaryHeaderColor","dataSourceKey":"BRANCH_STYLES","dataSourceModelName":"Branch_Styles"}},"background-color":{"isTransparent":false,"isChildTransparent":false}},{"type":"flexlayout","componentName":"","componentType":"vbox","class":"sortable","direction":"vertical","align":"start","pack":"stretch","style":{"width":"100%","display":"flex","align-items":"center"},"hasChild":false,"id":1678898357786,"childStyle":{},"fields":[{"type":"flexlayout","componentName":"","componentType":"vbox","class":"sortable","direction":"vertical","align":"start","pack":"stretch","style":{"width":"100%","display":"flex","padding-top":"20px","padding-left":"20px","padding-right":"20px","padding-bottom":"30px"},"hasChild":false,"id":1678905868211,"childStyle":{},"fields":[{"type":"flexlayout","componentName":"","componentType":"vbox","class":"sortable","direction":"vertical","align":"start","pack":"stretch","style":{"width":"100%","display":"flex","flex-direction":"row","align-items":"center"},"hasChild":false,"id":1678905868212,"childStyle":{},"dynamicStyles":{},"fields":[{"type":"flexlayout","componentName":"","componentType":"vbox","class":"sortable","direction":"vertical","align":"start","pack":"stretch","style":{"width":"25%","display":"flex"},"hasChild":false,"id":1678905868213,"childStyle":{},"dynamicStyles":{},"fields":[{"type":"text","componentName":"","componentType":"input","class":"text-wrap","style":{"width":"100%","font-size":"1em","font-weight":"bold"},"hasChild":false,"id":1678905868214,"dynamicStyles":{"color":{"isDynamic":true,"dataSourceType":"global","dataSourcefieldName":"primaryBGColorText","dataSourceKey":"BRANCH_STYLES","dataSourceModelName":"Branch_Styles"}},"background-color":{"isTransparent":false,"isChildTransparent":false}}],"background-color":{"isTransparent":false,"isChildTransparent":false}},{"type":"flexlayout","componentName":"","componentType":"vbox","class":"sortable","direction":"vertical","align":"start","pack":"stretch","style":{"width":"60%","display":"flex","max-width":"450px"},"hasChild":false,"id":1678905868215,"childStyle":{},"dynamicStyles":{},"fields":[{"type":"flexlayout","componentName":"","componentType":"vbox","class":"sortable","direction":"vertical","align":"start","pack":"stretch","style":{"width":"100%","display":"flex"},"hasChild":false,"id":1678905868216,"childStyle":{},"fields":[{"type":"select","componentName":"","componentType":"select","class":"someClass orTwo","style":{},"hasChild":false,"id":1678905868217,"dynamicStyles":{}}],"dynamicStyles":{},"name":"Adminstrator View","hideDataField":"hideStudent","background-color":{"isTransparent":false,"isChildTransparent":false}},{"type":"flexlayout","componentName":"","componentType":"vbox","class":"sortable","direction":"vertical","align":"start","pack":"stretch","style":{"width":"100%","display":"none"},"hasChild":false,"id":1678905868218,"childStyle":{},"fields":[{"type":"text","componentName":"","componentType":"input","class":"text-wrap","style":{},"hasChild":false,"id":1678905868219,"dynamicStyles":{}}],"dynamicStyles":{},"name":"Student View"}],"background-color":{"isTransparent":false,"isChildTransparent":false}},{"type":"flexlayout","componentName":"","componentType":"vbox","class":"sortable","direction":"vertical","align":"start","pack":"stretch","style":{"display":"flex","margin-left":"20px","margin-bottom":"8px","padding-bottom":"8px","flex-direction":"column","align-items":"center"},"hasChild":false,"id":1678906854932,"childStyle":{},"dynamicStyles":{},"fields":[{"type":"flexlayout","componentName":"","componentType":"vbox","class":"sortable","direction":"vertical","align":"start","pack":"stretch","style":{"border-radius":"4px","border-top-left-radius":"4px","border-top-right-radius":"4px","border-bottom-right-radius":"4px","border-bottom-left-radius":"4px","width":"35px","height":"35px","display":"flex","margin-right":"10px"},"hasChild":false,"id":1694277434229,"childStyle":{},"fields":[{"type":"button","componentName":"","componentType":"button","class":"btn btn-primary","style":{"background-color":"transparent","border-radius":"4px","border-style":"none","border-top-left-radius":"4px","border-top-right-radius":"4px","border-bottom-right-radius":"4px","border-bottom-left-radius":"4px","width":"35px","height":"35px","padding-top":"0","padding-left":"0","padding-right":"0","padding-bottom":"0","font-size":"22px"},"hasChild":false,"id":1694277434230,"dynamicStyles":{"color":{"isDynamic":true,"dataSourceType":"global","dataSourcefieldName":"secondaryBGTextColor","dataSourceKey":"BRANCH_STYLES","dataSourceModelName":"Branch_Styles"}},"background-color":{"isTransparent":false,"isChildTransparent":false},"rrCSSClass":[],"name":"Save"}],"dynamicStyles":{},"background-color":{"isTransparent":false,"isChildTransparent":false},"rrCSSClass":["panel_Highlight"]}],"name":"AS Save Panel","background-color":{"isTransparent":false,"isChildTransparent":false},"hideDataField":"hideStudent"}],"background-color":{"isTransparent":false,"isChildTransparent":false}},{"type":"flexlayout","componentName":"","componentType":"vbox","class":"sortable","direction":"vertical","align":"start","pack":"stretch","style":{"width":"100%","display":"flex","margin-top":"20px","margin-left":"auto","margin-right":"auto","flex-direction":"row"},"hasChild":false,"id":1694209023215,"childStyle":{},"dynamicStyles":{},"fields":[{"type":"flexlayout","componentName":"","componentType":"vbox","class":"sortable","direction":"vertical","align":"start","pack":"stretch","style":{"width":"25%","display":"flex","padding-top":"5px","flex-direction":"row","align-items":"center"},"hasChild":false,"id":1694276782546,"childStyle":{},"dynamicStyles":{},"background-color":{"isTransparent":false,"isChildTransparent":false},"fields":[{"type":"text","componentName":"","componentType":"input","class":"text-wrap","style":{"width":"100%","font-size":"1em","font-weight":"bold"},"hasChild":false,"id":1694278500305,"dynamicStyles":{"color":{"isDynamic":true,"dataSourceType":"global","dataSourcefieldName":"primaryBGColorText","dataSourceKey":"BRANCH_STYLES","dataSourceModelName":"Branch_Styles"}},"background-color":{"isTransparent":false,"isChildTransparent":false}}]},{"type":"flexlayout","componentName":"","componentType":"vbox","class":"sortable","direction":"vertical","align":"start","pack":"stretch","style":{"width":"70%","display":"flex","flex-direction":"row","align-items":"center"},"hasChild":false,"id":1694278215839,"childStyle":{},"dynamicStyles":{},"background-color":{"isTransparent":false,"isChildTransparent":false},"fields":[{"type":"flexlayout","componentName":"","componentType":"vbox","class":"sortable","direction":"vertical","align":"start","pack":"stretch","style":{"border-radius":"6px","border-top-left-radius":"6px","border-top-right-radius":"6px","border-bottom-right-radius":"6px","border-bottom-left-radius":"6px","width":"140px","height":"66.66666666666667%","display":"flex","padding-top":"5px","padding-left":"5px","padding-right":"5px","padding-bottom":"5px","flex-direction":"column","align-items":"center","cursor":"Pointer"},"hasChild":false,"id":1694209023216,"childStyle":{},"dynamicStyles":{},"fields":[{"type":"text","componentName":"","componentType":"input","class":"text-wrap","style":{"background-color":"#f6f6f6","border-radius":"50px","border-width":"1px","border-left-width":"1px","border-right-width":"1px","border-top-width":"1px","border-bottom-width":"1px","border-style":"solid","border-color":"#ddd","border-top-left-radius":"50px","border-top-right-radius":"50px","border-bottom-right-radius":"50px","border-bottom-left-radius":"50px","width":"68px","margin-bottom":"10px","padding-top":"5px","padding-left":"0","padding-right":"0","padding-bottom":"5px","font-size":"35px","color":"#45a29e"},"hasChild":false,"id":1694208774576,"dynamicStyles":{},"background-color":{"isTransparent":false,"isChildTransparent":false}},{"type":"text","componentName":"","componentType":"input","class":"text-wrap","style":{"width":"100%","height":"40px","font-size":"1em","font-weight":"bold","text-align":"center"},"hasChild":false,"id":1694209023217,"dynamicStyles":{"color":{"isDynamic":true,"dataSourceType":"global","dataSourcefieldName":"primaryBGColorText","dataSourceKey":"BRANCH_STYLES","dataSourceModelName":"Branch_Styles"}},"background-color":{"isTransparent":false,"isChildTransparent":false}}],"background-color":{"isTransparent":false,"isChildTransparent":false},"rrCSSClass":["panel_Highlight"],"name":"Transcript Setup"},{"type":"flexlayout","componentName":"","componentType":"vbox","class":"sortable","direction":"vertical","align":"start","pack":"stretch","style":{"border-radius":"6px","border-top-left-radius":"6px","border-top-right-radius":"6px","border-bottom-right-radius":"6px","border-bottom-left-radius":"6px","width":"140px","display":"none","margin-left":"20px","margin-right":"20px","padding-top":"5px","padding-left":"5px","padding-right":"5px","padding-bottom":"5px","flex-direction":"column","align-items":"center","cursor":"Pointer"},"hasChild":false,"id":1694218615820,"childStyle":{},"dynamicStyles":{},"fields":[{"type":"text","componentName":"","componentType":"input","class":"text-wrap","style":{"background-color":"#f6f6f6","border-radius":"50px","border-width":"1px","border-left-width":"1px","border-right-width":"1px","border-top-width":"1px","border-bottom-width":"1px","border-style":"solid","border-color":"#ddd","border-top-left-radius":"50px","border-top-right-radius":"50px","border-bottom-right-radius":"50px","border-bottom-left-radius":"50px","width":"68px","margin-bottom":"10px","padding-top":"5px","padding-left":"0","padding-right":"0","padding-bottom":"5px","font-size":"35px","color":"#ffc263"},"hasChild":false,"id":1694220681206,"dynamicStyles":{},"background-color":{"isTransparent":false,"isChildTransparent":false}},{"type":"text","componentName":"","componentType":"input","class":"text-wrap","style":{"width":"100%","height":"40px","font-size":"1em","font-weight":"bold","text-align":"center"},"hasChild":false,"id":1694218615822,"dynamicStyles":{"color":{"isDynamic":true,"dataSourceType":"global","dataSourcefieldName":"primaryBGColorText","dataSourceKey":"BRANCH_STYLES","dataSourceModelName":"Branch_Styles"}},"background-color":{"isTransparent":false,"isChildTransparent":false}}],"background-color":{"isTransparent":false,"isChildTransparent":false},"rrCSSClass":["panel_Highlight"],"name":"Request Transcript"},{"type":"flexlayout","componentName":"","componentType":"vbox","class":"sortable","direction":"vertical","align":"start","pack":"stretch","style":{"border-radius":"6px","border-top-left-radius":"6px","border-top-right-radius":"6px","border-bottom-right-radius":"6px","border-bottom-left-radius":"6px","width":"140px","display":"none","padding-top":"5px","padding-left":"5px","padding-right":"5px","padding-bottom":"5px","flex-direction":"column","align-items":"center","cursor":"Pointer"},"hasChild":false,"id":1694219601608,"childStyle":{},"dynamicStyles":{},"fields":[{"type":"text","componentName":"","componentType":"input","class":"text-wrap","style":{"background-color":"#f6f6f6","border-radius":"50px","border-width":"1px","border-left-width":"1px","border-right-width":"1px","border-top-width":"1px","border-bottom-width":"1px","border-style":"solid","border-color":"#ddd","border-top-left-radius":"50px","border-top-right-radius":"50px","border-bottom-right-radius":"50px","border-bottom-left-radius":"50px","width":"68px","margin-bottom":"10px","padding-top":"5px","padding-left":"0","padding-right":"0","padding-bottom":"5px","font-size":"35px","color":"#556e78"},"hasChild":false,"id":1694221047578,"dynamicStyles":{},"background-color":{"isTransparent":false,"isChildTransparent":false}},{"type":"text","componentName":"","componentType":"input","class":"text-wrap","style":{"width":"100%","height":"40px","font-size":"1em","font-weight":"bold","text-align":"center"},"hasChild":false,"id":1694219601610,"dynamicStyles":{"color":{"isDynamic":true,"dataSourceType":"global","dataSourcefieldName":"primaryBGColorText","dataSourceKey":"BRANCH_STYLES","dataSourceModelName":"Branch_Styles"}},"background-color":{"isTransparent":false,"isChildTransparent":false}}],"background-color":{"isTransparent":false,"isChildTransparent":false},"rrCSSClass":["panel_Highlight"],"name":"View Transcript"}]}],"background-color":{"isTransparent":false,"isChildTransparent":false}},{"type":"flexlayout","componentName":"","componentType":"vbox","class":"sortable","direction":"vertical","align":"start","pack":"stretch","style":{"width":"100%","display":"none","padding-top":"10px","padding-left":"10px","padding-right":"10px","padding-bottom":"10px","flex-direction":"row","align-items":"center"},"hasChild":false,"id":1678905868220,"childStyle":{},"dynamicStyles":{},"fields":[{"type":"flexlayout","componentName":"","componentType":"vbox","class":"sortable","direction":"vertical","align":"start","pack":"stretch","style":{"width":"50%","display":"flex"},"hasChild":false,"id":1678905868221,"childStyle":{},"dynamicStyles":{},"fields":[{"type":"text","componentName":"","componentType":"input","class":"text-wrap","style":{},"hasChild":false,"id":1678905868222,"dynamicStyles":{}}]},{"type":"flexlayout","componentName":"","componentType":"vbox","class":"sortable","direction":"vertical","align":"start","pack":"stretch","style":{"width":"50%","display":"flex"},"hasChild":false,"id":1678905868223,"childStyle":{},"dynamicStyles":{},"fields":[{"type":"text","componentName":"","componentType":"input","class":"text-wrap","style":{},"hasChild":false,"id":1678905868224,"dynamicStyles":{}}]}],"name":"Financial Status"},{"type":"flexlayout","componentName":"","componentType":"vbox","class":"sortable","direction":"vertical","align":"start","pack":"stretch","style":{"width":"100%","display":"none","padding-top":"10px","padding-left":"10px","padding-right":"10px","padding-bottom":"10px","flex-direction":"row","align-items":"center"},"hasChild":false,"id":1678905868225,"childStyle":{},"dynamicStyles":{},"fields":[{"type":"flexlayout","componentName":"","componentType":"vbox","class":"sortable","direction":"vertical","align":"start","pack":"stretch","style":{"width":"50%","display":"flex"},"hasChild":false,"id":1678905868226,"childStyle":{},"dynamicStyles":{},"fields":[{"type":"text","componentName":"","componentType":"input","class":"text-wrap","style":{},"hasChild":false,"id":1678905868227,"dynamicStyles":{}}]},{"type":"flexlayout","componentName":"","componentType":"vbox","class":"sortable","direction":"vertical","align":"start","pack":"stretch","style":{"width":"50%","display":"flex"},"hasChild":false,"id":1678905868228,"childStyle":{},"dynamicStyles":{},"fields":[{"type":"text","componentName":"","componentType":"input","class":"text-wrap","style":{},"hasChild":false,"id":1678905868229}]}],"name":"Account Balance"}],"dynamicStyles":{},"background-color":{"isTransparent":false,"isChildTransparent":false}}],"dynamicStyles":{}}],"gridArea":"1 / 1 / 5 / 5","rrStyles":["box_shadow_flex_large"]},{"type":"flexlayout","componentName":"","componentType":"vbox","class":"sortable","direction":"vertical","align":"start","pack":"stretch","style":{"border-radius":"10px","border-top-left-radius":"10px","border-top-right-radius":"10px","border-bottom-right-radius":"10px","border-bottom-left-radius":"10px","width":"100%","display":"flex","margin-top":"30px","align-self":"center"},"hasChild":false,"id":1679690633058,"childStyle":{},"fields":[{"type":"list","class":"someClass orTwo","componentType":"list","style":{"width":"100%","height":"100%"},"hasChild":true,"id":1679071525010,"dynamicStyles":{},"dynamicChildStyles":{},"background-color":{"isTransparent":false,"isChildTransparent":false}}],"dynamicStyles":{"background-color":{"isDynamic":true,"dataSourceType":"global","dataSourcefieldName":"primaryBGColor","dataSourceKey":"BRANCH_STYLES","dataSourceModelName":"Branch_Styles"}},"background-color":{"isTransparent":false,"isChildTransparent":false},"rrStyles":["box_shadow_flex_large"]},{"type":"flexlayout","componentName":"","componentType":"vbox","class":"sortable","direction":"vertical","align":"start","pack":"stretch","style":{"border-radius":"10px","border-top-left-radius":"10px","border-top-right-radius":"10px","border-bottom-right-radius":"10px","border-bottom-left-radius":"10px","width":"100%","display":"flex","margin-top":"30px","padding-top":"0px","padding-left":"0px","padding-right":"0px","padding-bottom":"20px","align-self":"center","grid-area":"1 / 1 / 5 / 5"},"hasChild":false,"id":1676057890046,"childStyle":{},"dynamicStyles":{"background-color":{"isDynamic":true,"dataSourceType":"global","dataSourcefieldName":"primaryBGColor","dataSourceKey":"BRANCH_STYLES","dataSourceModelName":"Branch_Styles"}},"background-color":{"isTransparent":false,"isChildTransparent":false},"fields":[{"type":"flexlayout","componentName":"","componentType":"vbox","class":"sortable","direction":"vertical","align":"start","pack":"stretch","style":{"border-radius":"10px","border-top-left-radius":"10px","border-top-right-radius":"10px","border-bottom-right-radius":"0px","border-bottom-left-radius":"0px","width":"100%","display":"flex","margin-top":"0px","margin-left":"0px","margin-right":"0px","margin-bottom":"10px","padding-right":"20px","flex-direction":"row","justify-content":"space-between","align-items":"center"},"hasChild":false,"id":1676057890047,"childStyle":{},"fields":[{"type":"text","componentName":"","componentType":"input","class":"text-wrap","style":{"border-radius":"0px","border-width":"0px","border-left-width":"0px","border-right-width":"0px","border-top-width":"0px","border-bottom-width":"0px","border-top-left-radius":"10px","border-top-right-radius":"10px","border-bottom-right-radius":"0px","border-bottom-left-radius":"0px","margin-top":"0px","margin-left":"0px","margin-right":"0px","margin-bottom":"0px","padding-top":"8px","padding-left":"20px","padding-right":"0","padding-bottom":"8px","font-family":"Montserrat","font-size":"1.2em","letter-spacing":"-.5px"},"hasChild":false,"id":1676057890048,"dynamicStyles":{"color":{"isDynamic":true,"dataSourceType":"global","dataSourcefieldName":"primaryHeaderTextColor","dataSourceKey":"BRANCH_STYLES","dataSourceModelName":"Branch_Styles"}},"background-color":{"isTransparent":false,"isChildTransparent":false}}],"dynamicStyles":{"background-color":{"isDynamic":true,"dataSourceType":"global","dataSourcefieldName":"primaryHeaderColor","dataSourceKey":"BRANCH_STYLES","dataSourceModelName":"Branch_Styles"}},"background-color":{"isTransparent":false,"isChildTransparent":false}},{"type":"flexlayout","componentName":"","componentType":"vbox","class":"sortable","direction":"vertical","align":"start","pack":"stretch","style":{"width":"100%","display":"flex"},"hasChild":false,"id":1676057890049,"childStyle":{},"fields":[{"type":"flexlayout","componentName":"","componentType":"vbox","class":"sortable","direction":"vertical","align":"start","pack":"stretch","style":{"width":"100%","height":"100%","display":"flex"},"hasChild":false,"id":1678906854928,"childStyle":{},"fields":[{"type":"list","class":"someClass orTwo","componentType":"list","style":{"width":"100%"},"hasChild":true,"id":1678906854929,"dynamicStyles":{},"dynamicChildStyles":{},"name":""}],"dynamicStyles":{},"name":"Student Panel"},{"type":"flexlayout","componentName":"","componentType":"vbox","class":"sortable","direction":"vertical","align":"start","pack":"stretch","style":{"width":"100%","display":"none"},"hasChild":false,"id":1677268307294,"childStyle":{},"fields":[{"type":"list","class":"someClass orTwo","componentType":"list","style":{"width":"100%","display":"flex"},"hasChild":true,"id":1677258951341,"dynamicStyles":{},"dynamicChildStyles":{},"name":""}],"dynamicStyles":{},"name":"Administrator Panel"}],"dynamicStyles":{}},{"type":"flexlayout","componentName":"","componentType":"vbox","class":"sortable","direction":"vertical","align":"start","pack":"stretch","style":{"display":"none","margin-left":"auto","margin-right":"auto","padding-top":"20px","padding-left":"20px","padding-right":"20px","padding-bottom":"20px","flex-direction":"column","align-items":"center"},"hasChild":false,"id":1677258248564,"childStyle":{},"dynamicStyles":{},"fields":[{"type":"button","componentName":"","componentType":"button","class":"btn btn-primary","style":{"border-style":"none","padding-top":"12px","padding-left":"30px","padding-right":"30px","padding-bottom":"12px","font-size":"1em","font-weight":"bold"},"hasChild":false,"id":1677258248565,"dynamicStyles":{"background-color":{"isDynamic":true,"dataSourceType":"global","dataSourcefieldName":"primaryButtonColor","dataSourceKey":"BRANCH_STYLES","dataSourceModelName":"Branch_Styles"},"color":{"isDynamic":true,"dataSourceType":"global","dataSourcefieldName":"primaryButtonTextColor","dataSourceKey":"BRANCH_STYLES","dataSourceModelName":"Branch_Styles"}},"rrBadgeStyles":[],"name":"Save Button","background-color":{"isTransparent":false,"isChildTransparent":false},"rrStyles":["Button Style"]}],"name":"Save Panel","background-color":{"isTransparent":false,"isChildTransparent":false}}],"gridArea":"1 / 1 / 5 / 5","rrStyles":["box_shadow_flex_large"]}],"dynamicStyles":{},"background-color":{"isTransparent":false,"isChildTransparent":false}}],"id":1673984328568,"childStyle":{},"dynamicStyles":{},"background-color":{"isTransparent":false,"isChildTransparent":false}},"portraitConfig":null,"landscapeConfig":null,"pageBuilderConfig":{"1673984328568":{"listeners":{"click":{"workflow":"","submit":false},"drag":{"workflow":"","submit":false},"panelResize":{"workflow":"","submit":false}},"cssClassNamedataSourceType":""},"1673984328569":{"listeners":{"click":{"workflow":"","submit":false},"drag":{"workflow":"","submit":false},"panelResize":{"workflow":"","submit":false}},"cssClassNamedataSourceType":""},"1676057890046":{"listeners":{"click":{"workflow":"","submit":false,"type":"workflow","success":{"type":"goTo","screenId":""}},"drag":{"workflow":"","submit":false},"doubleclick":{"type":"workflow","success":{"type":"goTo","screenId":""}}},"hoverTxtdataSourceType":"","cssClassNamedataSourceType":""},"1676057890047":{"listeners":{"click":{"workflow":"","submit":false,"type":"workflow","success":{"type":"goTo","screenId":""}},"drag":{"workflow":"","submit":false},"doubleclick":{"type":"workflow","success":{"type":"goTo","screenId":""}}},"hoverTxtdataSourceType":"","cssClassNamedataSourceType":""},"1676057890048":{"listeners":{"click":{"workflow":"","submit":false,"type":"workflow","success":{"type":"goTo","screenId":""}},"doubleclick":{"type":"workflow","success":{"type":"goTo","screenId":""}}},"cssClassNamedataSourceType":"","dataSourceType":"constant","dataSourcefieldName":"Custom Fields","ellipsis":"","isRequiredKeydataSourceType":"","labelKey":"Custom Fields"},"1676057890049":{"listeners":{"click":{"workflow":"","submit":false,"type":"workflow","success":{"type":"goTo","screenId":""}},"drag":{"workflow":"","submit":false},"panelResize":{"workflow":"","submit":false},"doubleclick":{"type":"workflow","success":{"type":"goTo","screenId":""}}},"hoverTxtdataSourceType":""},"1677258951341":{"listeners":{"click":{"workflow":"","submit":false,"type":"workflow","success":{"type":"goTo","screenId":""}},"focus":{"workflow":"","submit":false,"type":"workflow","success":{"type":"goTo","screenId":""}}},"isMultiCustom":true,"listCC":[{"type":"DROPDOWN","id":"63e408128f083114c8f5bb6c"},{"type":"CHECKBOX","id":"63e4078b8f083114c8f5bb5c"},{"type":"INPUT","id":"63e401458f083114c8f5baff"},{"type":"DATE","id":"63e408308f083114c8f5bb74"},{"type":"NUMBER","id":"63e407e58f083114c8f5bb64"}],"cssClassNamedataSourceType":"","listType":"customList","dataSourceType":"global","scrollTodataSourceType":"","emptyListCCdataSourceType":"","customComponent":"63e4078b8f083114c8f5bb5c","dataSourceKey":"STUDENT_CUSTOM_FIELDS","dataSourceModelName":"SUB_Branch_Custom_Fields_Item","mapping-model":"SUB_Branch_Custom_Fields_Item","cc-field":"fieldType","emptyListCC":"6408b1c98f08626672a797b3"},"1677258248564":{"listeners":{"click":{"workflow":"","submit":false,"type":"workflow","success":{"type":"goTo","screenId":""}},"drag":{"workflow":"","submit":false},"panelResize":{"workflow":"","submit":false},"doubleclick":{"type":"workflow","success":{"type":"goTo","screenId":""}}},"hoverTxtdataSourceType":"","cssClassNamedataSourceType":""},"1677258248565":{"listeners":{"click":{"workflow":"641cba4a8f082040bff76f8e","submit":false,"type":"workflow","success":{"type":"goTo","screenId":""}},"longPress":{"workflow":"","submit":false}},"cssClassNamedataSourceType":"","dataSourceType":"constant","badgedataSourceType":"","hoverTxtdataSourceType":"","filter":"","ellipsis":"","dataSourcefieldName":"Save"},"1677268307294":{"listeners":{"click":{"workflow":"","submit":false,"type":"workflow","success":{"type":"goTo","screenId":""}},"drag":{"workflow":"","submit":false},"panelResize":{"workflow":"","submit":false},"doubleclick":{"type":"workflow","success":{"type":"goTo","screenId":""}}},"hoverTxtdataSourceType":""},"1678291004262":{"listeners":{"click":{"workflow":"","submit":false,"type":"workflow","success":{"type":"goTo","screenId":""}},"drag":{"workflow":"","submit":false},"doubleclick":{"type":"workflow","success":{"type":"goTo","screenId":""}}},"hoverTxtdataSourceType":"","cssClassNamedataSourceType":""},"1678898357781":{"listeners":{"click":{"workflow":"","submit":false,"type":"workflow","success":{"type":"goTo","screenId":""}},"drag":{"workflow":"","submit":false},"doubleclick":{"type":"workflow","success":{"type":"goTo","screenId":""}}},"hoverTxtdataSourceType":"","cssClassNamedataSourceType":""},"1678898357782":{"listeners":{"click":{"workflow":"","submit":false,"type":"workflow","success":{"type":"goTo","screenId":""}},"drag":{"workflow":"","submit":false},"doubleclick":{"type":"workflow","success":{"type":"goTo","screenId":""}}},"hoverTxtdataSourceType":"","cssClassNamedataSourceType":""},"1678898357783":{"listeners":{"click":{"workflow":"","submit":false,"type":"workflow","success":{"type":"goTo","screenId":""}},"doubleclick":{"type":"workflow","success":{"type":"goTo","screenId":""}}},"cssClassNamedataSourceType":"","dataSourceType":"constant","dataSourcefieldName":"General","ellipsis":"","isRequiredKeydataSourceType":"","labelKey":"General"},"1678898357786":{"listeners":{"click":{"workflow":"","submit":false,"type":"workflow","success":{"type":"goTo","screenId":""}},"drag":{"workflow":"","submit":false},"panelResize":{"workflow":"","submit":false},"doubleclick":{"type":"workflow","success":{"type":"goTo","screenId":""}}},"cssClassNamedataSourceType":"","hoverTxtdataSourceType":""},"1678898215243":{"cssClassNamedataSourceType":"","DynaCCdataSourceType":"","DynaInputdataSourceType":"","includedPageId":"6411efb18f08626672a7a98d"},"1678905868211":{"listeners":{"click":{"workflow":"","submit":false},"drag":{"workflow":"","submit":false},"panelResize":{"workflow":"","submit":false}}},"1678905868212":{"listeners":{"click":{"workflow":"","submit":false},"drag":{"workflow":"","submit":false},"panelResize":{"workflow":"","submit":false}}},"1678905868213":{"listeners":{"click":{"workflow":"","submit":false},"drag":{"workflow":"","submit":false},"panelResize":{"workflow":"","submit":false}}},"1678905868214":{"listeners":{"click":{"workflow":"","submit":false,"type":"workflow","success":{"type":"goTo","screenId":""}},"doubleclick":{"type":"workflow","success":{"type":"goTo","screenId":""}}},"cssClassNamedataSourceType":"","dataSourceType":"constant","dataSourcefieldName":"Academic Status:","isRequiredKeydataSourceType":"","ellipsis":"","labelKey":"Academic Status:"},"1678905868215":{"listeners":{"click":{"workflow":"","submit":false},"drag":{"workflow":"","submit":false},"panelResize":{"workflow":"","submit":false}}},"1678905868216":{"listeners":{"click":{"workflow":"","submit":false,"type":"workflow","success":{"type":"goTo","screenId":""}},"drag":{"workflow":"","submit":false},"panelResize":{"workflow":"","submit":false},"doubleclick":{"type":"workflow","success":{"type":"goTo","screenId":""}}},"cssClassNamedataSourceType":"","hoverTxtdataSourceType":""},"1678905868217":{"options":[{"label":"","value":""}],"listeners":{"select":{"workflow":"","submit":false,"type":"workflow","success":{"type":"goTo","screenId":""}}},"cssClassNamedataSourceType":"","initialLabeldataSourceType":"constant","selecteddataSourceType":"global","selectedlabeldataSourceType":"global","validationRequiredErrorTextdataSourceType":"","useRemote":true,"dataSourceType":"workflow","dataSourceWorkflow":"641cab928f08626672a7cb58","remoteModel":"Branch_AcademicStatus","value":"_id","label":"name","selecteddataSourceKey":"SELECTED_USER","selecteddataSourceModelName":"User","selecteddataSourcefieldName":"academicStatus","selectedlabeldataSourceKey":"SELECTED_USER","selectedlabeldataSourceModelName":"User","selectedlabeldataSourcefieldName":"academicStatusName","initialLabeldataSourcefieldName":"-- Select an Academic Status"},"1678905868218":{"listeners":{"click":{"workflow":"","submit":false},"drag":{"workflow":"","submit":false},"panelResize":{"workflow":"","submit":false}}},"1678905868219":{"listeners":{"click":{"workflow":"","submit":false,"type":"workflow","success":{"type":"goTo","screenId":""}},"doubleclick":{"type":"workflow","success":{"type":"goTo","screenId":""}}},"dataSourceType":"global","isRequiredKeydataSourceType":"","ellipsis":"","dataSourceKey":"SELECTED_USER","dataSourceModelName":"User","dataSourcefieldName":"academicStatusName"},"1678905868220":{"listeners":{"click":{"workflow":"","submit":false,"type":"workflow","success":{"type":"goTo","screenId":""}},"drag":{"workflow":"","submit":false},"panelResize":{"workflow":"","submit":false},"doubleclick":{"type":"workflow","success":{"type":"goTo","screenId":""}}},"hoverTxtdataSourceType":""},"1678905868221":{"listeners":{"click":{"workflow":"","submit":false,"type":"workflow","success":{"type":"goTo","screenId":""}},"drag":{"workflow":"","submit":false},"panelResize":{"workflow":"","submit":false},"doubleclick":{"type":"workflow","success":{"type":"goTo","screenId":""}}},"hoverTxtdataSourceType":""},"1678905868222":{"listeners":{"click":{"workflow":"","submit":false,"type":"workflow","success":{"type":"goTo","screenId":""}},"doubleclick":{"type":"workflow","success":{"type":"goTo","screenId":""}}},"dataSourceType":"constant","dataSourcefieldName":"Financial Status:","ellipsis":"","isRequiredKeydataSourceType":""},"1678905868223":{"listeners":{"click":{"workflow":"","submit":false},"drag":{"workflow":"","submit":false},"panelResize":{"workflow":"","submit":false}}},"1678905868225":{"listeners":{"click":{"workflow":"","submit":false},"drag":{"workflow":"","submit":false},"panelResize":{"workflow":"","submit":false}}},"1678905868226":{"listeners":{"click":{"workflow":"","submit":false},"drag":{"workflow":"","submit":false},"panelResize":{"workflow":"","submit":false}}},"1678905868227":{"listeners":{"click":{"workflow":"","submit":false}},"dataSourceType":"constant","dataSourcefieldName":"Account Balance:"},"1678905868228":{"listeners":{"click":{"workflow":"","submit":false},"drag":{"workflow":"","submit":false},"panelResize":{"workflow":"","submit":false}}},"1678906854928":{"listeners":{"click":{"workflow":"","submit":false,"type":"workflow","success":{"type":"goTo","screenId":""}},"drag":{"workflow":"","submit":false},"panelResize":{"workflow":"","submit":false},"doubleclick":{"type":"workflow","success":{"type":"goTo","screenId":""}}},"hoverTxtdataSourceType":""},"1678906854929":{"listeners":{"click":{"workflow":"","submit":false,"type":"workflow","success":{"type":"goTo","screenId":""}},"focus":{"workflow":"","submit":false,"type":"workflow","success":{"type":"goTo","screenId":""}}},"isMultiCustom":true,"listCC":[{"type":"DROPDOWN","id":"63e282d68f08ae70b13c372f"},{"type":"CHECKBOX","id":"63e522318f083114c8f5bce4"},{"type":"INPUT","id":"63e282d68f08ae70b13c372f"},{"type":"DATE","id":"63e5226c8f083114c8f5bce8"},{"type":"NUMBER","id":"63e5229e8f083114c8f5bcf4"}],"cssClassNamedataSourceType":"","listType":"customList","dataSourceType":"global","scrollTodataSourceType":"","emptyListCCdataSourceType":"","customComponent":"63e4078b8f083114c8f5bb5c","dataSourceKey":"STUDENT_CUSTOM_FIELDS","dataSourceModelName":"SUB_Branch_Custom_Fields_Item","mapping-model":"SUB_Branch_Custom_Fields_Item","cc-field":"fieldType","emptyListCC":"6408b1c98f08626672a797b3"},"1678906854932":{"listeners":{"click":{"workflow":"","submit":false,"type":"workflow","success":{"type":"goTo","screenId":""}},"drag":{"workflow":"","submit":false},"panelResize":{"workflow":"","submit":false},"doubleclick":{"type":"workflow","success":{"type":"goTo","screenId":""}}},"hoverTxtdataSourceType":"","cssClassNamedataSourceType":""},"1679071525010":{"listeners":{"click":{"workflow":"","submit":false,"type":"workflow","success":{"type":"goTo","screenId":""}},"focus":{"workflow":"","submit":false,"type":"workflow","success":{"type":"goTo","screenId":""}}},"isMultiCustom":false,"listCC":[],"cssClassNamedataSourceType":"","listType":"customList","dataSourceType":"global","scrollTodataSourceType":"","emptyListCCdataSourceType":"","customComponent":"63c6fac88f08ae70b13c2440","dataSourceModelName":"Branch_GPACalculation","dataSourceKey":"STUDENT_GPACALC","dataSourcefieldName":""},"1678905868224":{"listeners":{"click":{"workflow":"","submit":false,"type":"workflow","success":{"type":"goTo","screenId":""}},"doubleclick":{"type":"workflow","success":{"type":"goTo","screenId":""}}},"dataSourceType":"constant","isRequiredKeydataSourceType":"","ellipsis":""},"1679690633058":{"listeners":{"click":{"workflow":"","submit":false,"type":"workflow","success":{"type":"goTo","screenId":""}},"drag":{"workflow":"","submit":false},"panelResize":{"workflow":"","submit":false},"doubleclick":{"type":"workflow","success":{"type":"goTo","screenId":""}}},"hoverTxtdataSourceType":""},"1691160099505":{"listeners":{"click":{"workflow":"","submit":false,"type":"workflow","success":{"type":"goTo","screenId":""}},"doubleclick":{"type":"workflow","success":{"type":"goTo","screenId":""}}},"cssClassNamedataSourceType":"","dataSourceType":"constant","dataSourcefieldName":"Recent Activity","isRequiredKeydataSourceType":"","ellipsis":"","labelKey":"Recent Activity"},"1691160099504":{"listeners":{"click":{"workflow":"","submit":false},"drag":{"workflow":"","submit":false},"panelResize":{"workflow":"","submit":false}}},"1694209023215":{"listeners":{"click":{"workflow":"","submit":false,"type":"workflow","success":{"type":"goTo","screenId":""}},"drag":{"workflow":"","submit":false},"panelResize":{"workflow":"","submit":false},"doubleclick":{"type":"workflow","success":{"type":"goTo","screenId":""}}},"cssClassNamedataSourceType":"","hoverTxtdataSourceType":""},"1694209023216":{"listeners":{"click":{"workflow":"645307168f08df7abb7feeea","submit":false,"type":"workflow","success":{"type":"goTo","screenId":""}},"drag":{"workflow":"","submit":false},"panelResize":{"workflow":"","submit":false},"doubleclick":{"type":"workflow","success":{"type":"goTo","screenId":""}}},"hoverTxtdataSourceType":""},"1694209023217":{"listeners":{"click":{"workflow":"","submit":false,"type":"workflow","success":{"type":"goTo","screenId":""}},"doubleclick":{"type":"workflow","success":{"type":"goTo","screenId":""}}},"cssClassNamedataSourceType":"","dataSourceType":"constant","dataSourcefieldName":"Transcript Setup","isRequiredKeydataSourceType":"","ellipsis":"","labelKey":"Transcript Setup"},"1694208774576":{"listeners":{"click":{"workflow":"","submit":false,"type":"workflow","success":{"type":"goTo","screenId":""}},"doubleclick":{"type":"workflow","success":{"type":"goTo","screenId":""}}},"cssClassNamedataSourceType":"","dataSourceType":"constant","dataSourcefieldName":"<i class=\"fa-solid fa-file-plus\"></i>","isRequiredKeydataSourceType":"","ellipsis":""},"1694218615820":{"listeners":{"click":{"workflow":"","submit":false,"type":"workflow","success":{"type":"goTo","screenId":""}},"drag":{"workflow":"","submit":false},"panelResize":{"workflow":"","submit":false},"doubleclick":{"type":"workflow","success":{"type":"goTo","screenId":""}}},"hoverTxtdataSourceType":""},"1694218615822":{"listeners":{"click":{"workflow":"","submit":false,"type":"workflow","success":{"type":"goTo","screenId":""}},"doubleclick":{"type":"workflow","success":{"type":"goTo","screenId":""}}},"cssClassNamedataSourceType":"","dataSourceType":"constant","dataSourcefieldName":"Transcript Request","isRequiredKeydataSourceType":"","ellipsis":""},"1694219601608":{"listeners":{"click":{"workflow":"","submit":false,"type":"workflow","success":{"type":"goTo","screenId":""}},"drag":{"workflow":"","submit":false},"panelResize":{"workflow":"","submit":false},"doubleclick":{"type":"workflow","success":{"type":"goTo","screenId":""}}},"hoverTxtdataSourceType":""},"1694219601610":{"listeners":{"click":{"workflow":"","submit":false,"type":"workflow","success":{"type":"goTo","screenId":""}},"doubleclick":{"type":"workflow","success":{"type":"goTo","screenId":""}}},"cssClassNamedataSourceType":"","dataSourceType":"constant","dataSourcefieldName":"View Unofficial Transcript","isRequiredKeydataSourceType":"","ellipsis":""},"1694220681206":{"listeners":{"click":{"workflow":"","submit":false,"type":"workflow","success":{"type":"goTo","screenId":""}},"doubleclick":{"type":"workflow","success":{"type":"goTo","screenId":""}}},"cssClassNamedataSourceType":"","dataSourceType":"constant","dataSourcefieldName":"<i class=\"fa-solid fa-file-certificate\"></i>","isRequiredKeydataSourceType":"","ellipsis":""},"1694221047578":{"listeners":{"click":{"workflow":"","submit":false,"type":"workflow","success":{"type":"goTo","screenId":""}},"doubleclick":{"type":"workflow","success":{"type":"goTo","screenId":""}}},"cssClassNamedataSourceType":"","dataSourceType":"constant","dataSourcefieldName":"<i class=\"fa-solid fa-file-magnifying-glass\"></i>","isRequiredKeydataSourceType":"","ellipsis":""},"1694277434229":{"listeners":{"click":{"workflow":"","submit":false},"drag":{"workflow":"","submit":false},"panelResize":{"workflow":"","submit":false}}},"1694277434230":{"listeners":{"click":{"workflow":"641dc8e68f082040bff770fe","submit":false,"type":"workflow","success":{"type":"goTo","screenId":""}},"longPress":{"workflow":"","submit":false}},"dataSourceType":"constant","badgedataSourceType":"","hoverTxtdataSourceType":"constant","filter":"","ellipsis":"","dataSourcefieldName":"<i class=\"fal fa-save\"></i>","hoverTxtdataSourcefieldName":"Save","cssClassNamedataSourceType":""},"1694276782546":{"listeners":{"click":{"workflow":"","submit":false},"drag":{"workflow":"","submit":false},"panelResize":{"workflow":"","submit":false}}},"1694278215839":{"listeners":{"click":{"workflow":"","submit":false},"drag":{"workflow":"","submit":false},"panelResize":{"workflow":"","submit":false}}},"1694278500305":{"listeners":{"click":{"workflow":"","submit":false,"type":"workflow","success":{"type":"goTo","screenId":""}},"doubleclick":{"type":"workflow","success":{"type":"goTo","screenId":""}}},"cssClassNamedataSourceType":"","dataSourceType":"constant","dataSourcefieldName":"Transcript Actions:","isRequiredKeydataSourceType":"","ellipsis":"","labelKey":"Transcript Actions:"},"dataModel":"TR_Main_Dashboard"},"gridLayoutConfig":{"cols":1,"rows":1,"gridgap":{"int":0,"unit":"em"},"autoflow":true,"explicit":{"colValues":"auto","rowValues":"auto"}},"savedId":null,"workInProgress":false,"status":null,"createdBy":null,"lastModifiedBy":null,"deleted":false,"customComponent":true,"style":false,"animation":false,"styleComponentType":null,"hidden":false,"hideDrawer":false,"lockOrientation":null,"screenShotData":null,"customComponentScreenShot":false,"eventMappings":null,"layoutRows":0,"layoutCols":0,"enableRuntimeConfiguration":false,"inputs":null,"timerWorkflowId":null,"timeInterval":0,"label":null,"leftArrowWorkflowId":null,"rightArrowWorkflowId":null,"bpmManaged":false,"category":null,"displaySeq":0,"rowCounter":0,"columnCounter":0,"aiHtml":null,"customization":null,"pageData":null}]