[{"id":"66748be98f08bdb80fbb77cc","companyId":"5f47ce0c8f0815394ff3bd8a","createdDate":1720630267969,"updatedDate":1720630267969,"versionId":2,"referenceId":null,"systemStatus":"P","updatedByUserId":"5fa999cf8f08eee59b0a70e1","updatedByUserName":"Mark Bonham","systemStatusText":null,"userTypes":null,"requirementIds":null,"name":"User_Import_User","sourceReferenceId":null,"sourceReferenceAppId":null,"lockedByUserId":null,"lockedByUserName":null,"publicArtifact":false,"enableOffline":false,"locked":false,"canUnlock":false,"publishComment":"bdfg","importantPublish":false,"appId":"5f47f6258f0814ff0a91755e","folderId":"","initializer":["66732e178f08bdb80fbb7341"],"triggerType":"uiEvent","flow":[],"createdBy":null,"lastModifiedBy":null,"objectsMap":{"1665001440113":{"id":"1665001440113","type":"startObject","value":["66732e178f08bdb80fbb7341"],"taskName":"Start","triggerType":"uiEvent","addedToConfig":true,"painted":true,"position":{},"taskNotes":"<p><br></p>","desc":"User_Management_Import_Users"},"16650014401131000":{"id":"16650014401131000","parent":"1720628403585","systemExit":true,"type":"return","returnType":"exit","taskName":"Exit","label":"","addedToConfig":false,"painted":false,"position":{}},"1689280940598":{"id":"1689280940598","type":"query","position":{},"source":null,"target":null,"mapping":null,"label":"","filterBy":"criteria","searchOption":"one","operator":"and","taskName":"Read CURRENT_BRANCH","parent":"1709230093498","painted":false,"taskNotes":"<p><br></p>","saveType":"global","sourceVariable":"CURRENT_BRANCH","modelName":"Branch","addedToConfig":false},"1689280964335":{"id":"1689280964335","type":"query","position":{},"source":null,"target":null,"mapping":null,"label":"","filterBy":"criteria","searchOption":"one","operator":"and","taskName":"Read CURRENT_USER","parent":"1689280940598","painted":false,"taskNotes":"<p><br></p>","saveType":"global","sourceVariable":"CURRENT_USER","modelName":"User","addedToConfig":false},"1689280994180":{"id":"1689280994180","type":"service","value":"Get Auth Header","serviceType":"internal","serviceId":"getAuthHeader","position":{},"label":"","callType":"async","taskName":"Auth Header","parent":"1689280964335","painted":false,"addAtIndexType":"constant","addAtIndex":false,"desc":"Get Auth Header","taskNotes":"<p><br></p>","addedToConfig":false},"1689281003020":{"id":"1689281003020","type":"createDataObject","position":{},"condition":"API_UserRequest","mapping":[{"name":"action","valueType":"constant","value":"ADD","fieldType":"String","list":false,"rr_dynamic_field_name_type":"","fromModel":""},{"name":"actionType","valueType":"constant","value":"IMPORT_USER","fieldType":"String","list":false,"rr_dynamic_field_name_type":"","fromModel":""},{"name":"branchId","valueType":"variable","value":"_id","fieldType":"String","list":false,"rr_dynamic_field_name_type":"","fromModel":"Branch","source":"1689280940598"},{"name":"userId","valueType":"variable","value":"_id","fieldType":"String","list":false,"rr_dynamic_field_name_type":"","fromModel":"User","source":"1689280964335"}],"label":"","taskName":"API_UserRequest","parent":"1689280994180","painted":false,"taskNotes":"<p><br></p>","addedToConfig":false,"showAllFields":false},"1689281010076":{"id":"1689281010076","type":"createDataObject","position":{},"condition":"API_MainRequest","mapping":[{"name":"rr_id","valueType":"variable","value":"tenantId","fieldType":"String","list":false,"rr_dynamic_field_name_type":"","fromModel":"Lookup_SystemInfo","source":"1709230093498"},{"name":"authHeader","valueType":"variable","value":null,"fieldType":"String","list":false,"rr_dynamic_field_name_type":"","source":"1689280994180"},{"name":"data","valueType":"variable","value":"rr_this_object","fieldType":"Object","list":false,"rr_dynamic_field_name_type":"","fromModel":"API_UserRequest","source":"1689281003020"},{"name":"service","valueType":"constant","value":"5f47f79e8f0814ff0a917593","fieldType":"String","list":false,"rr_dynamic_field_name_type":"","fromModel":""}],"label":"","taskName":"API_MainRequest","parent":"1689281003020","painted":false,"taskNotes":"<p><br></p>","addedToConfig":false},"1689281018628":{"id":"1689281018628","type":"workflow","position":{},"workflowId":"65aaf8fc8f0887f52e616e81","workflowName":"Web Services :: API_MainWrapper","workflowType":"serverFlow","label":"","taskName":"Visual Logic Component","parent":"1689281010076","painted":false,"taskNotes":"<p><br></p>","callType":"sync","inputTask":"1689281010076","inputValue":null,"outputDataModel":"API_MainResponse","addedToConfig":false},"1689281968927":{"id":"1689281968927","type":"service","value":"Get Value","serviceType":"internal","serviceId":"getValueFromObj","position":{},"label":"","callType":"async","taskName":"Get List","parent":"1689281018628","painted":false,"addAtIndexType":"constant","addAtIndex":false,"desc":"Get Value","taskNotes":"<p><br></p>","inputTask":"1689281018628","inputValue":null,"targetVariable":"list","modelName":"User","addedToConfig":false},"1689282312657":{"id":"1689282312657","type":"persist","position":{},"source":"1689281968927","target":null,"mapping":null,"label":"","taskName":"Write TEMP_IMPORT_LIST","parent":"1689355271556","taskNotes":"<p><br></p>","saveType":"global","variable":"TEMP_IMPORT_LIST","addedToConfig":false,"painted":false,"modelName":"User"},"1689355271556":{"id":"1689355271556","type":"dataTransfer","position":{},"source":"mddui_page_input_data","sourceType":"page","sourceVariable":"","targetType":"page","target":"rr_page_data","targetVariable":null,"resultVariable":null,"mapping":[{"name":"selectedObject2","valueType":"variable","value":"_id","fieldType":"Object","list":false,"rr_dynamic_field_name_type":"","fromModel":"Branch_UserTags","source":"1689355229148"}],"label":"","taskName":"Update Model in Memory","parent":"1720628388487","painted":false,"taskNotes":"<p><br></p>","condition":"TR_Main_Dashboard","addedToConfig":false},"1709230093498":{"id":"1709230093498","type":"query","position":{},"source":null,"target":null,"mapping":null,"label":"","filterBy":"criteria","searchOption":"one","operator":"and","taskName":"Read SYSTEM_INFO","parent":"1665001440113","painted":false,"taskNotes":"<p><br></p>","saveType":"global","sourceVariable":"SYSTEM_INFO","modelName":"Lookup_SystemInfo","addedToConfig":false},"1720628388487":{"id":"1720628388487","type":"service","value":"Get Value","serviceType":"internal","serviceId":"getValueFromObj","position":{},"label":"","callType":"async","taskName":"Get List2","parent":"1689281968927","painted":false,"addAtIndexType":"constant","addAtIndex":false,"desc":"Get Value","taskNotes":"<p><br></p>","inputTask":"1689281018628","inputValue":null,"targetVariable":"list2","modelName":"User","addedToConfig":false},"1720628403585":{"id":"1720628403585","type":"persist","position":{},"source":"1720628388487","target":null,"mapping":null,"label":"","taskName":"Write TEMP_IMPORT_LIST2","parent":"1689282312657","taskNotes":"<p><br></p>","saveType":"global","variable":"TEMP_IMPORT_LIST2","addedToConfig":false,"painted":false,"modelName":"User"}},"decisionsMap":{},"active":false,"scheduler":false,"savedId":null,"workInProgress":false,"uiFLow":true,"startTaskId":"1665001440113","shouldSecure":false,"allowExecutionForAll":false,"testCase":false,"testSuite":false,"sequence":1,"internal":false,"triggeredFromBpm":false,"inputModel":null,"outputModel":null,"appName":null},
{"id":"668ed9f68f08df157b26757b","companyId":"5f47ce0c8f0815394ff3bd8a","createdDate":1720638782094,"updatedDate":1720638782094,"versionId":2,"referenceId":null,"systemStatus":"P","updatedByUserId":"5fa999cf8f08eee59b0a70e1","updatedByUserName":"Mark Bonham","systemStatusText":null,"userTypes":null,"requirementIds":null,"name":"User_Management_ClearCSV_Importlist","sourceReferenceId":null,"sourceReferenceAppId":null,"lockedByUserId":null,"lockedByUserName":null,"publicArtifact":false,"enableOffline":false,"locked":false,"canUnlock":false,"publishComment":"f","importantPublish":false,"appId":"5f47f6258f0814ff0a91755e","folderId":"","initializer":null,"triggerType":"uiEvent","flow":[],"createdBy":null,"lastModifiedBy":null,"objectsMap":{"1720637942779":{"id":"1720637942779","type":"startObject","value":null,"taskName":"Start","triggerType":"uiEvent","addedToConfig":true,"painted":true,"position":{}},"17206379427791000":{"id":"17206379427791000","parent":"1720638771549","systemExit":true,"type":"return","returnType":"exit","taskName":"Exit","label":"","addedToConfig":false,"painted":false,"position":{},"taskNotes":"<p><br></p>"},"1720638516179":{"id":"1720638516179","type":"delete","position":{},"source":null,"target":null,"mapping":null,"label":"","filterBy":"criteria","searchOption":"one","operator":"and","taskName":"Remove TEMP_IMPORT_LIST","parent":"1720637942779","painted":false,"taskNotes":"<p><br></p>","saveType":"global","addedToConfig":false,"sourceVariable":"TEMP_IMPORT_LIST"},"1720638571193":{"id":"1720638571193","type":"delete","position":{},"source":null,"target":null,"mapping":null,"label":"","filterBy":"criteria","searchOption":"one","operator":"and","taskName":"Remove TEMP_IMPORT_LIST2","parent":"1720638516179","painted":false,"taskNotes":"<p><br></p>","saveType":"global","addedToConfig":false,"sourceVariable":"TEMP_IMPORT_LIST2"},"1720638733429":{"id":"1720638733429","type":"rrUiComponent","position":{"top":445,"left":452},"label":"","taskName":"Manipulate UI Component","screenId":null,"parent":"1720638571193","painted":false,"customComponent":"","animationImageType":"","taskNotes":"<p><br></p>","actionType":"refreshComponent","componentNameType":"constant","componentName":"Temp_Import_list2","addedToConfig":false},"1720638771549":{"id":"1720638771549","type":"rrUiComponent","position":{"top":445,"left":452},"label":"","taskName":"Manipulate UI Component","screenId":null,"parent":"1720638733429","painted":false,"customComponent":"","animationImageType":"","taskNotes":"<p><br></p>","actionType":"refreshComponent","componentNameType":"constant","componentName":"Temp_Import_list","addedToConfig":false}},"decisionsMap":{},"active":false,"scheduler":false,"savedId":null,"workInProgress":false,"uiFLow":true,"startTaskId":"1720637942779","shouldSecure":false,"allowExecutionForAll":false,"testCase":false,"testSuite":false,"sequence":1,"internal":false,"triggeredFromBpm":false,"inputModel":null,"outputModel":null,"appName":null}]