[{"id":"5f47f8728f0814ff0a91763b","companyId":"5f47ce0c8f0815394ff3bd8a","createdDate":1715116995174,"updatedDate":1715116995174,"versionId":247,"referenceId":null,"systemStatus":"P","updatedByUserId":"5f47ce0e8f0815394ff3be1b","updatedByUserName":"Josh Havens","systemStatusText":null,"userTypes":[],"requirementIds":[],"name":"Course_List_Icon_Item","sourceReferenceId":"5e57e214e4b053c1843906bd","sourceReferenceAppId":"5e4ad395e4b053c18438f562","lockedByUserId":null,"lockedByUserName":null,"publicArtifact":false,"enableOffline":false,"locked":false,"canUnlock":false,"publishComment":" ","importantPublish":false,"appId":"5f47f6258f0814ff0a91755e","folderId":null,"desc":null,"loadDataFrom":"model","dataModel":"Course","webserviceId":null,"webserviceOutput":null,"preLoadWorkflowId":"","workflowId":"","backButtonWorkflowId":null,"targetDevice":"browser","detachTemplate":true,"templateId":"","landscapeTemplateId":"","defaultTemplate":"portrait","config":{"type":"gridpanel","style":{"height":"100%","display":"grid","margin-left":"8px","margin-right":"8px","margin-bottom":"15px","grid-gap":"0em","grid-template-columns":"repeat(4, 1fr)","grid-template-rows":"repeat(4, 1fr)","grid-auto-rows":"1fr","grid-auto-columns":"1fr"},"direction":"layout-grid","fields":[{"type":"gridpanel","componentName":"","componentType":"gridpanel","class":"gridpanel","style":{"border-radius":"6px","border-width":"1px","border-left-width":"1px","border-right-width":"1px","border-top-width":"1px","border-bottom-width":"1px","border-style":"solid","border-color":"rgb(200,200,200)","border-top-left-radius":"6px","border-top-right-radius":"6px","border-bottom-right-radius":"6px","border-bottom-left-radius":"6px","width":"260px","height":"300px","display":"grid","padding-bottom":"4px","box-shadow":"0px 1px 5px -2px rgba(0,0,0,0.3) ","overflow":"hidden","grid-area":"1 / 1 / 5 / 5","grid-gap":"0px","grid-template-rows":"88% 12%","grid-auto-rows":"auto","grid-auto-columns":"auto"},"hasChild":false,"gridArea":"1 / 1 / 5 / 5","id":1582817814284,"gridLayoutProps":{"rows":3,"cols":1,"layOutRows":3,"layOutCols":1,"grids":["1 / 1 / 2 / 2","2 / 1 / 3 / 2","3 / 1 / 4 / 2"]},"childStyle":{},"dynamicStyles":{"background-color":{"isDynamic":true,"dataSourceType":"global","dataSourcefieldName":"primaryBGColor","dataSourceKey":"BRANCH_STYLES","dataSourceModelName":"Branch_Styles"}},"background-color":{"isTransparent":false,"isChildTransparent":false},"fields":[{"type":"flexlayout","componentName":"","componentType":"vbox","class":"sortable","direction":"vertical","align":"start","pack":"stretch","style":{"width":"100%","height":"100%","display":"flex","margin-top":"0px","margin-left":"0px","margin-right":"0px","margin-bottom":"0px","align-items":"center","cursor":" pointer","custom-css":"cursor: pointer","grid-area":"1 / 1 / 2 / 2"},"hasChild":false,"gridArea":"1 / 1 / 2 / 2","id":1582817814286,"childStyle":{},"fields":[{"type":"flexlayout","componentName":"","componentType":"vbox","class":"sortable","direction":"vertical","align":"start","pack":"stretch","style":{"background-image":"https://www.russorizio.com/wp-content/uploads/2016/07/ef3-placeholder-image-768x518.jpg","background-position":"center center","background-repeat":"no-repeat","background-size":"cover","border-style":"none","width":"100%","height":"55%","display":"flex"},"hasChild":false,"id":1678240064567,"childStyle":{},"dynamicStyles":{},"fields":[{"type":"flexlayout","componentName":"","componentType":"vbox","class":"sortable","direction":"vertical","align":"start","pack":"stretch","style":{"background-position":"center center","background-repeat":"no-repeat","background-size":"cover","border-style":"none","width":"100%","height":"100%","display":"flex","margin-top":"0px","margin-left":"0px","margin-right":"0px","margin-bottom":"0px","padding-top":"0px","padding-left":"0px","padding-right":"0px","padding-bottom":"0px"},"hasChild":false,"id":1583277708100,"childStyle":{},"dynamicStyles":{"background-image":{"isDynamic":true,"dataSourceType":"pagemodel","dataSourcefieldName":"mainThumbnailURL","dataSourceKey":"","dataSourceModelName":""}},"background-color":{"isTransparent":false,"isChildTransparent":false}}],"background-color":{"isTransparent":false,"isChildTransparent":false}},{"type":"flexlayout","componentName":"","componentType":"vbox","class":"sortable","direction":"vertical","align":"start","pack":"stretch","style":{"border-left-width":"0","border-right-width":"0","border-top-width":"1px","border-bottom-width":"0","border-style":"solid","border-color":"#eee","width":"100%","height":"45%","display":"flex","margin-top":"0","margin-left":"0px","margin-right":"0px","margin-bottom":"0px","padding-top":"10px","padding-left":"10px","padding-right":"10px","padding-bottom":"0","flex-direction":"column","justify-content":"flex-start"},"hasChild":false,"id":1583277708101,"childStyle":{},"fields":[{"type":"flexlayout","componentName":"","componentType":"vbox","class":"sortable","direction":"vertical","align":"start","pack":"stretch","style":{"background-color":"rgba(255,255,255,0.9)","border-radius":"6px","border-width":"1px","border-left-width":"1px","border-right-width":"1px","border-top-width":"1px","border-bottom-width":"1px","border-style":"solid","border-color":"#eee","border-top-left-radius":"10px","border-top-right-radius":"0px","border-bottom-right-radius":"0px","border-bottom-left-radius":"0px","display":"flex","margin-top":"-38px","margin-left":"0px","margin-right":"-11px","margin-bottom":"0px","padding-top":"4px","padding-left":"8px","padding-right":"8px","padding-bottom":"4px","position":"relative","align-self":"flex-end"},"hasChild":false,"id":1582817814293,"childStyle":{},"fields":[{"type":"menupanel","componentName":"","componentType":"menupanel","class":"sortable","direction":"vertical","align":"start","pack":"stretch","style":{"background-image":"https://gu-app-assets.s3.amazonaws.com/5e28c55de4b0dc635b34d8f5/5e611bb3e4b0b63905b57db5-dots.png","background-position":"center center","background-repeat":"no-repeat","background-size":"contain","width":"10px","height":"18px","position":"relative"},"hasChild":true,"id":1614629908508,"childStyle":{},"dynamicStyles":{},"dynamicChildStyles":{},"background-color":{"isTransparent":false,"isChildTransparent":false}},{"type":"button","componentName":"","componentType":"button","class":"btn btn-primary","style":{"background-color":"rgba(1, 0, 0, 0)","background-image":"https://gu-app-assets.s3.amazonaws.com/5e28c55de4b0dc635b34d8f5/5e611bb3e4b0b63905b57db5-dots.png","background-position":"center center","background-repeat":"no-repeat","background-size":"contain","border-width":"0px","width":"10px","height":"20px","display":"none","padding-top":"0","padding-left":"0","padding-right":"0","padding-bottom":"0"},"hasChild":false,"id":1582817814302,"dynamicStyles":{},"background-color":{"isTransparent":false,"isChildTransparent":false}},{"type":"pageInclude","class":"someClass orTwo","componentType":"pageInclude","style":{"display":"none","position":"absolute","right":"15px","bottom":"15px","z-index":"10"},"hasChild":true,"id":1614627321825,"childStyle":{},"dynamicStyles":{},"dynamicChildStyles":{},"background-color":{"isTransparent":false,"isChildTransparent":false}}],"dynamicStyles":{},"background-color":{"isTransparent":false,"isChildTransparent":false}},{"type":"flexlayout","componentName":"","componentType":"vbox","class":"sortable","direction":"vertical","align":"start","pack":"stretch","style":{"width":"100%","height":"100%","display":"flex","flex-direction":"column","justify-content":"space-between"},"hasChild":false,"id":1694783048647,"childStyle":{},"fields":[{"type":"flexlayout","componentName":"","componentType":"vbox","class":"sortable","direction":"vertical","align":"start","pack":"stretch","style":{"width":"100%","display":"flex","margin-top":"0px","margin-left":"0px","margin-right":"0px","margin-bottom":"0px","flex-direction":"column","align-content":"space-around"},"hasChild":false,"id":1582817814289,"childStyle":{},"fields":[{"type":"text","componentName":"","componentType":"input","class":"text-wrap","style":{"width":"100%","max-height":"120px","margin-top":"0px","margin-left":"0px","margin-right":"0px","margin-bottom":"0px","padding-top":"12px","padding-left":"0px","padding-right":"0px","padding-bottom":"5px","font-family":"Montserrat","font-size":".95em","line-height":"1.3em","font-weight":"bold","color":"##3d3d3d","overflow":"hidden"},"hasChild":false,"id":1582817814299,"dynamicStyles":{},"background-color":{"isTransparent":false,"isChildTransparent":false},"rrStyles":["body_text"]},{"type":"flexlayout","componentName":"","componentType":"vbox","class":"sortable","direction":"vertical","align":"start","pack":"stretch","style":{"width":"100%","display":"flex","margin-top":"0px","margin-left":"0px","margin-right":"0px","margin-bottom":"0px","padding-top":"0","padding-left":"0px","padding-right":"0px","padding-bottom":"5px","flex-direction":"row","align-items":"center"},"hasChild":false,"id":1583277708104,"childStyle":{},"fields":[{"type":"flexlayout","componentName":"","componentType":"vbox","class":"sortable","direction":"vertical","align":"start","pack":"stretch","style":{"display":"flex","margin-top":"0px","margin-left":"0px","margin-right":"6px","margin-bottom":"0px","padding-top":"0","padding-left":"0","padding-right":"0","padding-bottom":"0"},"hasChild":false,"id":1583277708103,"childStyle":{},"fields":[{"type":"text","componentName":"","componentType":"input","class":"text-wrap","style":{"margin-top":"0px","margin-left":"0px","margin-right":"0px","margin-bottom":"0px","padding-top":"0px","padding-left":"0px","padding-right":"0px","padding-bottom":"0px","font-family":"Montserrat","font-size":".9em","color":"#606060"},"hasChild":false,"id":1582817814297,"dynamicStyles":{},"background-color":{"isTransparent":false,"isChildTransparent":false},"rrStyles":["cb_section_status"]}],"dynamicStyles":{},"background-color":{"isTransparent":false,"isChildTransparent":false}},{"type":"flexlayout","componentName":"","componentType":"vbox","class":"sortable","direction":"vertical","align":"start","pack":"stretch","style":{"display":"flex","margin-top":"0px","margin-left":"0px","margin-right":"0px","margin-bottom":"0px","padding-top":"0px","padding-left":"0px","padding-right":"0px","padding-bottom":"0px","flex-direction":"row","align-items":"center","grid-area":"1 / 1 / 5 / 5"},"hasChild":false,"id":1694739922432,"childStyle":{},"fields":[{"type":"text","componentName":"","componentType":"input","class":"text-wrap","style":{"margin-top":"0px","margin-left":"0px","margin-right":"0px","margin-bottom":"0px","padding-top":"0px","padding-left":"0px","padding-right":"0px","padding-bottom":"0px","font-family":"Montserrat","font-size":".9em","color":"#606060"},"hasChild":false,"id":1694739922433,"dynamicStyles":{},"background-color":{"isTransparent":false,"isChildTransparent":false},"rrStyles":["cb_section_status"]},{"type":"text","componentName":"","componentType":"input","class":"text-wrap","style":{"margin-top":"0px","margin-left":"3px","margin-right":"0px","margin-bottom":"0px","padding-top":"0px","padding-left":"0px","padding-right":"0px","padding-bottom":"0px","font-family":"Montserrat","font-size":".9em","color":"#606060","grid-area":"1 / 1 / 5 / 5"},"hasChild":false,"id":1694742344713,"dynamicStyles":{},"background-color":{"isTransparent":false,"isChildTransparent":false},"rrStyles":["cb_section_status"],"gridArea":"1 / 1 / 5 / 5"}],"dynamicStyles":{},"background-color":{"isTransparent":false,"isChildTransparent":false},"gridArea":"1 / 1 / 5 / 5"}],"dynamicStyles":{},"background-color":{"isTransparent":false,"isChildTransparent":false}}],"dynamicStyles":{},"background-color":{"isTransparent":false,"isChildTransparent":false}},{"type":"flexlayout","componentName":"","componentType":"vbox","class":"sortable","direction":"vertical","align":"start","pack":"stretch","style":{"display":"flex","margin-top":"0px","margin-left":"0px","margin-right":"0px","margin-bottom":"0px","padding-top":"0px","padding-left":"0px","padding-right":"0px","padding-bottom":"0px","flex-direction":"row","align-items":"center"},"hasChild":false,"id":1582817814290,"childStyle":{},"fields":[{"type":"text","componentName":"","componentType":"input","class":"text-wrap","style":{"margin-right":"8px","padding-top":"0","padding-left":"0","padding-right":"0","padding-bottom":"0","font-size":"16px","color":"#808080","grid-area":"2 / 1 / 3 / 2"},"hasChild":false,"id":1694746280747,"dynamicStyles":{},"background-color":{"isTransparent":false,"isChildTransparent":false},"gridArea":"2 / 1 / 3 / 2"},{"type":"text","componentName":"","componentType":"input","class":"text-wrap","style":{"margin-top":"0px","margin-left":"0px","margin-right":"0px","margin-bottom":"0px","padding-top":"5px","padding-left":"0px","padding-right":"0px","padding-bottom":"5px","font-family":"Montserrat","font-size":".9em","color":"#707070"},"hasChild":false,"id":1582817814300,"dynamicStyles":{},"background-color":{"isTransparent":false,"isChildTransparent":false}}],"dynamicStyles":{},"background-color":{"isTransparent":false,"isChildTransparent":false},"name":"Start Date"}],"dynamicStyles":{},"background-color":{"isTransparent":false,"isChildTransparent":false}},{"type":"flexlayout","componentName":"","componentType":"vbox","class":"sortable","direction":"vertical","align":"start","pack":"stretch","style":{"display":"none","margin-top":"0px","margin-left":"0px","margin-right":"0px","margin-bottom":"0px","padding-top":"0px","padding-left":"0px","padding-right":"0px","padding-bottom":"0px","flex-direction":"row","align-items":"center","grid-area":"1 / 1 / 2 / 2"},"hasChild":false,"id":1628781961401,"childStyle":{},"fields":[{"type":"text","componentName":"","componentType":"input","class":"text-wrap","style":{"margin-top":"0px","margin-left":"0px","margin-right":"0px","margin-bottom":"0px","padding-top":"5px","padding-left":"0px","padding-right":"0px","padding-bottom":"5px","font-family":"Montserrat","font-size":".9em"},"hasChild":false,"id":1628781961402,"dynamicStyles":{"color":{"isDynamic":true,"dataSourceType":"global","dataSourcefieldName":"secondaryBGTextColor","dataSourceKey":"BRANCH_STYLES","dataSourceModelName":"Branch_Styles"}},"background-color":{"isTransparent":false,"isChildTransparent":false}},{"type":"text","componentName":"","componentType":"input","class":"text-wrap","style":{},"hasChild":false,"id":1628781344398,"dynamicStyles":{}}],"dynamicStyles":{},"background-color":{"isTransparent":false,"isChildTransparent":false},"gridArea":"1 / 1 / 2 / 2","name":"Open Enroll"}],"dynamicStyles":{},"background-color":{"isTransparent":false,"isChildTransparent":false}}],"dynamicStyles":{},"background-color":{"isTransparent":false,"isChildTransparent":false},"name":"Course Details Panel"},{"type":"flexlayout","componentName":"","componentType":"vbox","class":"sortable","direction":"vertical","align":"start","pack":"stretch","style":{"border-width":"1px","border-left-width":"0","border-right-width":"0","border-top-width":"1px","border-bottom-width":"0","border-style":"solid","border-color":"#ddd","width":"100%","display":"flex","margin-top":"0px","margin-left":"0px","margin-right":"0px","margin-bottom":"0px","padding-top":"2px","padding-left":"10px","padding-right":"10px","padding-bottom":"0px","position":"relative","grid-area":"2 / 1 / 3 / 2"},"hasChild":false,"gridArea":"2 / 1 / 3 / 2","id":1582817814287,"childStyle":{},"fields":[{"type":"flexlayout","componentName":"","componentType":"hbox","class":"sortable","direction":"horizontal","align":"start","pack":"stretch","style":{"width":"100%","height":"100%","display":"flex","margin-top":"0px","margin-left":"0px","margin-right":"0px","margin-bottom":"0px","padding-top":"0px","padding-left":"0px","padding-right":"0px","padding-bottom":"0px","justify-content":"space-between","align-items":"center"},"hasChild":false,"id":1582817814291,"fields":[{"type":"flexlayout","componentName":"","componentType":"vbox","class":"sortable","direction":"vertical","align":"start","pack":"stretch","style":{"background-color":"#f7f7f7","border-radius":"15px","border-width":"1px","border-left-width":"1px","border-right-width":"1px","border-top-width":"1px","border-bottom-width":"1px","border-style":"solid","border-top-left-radius":"15px","border-top-right-radius":"15px","border-bottom-right-radius":"15px","border-bottom-left-radius":"15px","display":"flex","margin-top":"0px","margin-left":"0px","margin-right":"0px","margin-bottom":"0px","padding-top":"3px","padding-left":"10px","padding-right":"10px","padding-bottom":"3px","flex-direction":"row","align-items":"center"},"hasChild":false,"id":1582817814292,"childStyle":{},"dynamicStyles":{"border-color":{"isDynamic":true,"dataSourceType":"global","dataSourcefieldName":"secondaryHeaderColor","dataSourceKey":"BRANCH_STYLES","dataSourceModelName":"Branch_Styles"}},"background-color":{"isTransparent":false,"isChildTransparent":false},"fields":[{"type":"text","componentName":"","componentType":"input","class":"text-wrap","style":{"margin-top":"0px","margin-left":"0px","margin-right":"0px","margin-bottom":"0px","padding-top":"0px","padding-left":"0px","padding-right":"0px","padding-bottom":"0px","font-family":"Montserrat","font-size":".85em","font-weight":"bold","color":"#707070","grid-area":"1 / 1 / 5 / 5"},"hasChild":false,"id":1582818073091,"dynamicStyles":{},"background-color":{"isTransparent":false,"isChildTransparent":false},"gridArea":"1 / 1 / 5 / 5"}],"globalShowDynamicStyles":true},{"type":"flexlayout","componentName":"","componentType":"vbox","class":"sortable","direction":"vertical","align":"start","pack":"stretch","style":{"display":"flex","padding-top":"3px","padding-bottom":"3px","flex-direction":"row","align-items":"center"},"hasChild":false,"id":1613772599038,"childStyle":{},"dynamicStyles":{},"background-color":{"isTransparent":false,"isChildTransparent":false},"fields":[{"type":"text","componentName":"","componentType":"input","class":"text-wrap","style":{"margin-top":"0px","margin-left":"0px","margin-right":"5px","margin-bottom":"0px","padding-top":"0px","padding-left":"0px","padding-right":"0px","padding-bottom":"0px","font-family":"Montserrat","font-size":".9em","color":"#606060","grid-area":"1 / 1 / 2 / 2"},"hasChild":false,"id":1613773390101,"dynamicStyles":{},"background-color":{"isTransparent":false,"isChildTransparent":false},"gridArea":"1 / 1 / 2 / 2","name":"Units"},{"type":"text","componentName":"","componentType":"input","class":"text-wrap","style":{"margin-top":"0px","margin-left":"0px","margin-right":"0px","margin-bottom":"0px","padding-top":"0px","padding-left":"0px","padding-right":"0px","padding-bottom":"0px","font-family":"Montserrat","font-size":".9em","color":"#606060","grid-area":"1 / 1 / 2 / 2"},"hasChild":false,"id":1614008465256,"dynamicStyles":{},"background-color":{"isTransparent":false,"isChildTransparent":false},"gridArea":"1 / 1 / 2 / 2","name":"Type"}]}],"childStyle":{},"dynamicStyles":{},"background-color":{"isTransparent":false,"isChildTransparent":false}}],"dynamicStyles":{},"background-color":{"isTransparent":true,"isChildTransparent":false},"name":"Status and Options Panel"}],"rrStyles":[]}],"id":1582817814283,"gridLayoutProps":{"rows":1,"cols":1,"layOutRows":4,"layOutCols":4,"grids":["1 / 1 / 5 / 5"]},"childStyle":{},"dynamicStyles":{},"background-color":{"isTransparent":false,"isChildTransparent":false}},"portraitConfig":null,"landscapeConfig":null,"pageBuilderConfig":{"1582817814283":{"listeners":{"click":{"workflow":"","submit":false,"type":"workflow","success":{"type":"goTo","screenId":""}},"drag":{"workflow":"","submit":false}},"cssClassNamedataSourceType":"","hoverTxtdataSourceType":""},"1582817814284":{"listeners":{"click":{"workflow":"","submit":false,"type":"workflow","success":{"type":"goTo","screenId":""}},"drag":{"workflow":"","submit":false}},"hoverTxtdataSourceType":"","cssClassNamedataSourceType":""},"1582817814292":{"listeners":{"click":{"workflow":"","submit":false,"type":"workflow","success":{"type":"goTo","screenId":""}},"drag":{"workflow":"","submit":false},"doubleclick":{"type":"workflow","success":{"type":"goTo","screenId":""}}},"hoverTxtdataSourceType":"","cssClassNamedataSourceType":""},"1582818073091":{"listeners":{"click":{"workflow":"","submit":false,"type":"workflow","success":{"type":"goTo","screenId":""}},"doubleclick":{"type":"workflow","success":{"type":"goTo","screenId":""}}},"cssClassNamedataSourceType":"","dataSourceType":"pagemodel","ellipsis":"","isRequiredKeydataSourceType":"","dataSourcefieldName":"status","enableTranslation":true},"1582817814286":{"listeners":{"click":{"workflow":"5f47f8728f0814ff0a9176ef","submit":false,"type":"workflow","success":{"type":"goTo","screenId":""}},"drag":{"workflow":"","submit":false},"doubleclick":{"type":"workflow","success":{"type":"goTo","screenId":""}}},"hoverTxtdataSourceType":""},"1582817814287":{"listeners":{"click":{"workflow":"","submit":false,"type":"workflow","success":{"type":"goTo","screenId":""}},"drag":{"workflow":"","submit":false},"doubleclick":{"type":"workflow","success":{"type":"goTo","screenId":""}}},"hoverTxtdataSourceType":""},"1582817814289":{"listeners":{"click":{"workflow":"","submit":false,"type":"workflow","success":{"type":"goTo","screenId":""}},"drag":{"workflow":"","submit":false},"doubleclick":{"type":"workflow","success":{"type":"goTo","screenId":""}}},"hoverTxtdataSourceType":"constant","hoverTxtdataSourcefieldName":"Course Name"},"1582817814290":{"listeners":{"click":{"workflow":"","submit":false,"type":"workflow","success":{"type":"goTo","screenId":""}},"drag":{"workflow":"","submit":false},"doubleclick":{"type":"workflow","success":{"type":"goTo","screenId":""}}},"hoverTxtdataSourceType":"constant","hoverTxtdataSourcefieldName":"Course Start Date"},"1582817814297":{"listeners":{"click":{"workflow":"","submit":false,"type":"workflow","success":{"type":"goTo","screenId":""}},"doubleclick":{"type":"workflow","success":{"type":"goTo","screenId":""}}},"dataSourceType":"pagemodel","dataSourcefieldName":"courseNumber","ellipsis":"","isRequiredKeydataSourceType":"","enableTranslation":true},"1582817814299":{"listeners":{"click":{"workflow":"","submit":false,"type":"workflow","success":{"type":"goTo","screenId":""}},"doubleclick":{"type":"workflow","success":{"type":"goTo","screenId":""}}},"dataSourceType":"pagemodel","dataSourcefieldName":"courseName","ellipsis":"","isRequiredKeydataSourceType":"","enableTranslation":true},"1582817814300":{"listeners":{"click":{"workflow":"","submit":false,"type":"workflow","success":{"type":"goTo","screenId":""}},"doubleclick":{"type":"workflow","success":{"type":"goTo","screenId":""}}},"dataSourceType":"pagemodel","dataSourcefieldName":"startDateDisplay","cssClassNamedataSourceType":"","ellipsis":"","isRequiredKeydataSourceType":"","dataSourceModelName":"Course","useExistingKey":false,"dataSourceKey":"","filter":"","dateFormat":"MMM d, y","enableTranslation":true},"1582817814291":{"listeners":{"click":{"workflow":"","submit":false,"type":"workflow","success":{"type":"goTo","screenId":""}},"drag":{"workflow":"","submit":false},"doubleclick":{"type":"workflow","success":{"type":"goTo","screenId":""}}},"hoverTxtdataSourceType":""},"1582817814293":{"listeners":{"click":{"workflow":"","submit":false,"type":"workflow","success":{"type":"goTo","screenId":""}},"drag":{"workflow":"","submit":false},"doubleclick":{"type":"workflow","success":{"type":"goTo","screenId":""}}},"cssClassNamedataSourceType":"","hoverTxtdataSourceType":""},"1583277708100":{"listeners":{"click":{"workflow":"","submit":false,"type":"workflow","success":{"type":"goTo","screenId":""}},"drag":{"workflow":"","submit":false},"doubleclick":{"type":"workflow","success":{"type":"goTo","screenId":""}}},"hoverTxtdataSourceType":"","cssClassNamedataSourceType":""},"1583277708101":{"listeners":{"click":{"workflow":"","submit":false,"type":"workflow","success":{"type":"goTo","screenId":""}},"drag":{"workflow":"","submit":false},"doubleclick":{"type":"workflow","success":{"type":"goTo","screenId":""}}},"hoverTxtdataSourceType":"","cssClassNamedataSourceType":""},"1583277708103":{"listeners":{"click":{"workflow":"","submit":false},"drag":{"workflow":"","submit":false}},"hoverTxtdataSourceType":"constant","hoverTxtdataSourcefieldName":"Course Number","cssClassNamedataSourceType":""},"1583277708104":{"listeners":{"click":{"workflow":"","submit":false,"type":"workflow","success":{"type":"goTo","screenId":""}},"drag":{"workflow":"","submit":false},"doubleclick":{"type":"workflow","success":{"type":"goTo","screenId":""}}},"hoverTxtdataSourceType":"","cssClassNamedataSourceType":"","hoverTxtdataSourcefieldName":"Educational Unit"},"1582817814302":{"listeners":{"click":{"workflow":"603d4bd38f0861d715fd2b68","submit":false,"type":"workflow","success":{"type":"goTo","screenId":""}},"longPress":{"workflow":"","submit":false}},"filter":"","ellipsis":"","dataSourceType":"","badgedataSourceType":"","hoverTxtdataSourceType":""},"1613773390101":{"listeners":{"click":{"workflow":"","submit":false,"type":"workflow","success":{"type":"goTo","screenId":""}},"doubleclick":{"type":"workflow","success":{"type":"goTo","screenId":""}}},"dataSourceType":"pagemodel","dataSourcefieldName":"educationalUnits","dataSourceModelName":"Course","ellipsis":"","isRequiredKeydataSourceType":"","cssClassNamedataSourceType":"","filter":"","enableTranslation":true},"1614008465256":{"listeners":{"click":{"workflow":"","submit":false,"type":"workflow","success":{"type":"goTo","screenId":""}},"doubleclick":{"type":"workflow","success":{"type":"goTo","screenId":""}}},"dataSourceType":"pagemodel","dataSourcefieldName":"educationalUnitsType","dataSourceModelName":"Course","ellipsis":"","isRequiredKeydataSourceType":"","filter":"","enableTranslation":true},"1613772599038":{"listeners":{"click":{"workflow":"","submit":false,"type":"workflow","success":{"type":"goTo","screenId":""}},"drag":{"workflow":"","submit":false},"doubleclick":{"type":"workflow","success":{"type":"goTo","screenId":""}}},"hoverTxtdataSourceType":"constant","hoverTxtdataSourcefieldName":"CEU"},"1614627321825":{"cssClassNamedataSourceType":"","DynaCCdataSourceType":"","DynaInputdataSourceType":"","includedPageId":"603d41998f0861d715fd2aa5"},"1614629908508":{"listeners":{"click":{"workflow":"","submit":false,"type":"workflow","success":{"type":"goTo","screenId":""}}},"cssClassNamedataSourceType":"","customComponent":"603d41998f0861d715fd2aa5","fieldName":"rr_page_data","is-custom-position":false,"submenu-position-value":"Top.Left","submenu-position-type":"relative","submenu-position-right-offset":"","submenu-position-bottom-offset":"","submenu-position-top-offset":"-50px","submenu-position-left-offset":""},"1628781961401":{"listeners":{"click":{"workflow":"","submit":false,"type":"workflow","success":{"type":"goTo","screenId":""}},"drag":{"workflow":"","submit":false},"doubleclick":{"type":"workflow","success":{"type":"goTo","screenId":""}}},"hoverTxtdataSourceType":"constant","hoverTxtdataSourcefieldName":"Course Start Date","cssClassNamedataSourceType":""},"1628781961402":{"listeners":{"click":{"workflow":"","submit":false,"type":"workflow","success":{"type":"goTo","screenId":""}},"doubleclick":{"type":"workflow","success":{"type":"goTo","screenId":""}}},"dataSourceType":"global","dataSourcefieldName":"enrollmentDuration","cssClassNamedataSourceType":"","ellipsis":"","isRequiredKeydataSourceType":"","dataSourceModelName":"Course","useExistingKey":false,"dataSourceKey":"CURRENT_COURSE","filter":"date","dateFormat":"MMM d, y","enableTranslation":true},"1628781344398":{"listeners":{"click":{"workflow":"","submit":false,"type":"workflow","success":{"type":"goTo","screenId":""}},"doubleclick":{"type":"workflow","success":{"type":"goTo","screenId":""}}},"dataSourceType":"constant","dataSourcefieldName":"Weeks","ellipsis":"","isRequiredKeydataSourceType":"","labelKey":"Weeks"},"1678240064567":{"listeners":{"click":{"workflow":"","submit":false},"drag":{"workflow":"","submit":false},"panelResize":{"workflow":"","submit":false}},"cssClassNamedataSourceType":""},"1694739922432":{"listeners":{"click":{"workflow":"","submit":false,"type":"workflow","success":{"type":"goTo","screenId":""}},"drag":{"workflow":"","submit":false},"doubleclick":{"type":"workflow","success":{"type":"goTo","screenId":""}}},"hoverTxtdataSourceType":"constant","hoverTxtdataSourcefieldName":"Course Number"},"1694739922433":{"listeners":{"click":{"workflow":"","submit":false,"type":"workflow","success":{"type":"goTo","screenId":""}},"doubleclick":{"type":"workflow","success":{"type":"goTo","screenId":""}}},"dataSourceType":"constant","dataSourcefieldName":"-","ellipsis":"","isRequiredKeydataSourceType":"","enableTranslation":true},"1694742344713":{"listeners":{"click":{"workflow":"","submit":false,"type":"workflow","success":{"type":"goTo","screenId":""}},"doubleclick":{"type":"workflow","success":{"type":"goTo","screenId":""}}},"dataSourceType":"pagemodel","dataSourcefieldName":"section","ellipsis":"","isRequiredKeydataSourceType":"","enableTranslation":true},"1694746280747":{"listeners":{"click":{"workflow":"","submit":false,"type":"workflow","success":{"type":"goTo","screenId":""}},"doubleclick":{"type":"workflow","success":{"type":"goTo","screenId":""}}},"dataSourceType":"constant","dataSourcefieldName":"<i class=\"fa-light fa-calendar\"></i>","isRequiredKeydataSourceType":"","ellipsis":"","cssClassNamedataSourceType":""},"1694783048647":{"listeners":{"click":{"workflow":"","submit":false},"drag":{"workflow":"","submit":false},"panelResize":{"workflow":"","submit":false}}},"dataModel":"Course"},"gridLayoutConfig":{"cols":1,"rows":1,"gridgap":{"int":0,"unit":"em"},"autoflow":true,"explicit":{"colValues":"auto","rowValues":"auto"}},"savedId":null,"workInProgress":false,"status":null,"createdBy":null,"lastModifiedBy":null,"deleted":false,"customComponent":true,"style":false,"animation":false,"styleComponentType":null,"hidden":false,"hideDrawer":false,"lockOrientation":null,"screenShotData":null,"customComponentScreenShot":true,"eventMappings":null,"layoutRows":0,"layoutCols":0,"enableRuntimeConfiguration":false,"inputs":null,"timerWorkflowId":null,"timeInterval":0,"label":null,"leftArrowWorkflowId":null,"rightArrowWorkflowId":null,"bpmManaged":false,"category":null,"displaySeq":0,"rowCounter":0,"columnCounter":0,"aiHtml":null,"customization":null,"pageData":null}]