[{"id":"5f848b128f0840cd96e3b0dd","companyId":"5f47ce0c8f0815394ff3bd8a","createdDate":1715116133815,"updatedDate":1715116133815,"versionId":30,"referenceId":null,"systemStatus":"P","updatedByUserId":"5f47ce0e8f0815394ff3be1b","updatedByUserName":"Josh Havens","systemStatusText":null,"userTypes":null,"requirementIds":null,"name":"Course_Builder_Syllabus_Overview_Save","sourceReferenceId":"5f21a4fbe4b0ae88e7df10ac","sourceReferenceAppId":"5e4ad395e4b053c18438f562","lockedByUserId":null,"lockedByUserName":null,"publicArtifact":false,"enableOffline":false,"locked":false,"canUnlock":false,"publishComment":" ","importantPublish":false,"appId":"5f47f6258f0814ff0a91755e","folderId":"","initializer":["5f7b67278f0840cd96e3a7e4"],"triggerType":"uiEvent","flow":[],"createdBy":null,"lastModifiedBy":null,"objectsMap":{"1596040443734":{"id":"1596040443734","type":"startObject","value":["5f7b67278f0840cd96e3a7e4"],"taskName":"Start","triggerType":"uiEvent","addedToConfig":true,"painted":true,"position":{},"taskNotes":"<p><br></p>","desc":"Course_Builder_Syllabus_Overview"},"15960404437341000":{"id":"15960404437341000","parent":"1612569859254","systemExit":true,"type":"return","returnType":"return","taskName":"Exit","label":"","addedToConfig":false,"painted":false,"position":{},"taskNotes":"<p><br></p>","desc":"Return","outputTask":"1596041015172"},"1596040473658":{"id":"1596040473658","type":"query","position":{},"source":null,"target":null,"mapping":null,"label":"","filterBy":"criteria","searchOption":"one","operator":"and","taskName":"CURRENT_COURSE","parent":"1685988568775","painted":false,"taskNotes":"<p><br></p>","saveType":"global","sourceVariable":"CURRENT_COURSE","modelName":"Course","addedToConfig":false},"1596040512152":{"id":"1596040512152","type":"service","value":"Get Auth Header","serviceType":"internal","serviceId":"getAuthHeader","position":{},"label":"","callType":"async","taskName":"Auth Header","parent":"1675457383308_end","painted":false,"keyType":"constant","desc":"Get Auth Header","taskNotes":"<p><br></p>","addedToConfig":false},"1596040805189":{"id":"1596040805189","type":"createDataObject","position":{},"condition":"API_MainRequest","mapping":[{"name":"rr_id","valueType":"variable","value":"tenantId","fieldType":"String","list":false,"rr_dynamic_field_name_type":"","fromModel":"Lookup_SystemInfo","source":"1705094036371"},{"name":"authHeader","valueType":"variable","value":null,"fieldType":"String","list":false,"rr_dynamic_field_name_type":"","source":"1596040512152"},{"name":"data","valueType":"variable","value":"rr_this_object","fieldType":"Object","list":false,"rr_dynamic_field_name_type":"","fromModel":"API_CourseRequest","source":"1615934394267"},{"name":"service","valueType":"constant","value":"5f47f79e8f0814ff0a91757b","fieldType":"String","list":false,"rr_dynamic_field_name_type":"","fromModel":""}],"label":"","taskName":"API_MainRequest","parent":"1615934394267","painted":false,"taskNotes":"<p><br></p>","addedToConfig":false},"1596041015172":{"id":"1596041015172","type":"workflow","position":{},"workflowId":"5f47f8728f0814ff0a9176f6","workflowName":"Main_Web_Service_Caller","workflowType":"serverFlow","label":"","taskName":"Main_Web_Service_Caller","parent":"1596040805189","painted":false,"callType":"sync","taskNotes":"<p><br></p>","inputTask":"1596040805189","inputValue":null,"outputDataModel":"API_MainResponse","addedToConfig":false},"1612569247463":{"id":"1612569247463","type":"service","value":"Get Value","serviceType":"internal","serviceId":"getValueFromObj","position":{},"label":"","callType":"async","taskName":"Get Value","parent":"1685988623454_end","painted":false,"desc":"Get Value","taskNotes":"<p><br></p>","inputTask":"1596041015172","inputValue":null,"targetVariable":"object","modelName":"Course","addedToConfig":false},"1612569263870":{"id":"1612569263870","type":"persist","position":{},"source":"1612569247463","target":null,"mapping":null,"label":"","taskName":"Write CURRENT_COURSE","parent":"1612569247463","taskNotes":"<p><br></p>","saveType":"global","variable":"CURRENT_COURSE","modelName":"Course","addedToConfig":false,"painted":false},"1612569837238":{"id":"1612569837238","type":"service","value":"Get Value","serviceType":"internal","serviceId":"getValueFromObj","position":{},"label":"","callType":"async","taskName":"Get Value","parent":"1612569263870","painted":false,"desc":"Get Value","taskNotes":"<p><br></p>","inputTask":"1612569247463","inputValue":null,"targetVariable":"activityCategories","modelName":"SUB_Course_Activity_Categories","addedToConfig":false},"1612569859254":{"id":"1612569859254","type":"persist","position":{},"source":"1612570245265","target":null,"mapping":null,"label":"","taskName":"Write ACTIVITY_CATEGORIES","parent":"1612570241978iterationEnd","taskNotes":"<p><br></p>","saveType":"global","variable":"ACTIVITY_CATEGORIES","modelName":"SUB_Course_Activity_Categories","addedToConfig":false,"painted":false},"1612570241978iterationEnd":{"id":"1612570241978iterationEnd","iteratorId":"1612570241978","parent":"1612570362978_end","position":{},"type":"iterationEnd","painted":false,"addedToConfig":false},"1612570241978":{"id":"1612570241978","type":"iterator","iterationType":"for","position":{},"mapping":[],"label":"","taskName":"Current Activity Category","parent":"1612570245265","painted":false,"counterType":"dynamic","operator":"and","taskNotes":"<p><br></p>","inputTask":"1612569837238","inputValue":null,"inputDataModel":"SUB_Course_Activity_Categories","addedToConfig":false},"1612570245265":{"id":"1612570245265","type":"service","value":"Create List","serviceType":"internal","serviceId":"createList","position":{},"label":"","callType":"async","taskName":"Create List","parent":"1612569837238","painted":false,"desc":"Create List","taskNotes":"<p><br></p>","addedToConfig":false},"1612570362978_end":{"id":"1612570362978_end","decisionId":"1612570362978","position":{},"type":"decisionEnd","painted":false,"addedToConfig":false},"1612570362978_success_start":{"id":"1612570362978_success_start","decisionId":"1612570362978","parent":"1612570362978","position":{},"type":"decisionSucessStart","painted":false,"addedToConfig":false},"1612570362978_failure_start":{"id":"1612570362978_failure_start","decisionId":"1612570362978","parent":"1612570362978","position":{},"type":"decisionFailureStart","painted":false,"addedToConfig":false},"1612570362978_success_end":{"id":"1612570362978_success_end","decisionId":"1612570362978","parent":"1612570754858","position":{},"type":"decisionSucessEnd","painted":false,"addedToConfig":false},"1612570362978_failure_end":{"id":"1612570362978_failure_end","decisionId":"1612570362978","parent":"1612570362978_failure_start","position":{},"type":"decisionFailureEnd","painted":false,"addedToConfig":false},"1612570362978":{"id":"1612570362978","type":"decision","newMapping":true,"position":{},"condition":null,"serviceName":null,"serviceType":null,"operator":"and","mapping":[{"sourceType":"variable","sourceValue":"type","source":"1612570241978","sourceFieldType":"String","sourceModel":"SUB_Course_Activity_Categories","isSourceList":false,"targetType":"variable","targetValue":null,"target":null,"targetFieldType":null,"targetModel":"","isTargetList":null,"comparator":"notEmpty"}],"label":"","parent":"1612570241978","painted":false,"taskNotes":"<p><br></p>","addedToConfig":false},"1612570750099":{"id":"1612570750099","type":"createDataObject","position":{},"condition":"SUB_Course_Activity_Categories","mapping":[{"name":"label","valueType":"variable","value":"label","fieldType":"String","list":false,"rr_dynamic_field_name_type":"","fromModel":"SUB_Course_Activity_Categories","source":"1612570241978"},{"name":"uniqueID","valueType":"variable","value":"uniqueID","fieldType":"String","list":false,"rr_dynamic_field_name_type":"","fromModel":"SUB_Course_Activity_Categories","source":"1612570241978"}],"label":"","taskName":"SUB_Course_Activity_Category","parent":"1612570362978_success_start","painted":false,"taskNotes":"<p><br></p>","addedToConfig":false},"1612570754858":{"id":"1612570754858","type":"service","value":"Add to List","serviceType":"internal","serviceId":"addToList","position":{},"label":"","callType":"async","taskName":"Add to List","parent":"1612570750099","painted":false,"desc":"Add to List","taskNotes":"<p><br></p>","inputTask":"1612570750099","inputValue":null,"targetTask":"1612570245265","targetValue":null,"addedToConfig":false},"1615934394267":{"id":"1615934394267","type":"createDataObject","position":{},"condition":"API_CourseRequest","mapping":[{"name":"userId","valueType":"variable","value":"_id","fieldType":"String","list":false,"rr_dynamic_field_name_type":"","fromModel":"User","source":"1685988568775"},{"name":"action","valueType":"constant","value":"EDIT","fieldType":"String","list":false,"rr_dynamic_field_name_type":"","fromModel":""},{"name":"actionType","valueType":"constant","value":"COURSE","fieldType":"String","list":false,"rr_dynamic_field_name_type":"","fromModel":""},{"name":"object","valueType":"variable","value":"rr_this_object","fieldType":"Object","list":false,"rr_dynamic_field_name_type":"","fromModel":"Course","source":"1596040473658"}],"label":"","taskName":"API_CourseRequest1","parent":"1705094036371","painted":false,"taskNotes":"<p><br></p>","addedToConfig":false},"1617133756597_end":{"id":"1617133756597_end","decisionId":"1617133756597","position":{},"type":"decisionEnd","painted":false,"addedToConfig":false,"taskNotes":"<p><br></p>"},"1617133756597_success_start":{"id":"1617133756597_success_start","decisionId":"1617133756597","parent":"1617133756597","position":{},"type":"decisionSucessStart","painted":false,"addedToConfig":false},"1617133756597_failure_start":{"id":"1617133756597_failure_start","decisionId":"1617133756597","parent":"1617133756597","position":{},"type":"decisionFailureStart","painted":false,"addedToConfig":false},"1617133756597_success_end":{"id":"1617133756597_success_end","decisionId":"1617133756597","parent":"1617133760876","position":{},"type":"decisionSucessEnd","painted":false,"addedToConfig":false},"1617133756597_failure_end":{"id":"1617133756597_failure_end","decisionId":"1617133756597","parent":"1617133756597_failure_start","position":{},"type":"decisionFailureEnd","painted":false,"addedToConfig":false},"1617133756597":{"id":"1617133756597","type":"decision","newMapping":true,"position":{},"condition":null,"serviceName":null,"serviceType":null,"operator":"or","mapping":[{"sourceType":"variable","sourceValue":"status","source":"1596040473658","sourceFieldType":"String","sourceModel":"Course","isSourceList":false,"targetType":"constant","targetValue":"ARCHIVED","target":null,"targetFieldType":null,"targetModel":"","isTargetList":null,"comparator":"equals"}],"label":"","parent":"1618934827874_end","painted":false,"taskNotes":"<p><br></p>","addedToConfig":false,"taskName":"2"},"1617133760876":{"id":"1617133760876","type":"return","returnType":"exit","taskName":"Exit","label":"","position":{},"parent":"1617133767654","painted":false,"addedToConfig":false},"1617133767654":{"id":"1617133767654","type":"service","value":"Show Message","serviceType":"internal","serviceId":"showError","position":{},"label":"","callType":"async","taskName":"Local Service","parent":"1617133756597_success_start","painted":false,"desc":"Show Message","taskNotes":"<p><br></p>","errorMessageType":"constant","errorMessage":"Due to this course's current status it cannot be edited","addedToConfig":false},"1618934827874":{"id":"1618934827874","type":"decision","newMapping":true,"position":{},"condition":null,"serviceName":null,"serviceType":null,"operator":"or","mapping":[{"sourceType":"variable","sourceValue":"status","source":"1596040473658","sourceFieldType":"String","sourceModel":"Course","isSourceList":false,"targetType":"constant","targetValue":"ACTIVE","target":null,"targetFieldType":null,"targetModel":"","isTargetList":null,"comparator":"equals"},{"sourceType":"variable","sourceValue":"status","source":"1596040473658","sourceFieldType":"String","sourceModel":"Course","isSourceList":false,"targetType":"constant","targetValue":"UPCOMING ","target":null,"targetFieldType":null,"targetModel":"","isTargetList":null,"comparator":"equals"}],"label":"","parent":"1618935555462_end","painted":false,"taskNotes":"<p><br></p>","addedToConfig":false},"1618934827874_end":{"id":"1618934827874_end","decisionId":"1618934827874","position":{},"type":"decisionEnd","painted":false,"addedToConfig":false},"1618934827874_success_start":{"id":"1618934827874_success_start","decisionId":"1618934827874","parent":"1618934827874","position":{},"type":"decisionSucessStart","painted":false,"addedToConfig":false},"1618934827874_failure_start":{"id":"1618934827874_failure_start","decisionId":"1618934827874","parent":"1618934827874","position":{},"type":"decisionFailureStart","painted":false,"addedToConfig":false},"1618934827874_success_end":{"id":"1618934827874_success_end","decisionId":"1618934827874","parent":"1618934827877","position":{},"type":"decisionSucessEnd","painted":false,"addedToConfig":false},"1618934827874_failure_end":{"id":"1618934827874_failure_end","decisionId":"1618934827874","parent":"1618934827874_failure_start","position":{},"type":"decisionFailureEnd","painted":false,"addedToConfig":false},"1618934827877":{"id":"1618934827877","type":"return","returnType":"showModal","taskName":"Exit","label":"","position":{},"parent":"1618935005889","painted":false,"addedToConfig":false,"taskNotes":"<p><br></p>","customComponent":"5f84c6558f0840cd96e3b31d","desc":"Show Modal","inputTask":"1618935005889","inputValue":null,"inputHeaderTask":"1618935005889","inputHeaderValue":"headerText"},"1618935005889":{"id":"1618935005889","type":"createDataObject","position":{},"condition":"TR_ConfirmModal","mapping":[{"name":"cancelLabel","valueType":"constant","value":"Cancel","fieldType":"String","list":false,"rr_dynamic_field_name_type":"","fromModel":""},{"name":"confirmLabel","valueType":"constant","value":"Confirm","fieldType":"String","list":false,"rr_dynamic_field_name_type":"","fromModel":""},{"name":"message","valueType":"constant","value":"You are making a change to a ACTIVE course. There might be students enrolled that will be affected.","fieldType":"String","list":false,"rr_dynamic_field_name_type":"","fromModel":""},{"name":"confirmWfId","valueType":"constant","value":"607efe568f08c245e75c77e0","fieldType":"String","list":false,"rr_dynamic_field_name_type":"","fromModel":""},{"name":"headerText","valueType":"constant","value":"Are You Sure?","fieldType":"String","list":false,"rr_dynamic_field_name_type":"","fromModel":""}],"label":"","taskName":"Create Model Record","parent":"1618934827874_success_start","painted":false,"taskNotes":"<p><br></p>","addedToConfig":false},"1618935520664":{"id":"1618935520664","type":"query","position":{},"source":null,"target":null,"mapping":null,"label":"","filterBy":"criteria","searchOption":"one","operator":"and","taskName":"Read Builder Save Confirm","parent":"1596040473658","painted":false,"taskNotes":"<p><br></p>","saveType":"global","sourceVariable":"BUILDER_SAVE_CONFIRM","modelName":"rr_primitive_string","addedToConfig":false},"1618935555462_end":{"id":"1618935555462_end","decisionId":"1618935555462","position":{},"type":"decisionEnd","painted":false,"addedToConfig":false},"1618935555462_success_start":{"id":"1618935555462_success_start","decisionId":"1618935555462","parent":"1618935555462","position":{},"type":"decisionSucessStart","painted":false,"addedToConfig":false},"1618935555462_failure_start":{"id":"1618935555462_failure_start","decisionId":"1618935555462","parent":"1618935555462","position":{},"type":"decisionFailureStart","painted":false,"addedToConfig":false},"1618935555462_success_end":{"id":"1618935555462_success_end","decisionId":"1618935555462","parent":"1618935605188","position":{},"type":"decisionSucessEnd","painted":false,"addedToConfig":false},"1618935555462_failure_end":{"id":"1618935555462_failure_end","decisionId":"1618935555462","parent":"1618935555462_failure_start","position":{},"type":"decisionFailureEnd","painted":false,"addedToConfig":false},"1618935555462":{"id":"1618935555462","type":"decision","newMapping":true,"position":{},"condition":null,"serviceName":null,"serviceType":null,"operator":"and","mapping":[{"sourceType":"notNull","sourceValue":null,"source":"1618935520664","sourceFieldType":null,"sourceModel":"String","isSourceList":null,"targetType":"variable","targetValue":null,"target":null,"targetFieldType":null,"targetModel":"","isTargetList":null,"comparator":null}],"label":"","parent":"1618935520664","painted":false,"taskNotes":"<p><br></p>","addedToConfig":false},"1618935579132":{"id":"1618935579132","type":"delete","position":{},"source":null,"target":null,"mapping":null,"label":"","filterBy":"criteria","searchOption":"one","operator":"and","taskName":"Remove Data","parent":"1618935555462_success_start","painted":false,"taskNotes":"<p><br></p>","saveType":"global","sourceVariable":"BUILDER_SAVE_CONFIRM","addedToConfig":false},"1618935605188":{"id":"1618935605188","type":"goTo","position":{},"mapping":null,"label":"","taskId":"1617133756597","taskParent":"1618934827874_end","taskName":"Go To","parent":"1618935579132","painted":false,"taskNotes":"<p><br></p>","addedToConfig":false},"1675457383308_end":{"id":"1675457383308_end","decisionId":"1675457383308","position":{},"type":"decisionEnd","painted":false,"addedToConfig":false},"1675457383308_success_start":{"id":"1675457383308_success_start","decisionId":"1675457383308","parent":"1675457383308","position":{},"type":"decisionSucessStart","painted":false,"addedToConfig":false},"1675457383308_failure_start":{"id":"1675457383308_failure_start","decisionId":"1675457383308","parent":"1675457383308","position":{},"type":"decisionFailureStart","painted":false,"addedToConfig":false},"1675457383308_success_end":{"id":"1675457383308_success_end","decisionId":"1675457383308","parent":"1675457426614","position":{},"type":"decisionSucessEnd","painted":false,"addedToConfig":false},"1675457383308_failure_end":{"id":"1675457383308_failure_end","decisionId":"1675457383308","parent":"1675457383308_failure_start","position":{},"type":"decisionFailureEnd","painted":false,"addedToConfig":false},"1675457383308":{"id":"1675457383308","type":"decision","newMapping":true,"position":{},"condition":null,"serviceName":null,"serviceType":null,"operator":"and","mapping":[{"sourceType":"variable","sourceValue":"enrollmentType","source":"1596040473658","sourceFieldType":"String","sourceModel":"Course","isSourceList":false,"targetType":"constant","targetValue":"Open","target":null,"targetFieldType":null,"targetModel":"","isTargetList":null,"comparator":"equalsIgnoreCase"}],"label":"","parent":"1617133756597_end","painted":false,"taskNotes":"<p><br></p>","addedToConfig":false},"1675457426614":{"id":"1675457426614","type":"dataTransfer","position":{},"source":"mddui_page_input_data","sourceType":"page","sourceVariable":"","targetType":"page","target":"1596040473658","targetVariable":null,"resultVariable":null,"mapping":[{"name":"startDate","valueType":"empty","value":"null","fieldType":"Time","list":false,"rr_dynamic_field_name_type":"","fromModel":""},{"name":"startDateDisplay","valueType":"constant","value":"Open","fieldType":"String","list":false,"rr_dynamic_field_name_type":"","fromModel":""}],"label":"","taskName":"Update Model in Memory","parent":"1675457383308_success_start","painted":false,"taskNotes":"<p><br></p>","condition":"Course","addedToConfig":false},"1685988568775":{"id":"1685988568775","type":"query","position":{},"source":null,"target":null,"mapping":null,"label":"","filterBy":"criteria","searchOption":"one","operator":"and","taskName":"Read CURRENT User","parent":"1596040443734","painted":false,"taskNotes":"<p><br></p>","saveType":"global","sourceVariable":"CURRENT_USER","modelName":"User","addedToConfig":false},"1685988623454":{"id":"1685988623454","type":"decision","newMapping":true,"position":{},"condition":null,"serviceName":null,"serviceType":null,"operator":"and","mapping":[{"sourceType":"variable","sourceValue":"reasons2","source":"1596041015172","sourceFieldType":"SUB_String","sourceModel":"API_MainResponse","isSourceList":true,"targetType":"constant","targetValue":null,"target":null,"targetFieldType":null,"targetModel":"","isTargetList":null,"comparator":"empty"}],"label":"","parent":"1596041015172","painted":false,"taskNotes":"<p><br></p>","addedToConfig":false},"1685988623454_end":{"id":"1685988623454_end","decisionId":"1685988623454","position":{},"type":"decisionEnd","painted":false,"addedToConfig":false},"1685988623454_success_start":{"id":"1685988623454_success_start","decisionId":"1685988623454","parent":"1685988623454","position":{},"type":"decisionSucessStart","painted":false,"addedToConfig":false},"1685988623454_failure_start":{"id":"1685988623454_failure_start","decisionId":"1685988623454","parent":"1685988623454","position":{},"type":"decisionFailureStart","painted":false,"addedToConfig":false},"1685988623454_success_end":{"id":"1685988623454_success_end","decisionId":"1685988623454","parent":"1685988623454_success_start","position":{},"type":"decisionSucessEnd","painted":false,"addedToConfig":false},"1685988623454_failure_end":{"id":"1685988623454_failure_end","decisionId":"1685988623454","parent":"1685988623457","position":{},"type":"decisionFailureEnd","painted":false,"addedToConfig":false},"1685988623456":{"id":"1685988623456","type":"createDataObject","position":{},"condition":"TR_ConfirmModal","mapping":[{"name":"tempList","valueType":"variable","value":"reasons2","fieldType":"Object","list":true,"rr_dynamic_field_name_type":"","fromModel":"API_MainResponse","source":"1596041015172"}],"label":"","taskName":"Create TR_ConfirmModal","parent":"1685988623454_failure_start","painted":false,"taskNotes":"<p><br></p>","addedToConfig":false},"1685988623457":{"id":"1685988623457","type":"return","returnType":"showModal","taskName":"Exit","label":"","position":{},"parent":"1685988623456","painted":false,"taskNotes":"<p><br></p>","customComponent":"602165338f0804c83b37e20e","desc":"Show Modal","inputTask":"1685988623456","inputValue":null,"addedToConfig":false},"1705094036371":{"id":"1705094036371","type":"query","position":{},"source":null,"target":null,"mapping":null,"label":"","filterBy":"criteria","searchOption":"one","operator":"and","taskName":"Read SYSTEM_INFO","parent":"1596040512152","painted":false,"taskNotes":"<p><br></p>","saveType":"global","sourceVariable":"SYSTEM_INFO","modelName":"Lookup_SystemInfo","addedToConfig":false}},"decisionsMap":{"1612570362978":{"success":"1612570362978_success_start","failure":"1612570362978_failure_start","successEnd":"1612570362978_success_end","failureEnd":"1612570362978_failure_end","end":"1612570362978_end","root":true},"1617133756597":{"success":"1617133756597_success_start","failure":"1617133756597_failure_start","successEnd":"1617133756597_success_end","failureEnd":"1617133756597_failure_end","end":"1617133756597_end","root":false},"1618934827874":{"root":false,"success":"1618934827874_success_start","failure":"1618934827874_failure_start","successEnd":"1618934827874_success_end","failureEnd":"1618934827874_failure_end","end":"1618934827874_end"},"1618935555462":{"success":"1618935555462_success_start","failure":"1618935555462_failure_start","successEnd":"1618935555462_success_end","failureEnd":"1618935555462_failure_end","end":"1618935555462_end","root":false},"1675457383308":{"success":"1675457383308_success_start","failure":"1675457383308_failure_start","successEnd":"1675457383308_success_end","failureEnd":"1675457383308_failure_end","end":"1675457383308_end","root":false},"1685988623454":{"root":false,"success":"1685988623454_success_start","failure":"1685988623454_failure_start","successEnd":"1685988623454_success_end","failureEnd":"1685988623454_failure_end","end":"1685988623454_end"}},"active":false,"scheduler":false,"savedId":null,"workInProgress":false,"uiFLow":true,"startTaskId":"1596040443734","shouldSecure":false,"allowExecutionForAll":false,"testCase":false,"testSuite":false,"sequence":1,"internal":false,"triggeredFromBpm":false,"inputModel":null,"outputModel":null,"appName":null}]