[{"id":"66e1e4138f087bd71df4c8fd","companyId":null,"createdDate":1726080019285,"updatedDate":1728312963519,"versionId":0,"referenceId":null,"systemStatus":null,"updatedByUserId":null,"updatedByUserName":null,"systemStatusText":null,"userTypes":null,"requirementIds":null,"name":"2024_Q3_Features_Essentials","sourceReferenceId":null,"sourceReferenceAppId":null,"lockedByUserId":null,"lockedByUserName":null,"publicArtifact":false,"enableOffline":false,"locked":false,"canUnlock":false,"publishComment":null,"importantPublish":false,"appId":"5f47f6158f0814ff0a917552","type":"fldr","parentId":"66e1e3ef8f087bd71df4c8fb","childId":null},
{"id":"66f1c1712a7a96224a53ea5b","companyId":null,"createdDate":1727119729887,"updatedDate":1728312963520,"versionId":0,"referenceId":null,"systemStatus":null,"updatedByUserId":null,"updatedByUserName":null,"systemStatusText":null,"userTypes":null,"requirementIds":null,"name":"Instructor Records","sourceReferenceId":null,"sourceReferenceAppId":null,"lockedByUserId":null,"lockedByUserName":null,"publicArtifact":false,"enableOffline":false,"locked":false,"canUnlock":false,"publishComment":null,"importantPublish":false,"appId":"5f47f6158f0814ff0a917552","type":"fldr","parentId":"66e1e4138f087bd71df4c8fd","childId":null},
{"id":"66f2cb312a7a96224a53fc37","companyId":null,"createdDate":1727187761288,"updatedDate":1728312963522,"versionId":0,"referenceId":null,"systemStatus":null,"updatedByUserId":null,"updatedByUserName":null,"systemStatusText":null,"userTypes":null,"requirementIds":null,"name":"Branch_Sub-Tenant","sourceReferenceId":null,"sourceReferenceAppId":null,"lockedByUserId":null,"lockedByUserName":null,"publicArtifact":false,"enableOffline":false,"locked":false,"canUnlock":false,"publishComment":null,"importantPublish":false,"appId":"5f47f6158f0814ff0a917552","type":"fldr","parentId":"66e1e4138f087bd71df4c8fd","childId":null},
{"id":"66f2cb252a7a96224a53fc36","companyId":null,"createdDate":1728312963520,"updatedDate":1728312963520,"versionId":0,"referenceId":null,"systemStatus":null,"updatedByUserId":null,"updatedByUserName":null,"systemStatusText":null,"userTypes":null,"requirementIds":null,"name":"MFA Rework","sourceReferenceId":null,"sourceReferenceAppId":null,"lockedByUserId":null,"lockedByUserName":null,"publicArtifact":false,"enableOffline":false,"locked":false,"canUnlock":false,"publishComment":null,"importantPublish":false,"appId":"5f47f6158f0814ff0a917552","type":"fldr","parentId":"66e1e4138f087bd71df4c8fd","childId":null},
{"id":"67003cee2a7a96224a54325c","companyId":null,"createdDate":1728312963523,"updatedDate":1728312963523,"versionId":0,"referenceId":null,"systemStatus":null,"updatedByUserId":null,"updatedByUserName":null,"systemStatusText":null,"userTypes":null,"requirementIds":null,"name":"2024_Q3_10_Bug_Fixes_Essentials","sourceReferenceId":null,"sourceReferenceAppId":null,"lockedByUserId":null,"lockedByUserName":null,"publicArtifact":false,"enableOffline":false,"locked":false,"canUnlock":false,"publishComment":null,"importantPublish":false,"appId":"5f47f6158f0814ff0a917552","type":"fldr","parentId":"66e1e4138f087bd71df4c8fd","childId":null},
{"id":"66f1c18d2a7a96224a53ea5c","companyId":null,"createdDate":1727119757486,"updatedDate":1728312963524,"versionId":0,"referenceId":null,"systemStatus":null,"updatedByUserId":null,"updatedByUserName":null,"systemStatusText":null,"userTypes":null,"requirementIds":null,"name":null,"sourceReferenceId":null,"sourceReferenceAppId":null,"lockedByUserId":null,"lockedByUserName":null,"publicArtifact":false,"enableOffline":false,"locked":false,"canUnlock":false,"publishComment":null,"importantPublish":false,"appId":"5f47f6158f0814ff0a917552","type":"wf","parentId":"66f1c1712a7a96224a53ea5b","childId":"5f7cd2798f0840cd96e3a9d7"},
{"id":"66f1c18d2a7a96224a53ea5d","companyId":null,"createdDate":1727119757497,"updatedDate":1728312963524,"versionId":0,"referenceId":null,"systemStatus":null,"updatedByUserId":null,"updatedByUserName":null,"systemStatusText":null,"userTypes":null,"requirementIds":null,"name":null,"sourceReferenceId":null,"sourceReferenceAppId":null,"lockedByUserId":null,"lockedByUserName":null,"publicArtifact":false,"enableOffline":false,"locked":false,"canUnlock":false,"publishComment":null,"importantPublish":false,"appId":"5f47f6158f0814ff0a917552","type":"wf","parentId":"66f1c1712a7a96224a53ea5b","childId":"627185718f08bf10ebb6f15d"},
{"id":"66f1c18d2a7a96224a53ea5e","companyId":null,"createdDate":1727119757507,"updatedDate":1728312963526,"versionId":0,"referenceId":null,"systemStatus":null,"updatedByUserId":null,"updatedByUserName":null,"systemStatusText":null,"userTypes":null,"requirementIds":null,"name":null,"sourceReferenceId":null,"sourceReferenceAppId":null,"lockedByUserId":null,"lockedByUserName":null,"publicArtifact":false,"enableOffline":false,"locked":false,"canUnlock":false,"publishComment":null,"importantPublish":false,"appId":"5f47f6158f0814ff0a917552","type":"wf","parentId":"66f1c1712a7a96224a53ea5b","childId":"66ec94e32a7a96224a53daa5"},
{"id":"66f1c1bb2a7a96224a53ea5f","companyId":null,"createdDate":1727119803214,"updatedDate":1728312963527,"versionId":0,"referenceId":null,"systemStatus":null,"updatedByUserId":null,"updatedByUserName":null,"systemStatusText":null,"userTypes":null,"requirementIds":null,"name":null,"sourceReferenceId":null,"sourceReferenceAppId":null,"lockedByUserId":null,"lockedByUserName":null,"publicArtifact":false,"enableOffline":false,"locked":false,"canUnlock":false,"publishComment":null,"importantPublish":false,"appId":"5f47f6158f0814ff0a917552","type":"wf","parentId":"66f1c1712a7a96224a53ea5b","childId":"61f985918f0881339286186d"},
{"id":"66f1c1bb2a7a96224a53ea60","companyId":null,"createdDate":1727119803225,"updatedDate":1728312963528,"versionId":0,"referenceId":null,"systemStatus":null,"updatedByUserId":null,"updatedByUserName":null,"systemStatusText":null,"userTypes":null,"requirementIds":null,"name":null,"sourceReferenceId":null,"sourceReferenceAppId":null,"lockedByUserId":null,"lockedByUserName":null,"publicArtifact":false,"enableOffline":false,"locked":false,"canUnlock":false,"publishComment":null,"importantPublish":false,"appId":"5f47f6158f0814ff0a917552","type":"wf","parentId":"66f1c1712a7a96224a53ea5b","childId":"61f996868f088133928618c5"},
{"id":"66f1c1bb2a7a96224a53ea61","companyId":null,"createdDate":1727119803235,"updatedDate":1728312963528,"versionId":0,"referenceId":null,"systemStatus":null,"updatedByUserId":null,"updatedByUserName":null,"systemStatusText":null,"userTypes":null,"requirementIds":null,"name":null,"sourceReferenceId":null,"sourceReferenceAppId":null,"lockedByUserId":null,"lockedByUserName":null,"publicArtifact":false,"enableOffline":false,"locked":false,"canUnlock":false,"publishComment":null,"importantPublish":false,"appId":"5f47f6158f0814ff0a917552","type":"wf","parentId":"66f1c1712a7a96224a53ea5b","childId":"66f1821d2a7a96224a53e604"},
{"id":"66f1c4c72a7a96224a53ea95","companyId":null,"createdDate":1727120583139,"updatedDate":1728312963529,"versionId":0,"referenceId":null,"systemStatus":null,"updatedByUserId":null,"updatedByUserName":null,"systemStatusText":null,"userTypes":null,"requirementIds":null,"name":null,"sourceReferenceId":null,"sourceReferenceAppId":null,"lockedByUserId":null,"lockedByUserName":null,"publicArtifact":false,"enableOffline":false,"locked":false,"canUnlock":false,"publishComment":null,"importantPublish":false,"appId":"5f47f6158f0814ff0a917552","type":"rl","parentId":"66f1c1712a7a96224a53ea5b","childId":"5f4d78628f086f27a2ab132c"},
{"id":"66f1cc052a7a96224a53eb41","companyId":null,"createdDate":1727122437975,"updatedDate":1728312963530,"versionId":0,"referenceId":null,"systemStatus":null,"updatedByUserId":null,"updatedByUserName":null,"systemStatusText":null,"userTypes":null,"requirementIds":null,"name":null,"sourceReferenceId":null,"sourceReferenceAppId":null,"lockedByUserId":null,"lockedByUserName":null,"publicArtifact":false,"enableOffline":false,"locked":false,"canUnlock":false,"publishComment":null,"importantPublish":false,"appId":"5f47f6158f0814ff0a917552","type":"wf","parentId":"66f1c1712a7a96224a53ea5b","childId":"6329d7958f0833b5059f5063"},
{"id":"6703f5c82a7a96224a5433d5","companyId":null,"createdDate":1728312963531,"updatedDate":1728312963531,"versionId":0,"referenceId":null,"systemStatus":null,"updatedByUserId":null,"updatedByUserName":null,"systemStatusText":null,"userTypes":null,"requirementIds":null,"name":null,"sourceReferenceId":null,"sourceReferenceAppId":null,"lockedByUserId":null,"lockedByUserName":null,"publicArtifact":false,"enableOffline":false,"locked":false,"canUnlock":false,"publishComment":null,"importantPublish":false,"appId":"5f47f6158f0814ff0a917552","type":"dm","parentId":"66f1c1712a7a96224a53ea5b","childId":"5f4d6d6a8f086f27a2ab0831"},
{"id":"66f2dc6f2a7a96224a53fc8a","companyId":null,"createdDate":1727192175849,"updatedDate":1728312963532,"versionId":0,"referenceId":null,"systemStatus":null,"updatedByUserId":null,"updatedByUserName":null,"systemStatusText":null,"userTypes":null,"requirementIds":null,"name":null,"sourceReferenceId":null,"sourceReferenceAppId":null,"lockedByUserId":null,"lockedByUserName":null,"publicArtifact":false,"enableOffline":false,"locked":false,"canUnlock":false,"publishComment":null,"importantPublish":false,"appId":"5f47f6158f0814ff0a917552","type":"dm","parentId":"66f2cb312a7a96224a53fc37","childId":"5f4d6d6a8f086f27a2ab0882"},
{"id":"66f2dc6f2a7a96224a53fc8b","companyId":null,"createdDate":1727192175860,"updatedDate":1728312963533,"versionId":0,"referenceId":null,"systemStatus":null,"updatedByUserId":null,"updatedByUserName":null,"systemStatusText":null,"userTypes":null,"requirementIds":null,"name":null,"sourceReferenceId":null,"sourceReferenceAppId":null,"lockedByUserId":null,"lockedByUserName":null,"publicArtifact":false,"enableOffline":false,"locked":false,"canUnlock":false,"publishComment":null,"importantPublish":false,"appId":"5f47f6158f0814ff0a917552","type":"dm","parentId":"66f2cb312a7a96224a53fc37","childId":"5f4d6d6a8f086f27a2ab0881"},
{"id":"66f2dc6f2a7a96224a53fc8c","companyId":null,"createdDate":1727192175870,"updatedDate":1728312963534,"versionId":0,"referenceId":null,"systemStatus":null,"updatedByUserId":null,"updatedByUserName":null,"systemStatusText":null,"userTypes":null,"requirementIds":null,"name":null,"sourceReferenceId":null,"sourceReferenceAppId":null,"lockedByUserId":null,"lockedByUserName":null,"publicArtifact":false,"enableOffline":false,"locked":false,"canUnlock":false,"publishComment":null,"importantPublish":false,"appId":"5f47f6158f0814ff0a917552","type":"dm","parentId":"66f2cb312a7a96224a53fc37","childId":"60b92ade8f086700a0a8bd30"},
{"id":"66f2dc6f2a7a96224a53fc8d","companyId":null,"createdDate":1727192175880,"updatedDate":1728312963535,"versionId":0,"referenceId":null,"systemStatus":null,"updatedByUserId":null,"updatedByUserName":null,"systemStatusText":null,"userTypes":null,"requirementIds":null,"name":null,"sourceReferenceId":null,"sourceReferenceAppId":null,"lockedByUserId":null,"lockedByUserName":null,"publicArtifact":false,"enableOffline":false,"locked":false,"canUnlock":false,"publishComment":null,"importantPublish":false,"appId":"5f47f6158f0814ff0a917552","type":"dm","parentId":"66f2cb312a7a96224a53fc37","childId":"5ff496998f08e7114da13621"},
{"id":"66f2dcfc2a7a96224a53fd14","companyId":null,"createdDate":1727192316950,"updatedDate":1728312963536,"versionId":0,"referenceId":null,"systemStatus":null,"updatedByUserId":null,"updatedByUserName":null,"systemStatusText":null,"userTypes":null,"requirementIds":null,"name":null,"sourceReferenceId":null,"sourceReferenceAppId":null,"lockedByUserId":null,"lockedByUserName":null,"publicArtifact":false,"enableOffline":false,"locked":false,"canUnlock":false,"publishComment":null,"importantPublish":false,"appId":"5f47f6158f0814ff0a917552","type":"dm","parentId":"66f2cb312a7a96224a53fc37","childId":"5f4d6d6a8f086f27a2ab0833"},
{"id":"66f2dd602a7a96224a53fd4e","companyId":null,"createdDate":1727192416273,"updatedDate":1728312963537,"versionId":0,"referenceId":null,"systemStatus":null,"updatedByUserId":null,"updatedByUserName":null,"systemStatusText":null,"userTypes":null,"requirementIds":null,"name":null,"sourceReferenceId":null,"sourceReferenceAppId":null,"lockedByUserId":null,"lockedByUserName":null,"publicArtifact":false,"enableOffline":false,"locked":false,"canUnlock":false,"publishComment":null,"importantPublish":false,"appId":"5f47f6158f0814ff0a917552","type":"dm","parentId":"66f2cb312a7a96224a53fc37","childId":"5f4d6d6a8f086f27a2ab0880"},
{"id":"66f2df862a7a96224a53fd6b","companyId":null,"createdDate":1727192966072,"updatedDate":1728312963538,"versionId":0,"referenceId":null,"systemStatus":null,"updatedByUserId":null,"updatedByUserName":null,"systemStatusText":null,"userTypes":null,"requirementIds":null,"name":null,"sourceReferenceId":null,"sourceReferenceAppId":null,"lockedByUserId":null,"lockedByUserName":null,"publicArtifact":false,"enableOffline":false,"locked":false,"canUnlock":false,"publishComment":null,"importantPublish":false,"appId":"5f47f6158f0814ff0a917552","type":"qry","parentId":"66f2cb312a7a96224a53fc37","childId":"66f2df852a7a96224a53fd69"},
{"id":"66f2e18b2a7a96224a53fdf6","companyId":null,"createdDate":1727193483363,"updatedDate":1728312963539,"versionId":0,"referenceId":null,"systemStatus":null,"updatedByUserId":null,"updatedByUserName":null,"systemStatusText":null,"userTypes":null,"requirementIds":null,"name":null,"sourceReferenceId":null,"sourceReferenceAppId":null,"lockedByUserId":null,"lockedByUserName":null,"publicArtifact":false,"enableOffline":false,"locked":false,"canUnlock":false,"publishComment":null,"importantPublish":false,"appId":"5f47f6158f0814ff0a917552","type":"wf","parentId":"66f2cb312a7a96224a53fc37","childId":"60aea2138f0852da1b6ef350"},
{"id":"66f2e18b2a7a96224a53fdf7","companyId":null,"createdDate":1727193483374,"updatedDate":1728312963540,"versionId":0,"referenceId":null,"systemStatus":null,"updatedByUserId":null,"updatedByUserName":null,"systemStatusText":null,"userTypes":null,"requirementIds":null,"name":null,"sourceReferenceId":null,"sourceReferenceAppId":null,"lockedByUserId":null,"lockedByUserName":null,"publicArtifact":false,"enableOffline":false,"locked":false,"canUnlock":false,"publishComment":null,"importantPublish":false,"appId":"5f47f6158f0814ff0a917552","type":"wf","parentId":"66f2cb312a7a96224a53fc37","childId":"60aea0838f0852da1b6ef2da"},
{"id":"66f2e18b2a7a96224a53fdf8","companyId":null,"createdDate":1727193483384,"updatedDate":1728312963540,"versionId":0,"referenceId":null,"systemStatus":null,"updatedByUserId":null,"updatedByUserName":null,"systemStatusText":null,"userTypes":null,"requirementIds":null,"name":null,"sourceReferenceId":null,"sourceReferenceAppId":null,"lockedByUserId":null,"lockedByUserName":null,"publicArtifact":false,"enableOffline":false,"locked":false,"canUnlock":false,"publishComment":null,"importantPublish":false,"appId":"5f47f6158f0814ff0a917552","type":"wf","parentId":"66f2cb312a7a96224a53fc37","childId":"6356fdd18f0854ad71c02828"},
{"id":"66f2e1c12a7a96224a53fdfd","companyId":null,"createdDate":1727193537336,"updatedDate":1728312963541,"versionId":0,"referenceId":null,"systemStatus":null,"updatedByUserId":null,"updatedByUserName":null,"systemStatusText":null,"userTypes":null,"requirementIds":null,"name":null,"sourceReferenceId":null,"sourceReferenceAppId":null,"lockedByUserId":null,"lockedByUserName":null,"publicArtifact":false,"enableOffline":false,"locked":false,"canUnlock":false,"publishComment":null,"importantPublish":false,"appId":"5f47f6158f0814ff0a917552","type":"wf","parentId":"66f2cb312a7a96224a53fc37","childId":"63657b4d8f08128776b10309"},
{"id":"66f2e6662a7a96224a53fe52","companyId":null,"createdDate":1727194726740,"updatedDate":1728312963542,"versionId":0,"referenceId":null,"systemStatus":null,"updatedByUserId":null,"updatedByUserName":null,"systemStatusText":null,"userTypes":null,"requirementIds":null,"name":null,"sourceReferenceId":null,"sourceReferenceAppId":null,"lockedByUserId":null,"lockedByUserName":null,"publicArtifact":false,"enableOffline":false,"locked":false,"canUnlock":false,"publishComment":null,"importantPublish":false,"appId":"5f47f6158f0814ff0a917552","type":"qry","parentId":"66f2cb312a7a96224a53fc37","childId":"66f2e6662a7a96224a53fe50"},
{"id":"66f2e8712a7a96224a53fef6","companyId":null,"createdDate":1727195249231,"updatedDate":1728312963543,"versionId":0,"referenceId":null,"systemStatus":null,"updatedByUserId":null,"updatedByUserName":null,"systemStatusText":null,"userTypes":null,"requirementIds":null,"name":null,"sourceReferenceId":null,"sourceReferenceAppId":null,"lockedByUserId":null,"lockedByUserName":null,"publicArtifact":false,"enableOffline":false,"locked":false,"canUnlock":false,"publishComment":null,"importantPublish":false,"appId":"5f47f6158f0814ff0a917552","type":"qry","parentId":"66f2cb312a7a96224a53fc37","childId":"66f2e8702a7a96224a53fef2"},
{"id":"66f2e9d52a7a96224a53ff45","companyId":null,"createdDate":1727195605290,"updatedDate":1728312963544,"versionId":0,"referenceId":null,"systemStatus":null,"updatedByUserId":null,"updatedByUserName":null,"systemStatusText":null,"userTypes":null,"requirementIds":null,"name":null,"sourceReferenceId":null,"sourceReferenceAppId":null,"lockedByUserId":null,"lockedByUserName":null,"publicArtifact":false,"enableOffline":false,"locked":false,"canUnlock":false,"publishComment":null,"importantPublish":false,"appId":"5f47f6158f0814ff0a917552","type":"qry","parentId":"66f2cb312a7a96224a53fc37","childId":"66f2e9d52a7a96224a53ff43"},
{"id":"66f30b412a7a96224a5402f0","companyId":null,"createdDate":1727204161299,"updatedDate":1728312963545,"versionId":0,"referenceId":null,"systemStatus":null,"updatedByUserId":null,"updatedByUserName":null,"systemStatusText":null,"userTypes":null,"requirementIds":null,"name":null,"sourceReferenceId":null,"sourceReferenceAppId":null,"lockedByUserId":null,"lockedByUserName":null,"publicArtifact":false,"enableOffline":false,"locked":false,"canUnlock":false,"publishComment":null,"importantPublish":false,"appId":"5f47f6158f0814ff0a917552","type":"wf","parentId":"66f2cb312a7a96224a53fc37","childId":"60aea0688f0852da1b6ef2b7"},
{"id":"66f436ed2a7a96224a540a74","companyId":null,"createdDate":1727280877413,"updatedDate":1728312963546,"versionId":0,"referenceId":null,"systemStatus":null,"updatedByUserId":null,"updatedByUserName":null,"systemStatusText":null,"userTypes":null,"requirementIds":null,"name":null,"sourceReferenceId":null,"sourceReferenceAppId":null,"lockedByUserId":null,"lockedByUserName":null,"publicArtifact":false,"enableOffline":false,"locked":false,"canUnlock":false,"publishComment":null,"importantPublish":false,"appId":"5f47f6158f0814ff0a917552","type":"wf","parentId":"66f2cb312a7a96224a53fc37","childId":"66f2eac32a7a96224a53ff8f"},
{"id":"66f4373e2a7a96224a540a7c","companyId":null,"createdDate":1727280958327,"updatedDate":1728312963547,"versionId":0,"referenceId":null,"systemStatus":null,"updatedByUserId":null,"updatedByUserName":null,"systemStatusText":null,"userTypes":null,"requirementIds":null,"name":null,"sourceReferenceId":null,"sourceReferenceAppId":null,"lockedByUserId":null,"lockedByUserName":null,"publicArtifact":false,"enableOffline":false,"locked":false,"canUnlock":false,"publishComment":null,"importantPublish":false,"appId":"5f47f6158f0814ff0a917552","type":"wf","parentId":"66f2cb312a7a96224a53fc37","childId":"66f4373d2a7a96224a540a7a"},
{"id":"66f4379f2a7a96224a540a98","companyId":null,"createdDate":1727281055547,"updatedDate":1728312963548,"versionId":0,"referenceId":null,"systemStatus":null,"updatedByUserId":null,"updatedByUserName":null,"systemStatusText":null,"userTypes":null,"requirementIds":null,"name":null,"sourceReferenceId":null,"sourceReferenceAppId":null,"lockedByUserId":null,"lockedByUserName":null,"publicArtifact":false,"enableOffline":false,"locked":false,"canUnlock":false,"publishComment":null,"importantPublish":false,"appId":"5f47f6158f0814ff0a917552","type":"wf","parentId":"66f2cb312a7a96224a53fc37","childId":"5f47f79e8f0814ff0a9175b5"},
{"id":"66f4379f2a7a96224a540a99","companyId":null,"createdDate":1727281055558,"updatedDate":1728312963549,"versionId":0,"referenceId":null,"systemStatus":null,"updatedByUserId":null,"updatedByUserName":null,"systemStatusText":null,"userTypes":null,"requirementIds":null,"name":null,"sourceReferenceId":null,"sourceReferenceAppId":null,"lockedByUserId":null,"lockedByUserName":null,"publicArtifact":false,"enableOffline":false,"locked":false,"canUnlock":false,"publishComment":null,"importantPublish":false,"appId":"5f47f6158f0814ff0a917552","type":"wf","parentId":"66f2cb312a7a96224a53fc37","childId":"5f47f79e8f0814ff0a9175b3"},
{"id":"66f439682a7a96224a540b02","companyId":null,"createdDate":1727281512111,"updatedDate":1728312963550,"versionId":0,"referenceId":null,"systemStatus":null,"updatedByUserId":null,"updatedByUserName":null,"systemStatusText":null,"userTypes":null,"requirementIds":null,"name":null,"sourceReferenceId":null,"sourceReferenceAppId":null,"lockedByUserId":null,"lockedByUserName":null,"publicArtifact":false,"enableOffline":false,"locked":false,"canUnlock":false,"publishComment":null,"importantPublish":false,"appId":"5f47f6158f0814ff0a917552","type":"wf","parentId":"66f2cb312a7a96224a53fc37","childId":"5f47f79e8f0814ff0a9175b7"},
{"id":"66f439752a7a96224a540b05","companyId":null,"createdDate":1727281525359,"updatedDate":1728312963551,"versionId":0,"referenceId":null,"systemStatus":null,"updatedByUserId":null,"updatedByUserName":null,"systemStatusText":null,"userTypes":null,"requirementIds":null,"name":null,"sourceReferenceId":null,"sourceReferenceAppId":null,"lockedByUserId":null,"lockedByUserName":null,"publicArtifact":false,"enableOffline":false,"locked":false,"canUnlock":false,"publishComment":null,"importantPublish":false,"appId":"5f47f6158f0814ff0a917552","type":"wf","parentId":"66f2cb312a7a96224a53fc37","childId":"66f439742a7a96224a540b03"},
{"id":"66f466f02a7a96224a540cbb","companyId":null,"createdDate":1727293168201,"updatedDate":1728312963552,"versionId":0,"referenceId":null,"systemStatus":null,"updatedByUserId":null,"updatedByUserName":null,"systemStatusText":null,"userTypes":null,"requirementIds":null,"name":null,"sourceReferenceId":null,"sourceReferenceAppId":null,"lockedByUserId":null,"lockedByUserName":null,"publicArtifact":false,"enableOffline":false,"locked":false,"canUnlock":false,"publishComment":null,"importantPublish":false,"appId":"5f47f6158f0814ff0a917552","type":"rl","parentId":"66f2cb312a7a96224a53fc37","childId":"5f4d78628f086f27a2ab132c"},
{"id":"66f62cf42a7a96224a541bc2","companyId":null,"createdDate":1727409396740,"updatedDate":1728312963553,"versionId":0,"referenceId":null,"systemStatus":null,"updatedByUserId":null,"updatedByUserName":null,"systemStatusText":null,"userTypes":null,"requirementIds":null,"name":null,"sourceReferenceId":null,"sourceReferenceAppId":null,"lockedByUserId":null,"lockedByUserName":null,"publicArtifact":false,"enableOffline":false,"locked":false,"canUnlock":false,"publishComment":null,"importantPublish":false,"appId":"5f47f6158f0814ff0a917552","type":"wf","parentId":"66f2cb312a7a96224a53fc37","childId":"5f47f79e8f0814ff0a9175b2"},
{"id":"66f62cf42a7a96224a541bc3","companyId":null,"createdDate":1727409396761,"updatedDate":1728312963554,"versionId":0,"referenceId":null,"systemStatus":null,"updatedByUserId":null,"updatedByUserName":null,"systemStatusText":null,"userTypes":null,"requirementIds":null,"name":null,"sourceReferenceId":null,"sourceReferenceAppId":null,"lockedByUserId":null,"lockedByUserName":null,"publicArtifact":false,"enableOffline":false,"locked":false,"canUnlock":false,"publishComment":null,"importantPublish":false,"appId":"5f47f6158f0814ff0a917552","type":"wf","parentId":"66f2cb312a7a96224a53fc37","childId":"66f2ede22a7a96224a53ffc3"},
{"id":"66f62cf42a7a96224a541bc4","companyId":null,"createdDate":1727409396771,"updatedDate":1728312963555,"versionId":0,"referenceId":null,"systemStatus":null,"updatedByUserId":null,"updatedByUserName":null,"systemStatusText":null,"userTypes":null,"requirementIds":null,"name":null,"sourceReferenceId":null,"sourceReferenceAppId":null,"lockedByUserId":null,"lockedByUserName":null,"publicArtifact":false,"enableOffline":false,"locked":false,"canUnlock":false,"publishComment":null,"importantPublish":false,"appId":"5f47f6158f0814ff0a917552","type":"wf","parentId":"66f2cb312a7a96224a53fc37","childId":"65df7e108f0887c2fc6fa233"},
{"id":"66f62cf42a7a96224a541bc5","companyId":null,"createdDate":1727409396803,"updatedDate":1728312963556,"versionId":0,"referenceId":null,"systemStatus":null,"updatedByUserId":null,"updatedByUserName":null,"systemStatusText":null,"userTypes":null,"requirementIds":null,"name":null,"sourceReferenceId":null,"sourceReferenceAppId":null,"lockedByUserId":null,"lockedByUserName":null,"publicArtifact":false,"enableOffline":false,"locked":false,"canUnlock":false,"publishComment":null,"importantPublish":false,"appId":"5f47f6158f0814ff0a917552","type":"wf","parentId":"66f2cb312a7a96224a53fc37","childId":"66f47a182a7a96224a540e44"},
{"id":"66f62cfc2a7a96224a541bc6","companyId":null,"createdDate":1727409404303,"updatedDate":1728312963556,"versionId":0,"referenceId":null,"systemStatus":null,"updatedByUserId":null,"updatedByUserName":null,"systemStatusText":null,"userTypes":null,"requirementIds":null,"name":null,"sourceReferenceId":null,"sourceReferenceAppId":null,"lockedByUserId":null,"lockedByUserName":null,"publicArtifact":false,"enableOffline":false,"locked":false,"canUnlock":false,"publishComment":null,"importantPublish":false,"appId":"5f47f6158f0814ff0a917552","type":"dm","parentId":"66f2cb312a7a96224a53fc37","childId":"641e06c38f082040bff775a3"},
{"id":"66f71fcc2a7a96224a541f78","companyId":null,"createdDate":1727471564414,"updatedDate":1728312963557,"versionId":0,"referenceId":null,"systemStatus":null,"updatedByUserId":null,"updatedByUserName":null,"systemStatusText":null,"userTypes":null,"requirementIds":null,"name":null,"sourceReferenceId":null,"sourceReferenceAppId":null,"lockedByUserId":null,"lockedByUserName":null,"publicArtifact":false,"enableOffline":false,"locked":false,"canUnlock":false,"publishComment":null,"importantPublish":false,"appId":"5f47f6158f0814ff0a917552","type":"qry","parentId":"66f2cb312a7a96224a53fc37","childId":"66f6c9252a7a96224a541c3d"},
{"id":"66fda1822a7a96224a542e08","companyId":null,"createdDate":1727897986214,"updatedDate":1728312963558,"versionId":0,"referenceId":null,"systemStatus":null,"updatedByUserId":null,"updatedByUserName":null,"systemStatusText":null,"userTypes":null,"requirementIds":null,"name":null,"sourceReferenceId":null,"sourceReferenceAppId":null,"lockedByUserId":null,"lockedByUserName":null,"publicArtifact":false,"enableOffline":false,"locked":false,"canUnlock":false,"publishComment":null,"importantPublish":false,"appId":"5f47f6158f0814ff0a917552","type":"qry","parentId":"66f2cb312a7a96224a53fc37","childId":"66fda1812a7a96224a542e06"},
{"id":"66feb1ad2a7a96224a542e9a","companyId":null,"createdDate":1727967661492,"updatedDate":1728312963559,"versionId":0,"referenceId":null,"systemStatus":null,"updatedByUserId":null,"updatedByUserName":null,"systemStatusText":null,"userTypes":null,"requirementIds":null,"name":null,"sourceReferenceId":null,"sourceReferenceAppId":null,"lockedByUserId":null,"lockedByUserName":null,"publicArtifact":false,"enableOffline":false,"locked":false,"canUnlock":false,"publishComment":null,"importantPublish":false,"appId":"5f47f6158f0814ff0a917552","type":"wf","parentId":"66f2cb312a7a96224a53fc37","childId":"66feb1ac2a7a96224a542e98"},
{"id":"66fffa942a7a96224a543117","companyId":null,"createdDate":1728051860524,"updatedDate":1728312963560,"versionId":0,"referenceId":null,"systemStatus":null,"updatedByUserId":null,"updatedByUserName":null,"systemStatusText":null,"userTypes":null,"requirementIds":null,"name":null,"sourceReferenceId":null,"sourceReferenceAppId":null,"lockedByUserId":null,"lockedByUserName":null,"publicArtifact":false,"enableOffline":false,"locked":false,"canUnlock":false,"publishComment":null,"importantPublish":false,"appId":"5f47f6158f0814ff0a917552","type":"wf","parentId":"66f2cb312a7a96224a53fc37","childId":"66f3151c2a7a96224a54041f"},
{"id":"66fffa942a7a96224a543118","companyId":null,"createdDate":1728051860534,"updatedDate":1728312963561,"versionId":0,"referenceId":null,"systemStatus":null,"updatedByUserId":null,"updatedByUserName":null,"systemStatusText":null,"userTypes":null,"requirementIds":null,"name":null,"sourceReferenceId":null,"sourceReferenceAppId":null,"lockedByUserId":null,"lockedByUserName":null,"publicArtifact":false,"enableOffline":false,"locked":false,"canUnlock":false,"publishComment":null,"importantPublish":false,"appId":"5f47f6158f0814ff0a917552","type":"wf","parentId":"66f2cb312a7a96224a53fc37","childId":"60affac78f0852da1b6ef828"},
{"id":"66fffa942a7a96224a543119","companyId":null,"createdDate":1728051860545,"updatedDate":1728312963562,"versionId":0,"referenceId":null,"systemStatus":null,"updatedByUserId":null,"updatedByUserName":null,"systemStatusText":null,"userTypes":null,"requirementIds":null,"name":null,"sourceReferenceId":null,"sourceReferenceAppId":null,"lockedByUserId":null,"lockedByUserName":null,"publicArtifact":false,"enableOffline":false,"locked":false,"canUnlock":false,"publishComment":null,"importantPublish":false,"appId":"5f47f6158f0814ff0a917552","type":"wf","parentId":"66f2cb312a7a96224a53fc37","childId":"66fae7532a7a96224a54211c"},
{"id":"67003d0b2a7a96224a54325d","companyId":null,"createdDate":1728312963563,"updatedDate":1728312963563,"versionId":0,"referenceId":null,"systemStatus":null,"updatedByUserId":null,"updatedByUserName":null,"systemStatusText":null,"userTypes":null,"requirementIds":null,"name":null,"sourceReferenceId":null,"sourceReferenceAppId":null,"lockedByUserId":null,"lockedByUserName":null,"publicArtifact":false,"enableOffline":false,"locked":false,"canUnlock":false,"publishComment":null,"importantPublish":false,"appId":"5f47f6158f0814ff0a917552","type":"wf","parentId":"67003cee2a7a96224a54325c","childId":"64c13ca18f083175ea83158f"},
{"id":"67003d0b2a7a96224a54325e","companyId":null,"createdDate":1728312963564,"updatedDate":1728312963564,"versionId":0,"referenceId":null,"systemStatus":null,"updatedByUserId":null,"updatedByUserName":null,"systemStatusText":null,"userTypes":null,"requirementIds":null,"name":null,"sourceReferenceId":null,"sourceReferenceAppId":null,"lockedByUserId":null,"lockedByUserName":null,"publicArtifact":false,"enableOffline":false,"locked":false,"canUnlock":false,"publishComment":null,"importantPublish":false,"appId":"5f47f6158f0814ff0a917552","type":"wf","parentId":"67003cee2a7a96224a54325c","childId":"5f47f79e8f0814ff0a917592"},
{"id":"67003d0b2a7a96224a54325f","companyId":null,"createdDate":1728312963565,"updatedDate":1728312963565,"versionId":0,"referenceId":null,"systemStatus":null,"updatedByUserId":null,"updatedByUserName":null,"systemStatusText":null,"userTypes":null,"requirementIds":null,"name":null,"sourceReferenceId":null,"sourceReferenceAppId":null,"lockedByUserId":null,"lockedByUserName":null,"publicArtifact":false,"enableOffline":false,"locked":false,"canUnlock":false,"publishComment":null,"importantPublish":false,"appId":"5f47f6158f0814ff0a917552","type":"wf","parentId":"67003cee2a7a96224a54325c","childId":"5f47f79e8f0814ff0a917595"},
{"id":"66e1e3ef8f087bd71df4c8fb","companyId":null,"createdDate":1726079983478,"updatedDate":1728312963566,"versionId":0,"referenceId":null,"systemStatus":null,"updatedByUserId":null,"updatedByUserName":null,"systemStatusText":null,"userTypes":null,"requirementIds":null,"name":"2024_Q3","sourceReferenceId":null,"sourceReferenceAppId":null,"lockedByUserId":null,"lockedByUserName":null,"publicArtifact":false,"enableOffline":false,"locked":false,"canUnlock":false,"publishComment":null,"importantPublish":false,"appId":"5f47f6158f0814ff0a917552","type":"fldr","parentId":"5f47f6158f0814ff0a917552","childId":null}]