[{"id":"66f2df852a7a96224a53fd69","companyId":"5f47ce0c8f0815394ff3bd8a","createdDate":1727192965826,"updatedDate":1728312963106,"versionId":0,"referenceId":null,"systemStatus":null,"updatedByUserId":"5f47ce0e8f0815394ff3be1b","updatedByUserName":"Josh Havens","systemStatusText":null,"userTypes":[],"requirementIds":[],"name":"Branch_URLs for API_Branch_Get_URLs","sourceReferenceId":null,"sourceReferenceAppId":null,"lockedByUserId":null,"lockedByUserName":null,"publicArtifact":false,"enableOffline":false,"locked":false,"canUnlock":false,"publishComment":null,"importantPublish":false,"appId":"5f47f6158f0814ff0a917552","dataModel":"Branch_URL","inputDataModel":"API_BranchRequest","operator":"and","relationshipOperator":"and","onlySelectedFields":false,"dynamicSearchCriteria":true,"dynamicCriteriaFieldName":"list","relationshipFilters":null,"selectFields":[],"sortFields":[{"modelLabel":null,"fieldName":"baseURL","sortOrder":1,"seq":1,"dynamicFieldName":false}],"conditions":[],"relationFilterFieldName":null,"limit":0,"randomizeResults":false,"hidden":false,"platformObjects":false,"dynamicDataModel":false,"dataModelField":null,"platformObjectName":null,"inputRecordModel":null,"inputRecordField":null,"allRelations":false,"relatedDataModel":null,"relationName":null,"outputDataModel":null,"outputFieldName":null,"sourceDatabase":null,"aggregation":false,"multipleModels":false,"joinModels":null,"joinConditions":null,"deletedData":false,"auditData":false,"auditRecordIdField":null,"aggregationFields":null,"groupFields":null,"createScreen":false,"pageId":null,"pageModelName":null,"pageModelId":null,"securityConditions":null},
{"id":"66f2e6662a7a96224a53fe50","companyId":"5f47ce0c8f0815394ff3bd8a","createdDate":1727194726504,"updatedDate":1728312963108,"versionId":0,"referenceId":null,"systemStatus":null,"updatedByUserId":"5f47ce0e8f0815394ff3be1b","updatedByUserName":"Josh Havens","systemStatusText":null,"userTypes":[],"requirementIds":[],"name":"Branch_Homepage for API_Branch_Get_Pages","sourceReferenceId":null,"sourceReferenceAppId":null,"lockedByUserId":null,"lockedByUserName":null,"publicArtifact":false,"enableOffline":false,"locked":false,"canUnlock":false,"publishComment":null,"importantPublish":false,"appId":"5f47f6158f0814ff0a917552","dataModel":"Branch_Homepage","inputDataModel":"API_BranchRequest","operator":"and","relationshipOperator":"and","onlySelectedFields":false,"dynamicSearchCriteria":true,"dynamicCriteriaFieldName":"list","relationshipFilters":null,"selectFields":null,"sortFields":[{"modelLabel":null,"fieldName":"name","sortOrder":1,"seq":1,"dynamicFieldName":false}],"conditions":null,"relationFilterFieldName":null,"limit":0,"randomizeResults":false,"hidden":false,"platformObjects":false,"dynamicDataModel":false,"dataModelField":null,"platformObjectName":null,"inputRecordModel":null,"inputRecordField":null,"allRelations":false,"relatedDataModel":null,"relationName":null,"outputDataModel":null,"outputFieldName":null,"sourceDatabase":null,"aggregation":false,"multipleModels":false,"joinModels":null,"joinConditions":null,"deletedData":false,"auditData":false,"auditRecordIdField":null,"aggregationFields":null,"groupFields":null,"createScreen":false,"pageId":null,"pageModelName":null,"pageModelId":null,"securityConditions":null},
{"id":"66f2e8702a7a96224a53fef2","companyId":"5f47ce0c8f0815394ff3bd8a","createdDate":1727195248993,"updatedDate":1728312963110,"versionId":0,"referenceId":null,"systemStatus":null,"updatedByUserId":"5f47ce0e8f0815394ff3be1b","updatedByUserName":"Josh Havens","systemStatusText":null,"userTypes":[],"requirementIds":[],"name":"Branch_Homepage for API_Branch_Get_Marketplaces","sourceReferenceId":null,"sourceReferenceAppId":null,"lockedByUserId":null,"lockedByUserName":null,"publicArtifact":false,"enableOffline":false,"locked":false,"canUnlock":false,"publishComment":null,"importantPublish":false,"appId":"5f47f6158f0814ff0a917552","dataModel":"Branch_Homepage","inputDataModel":"API_BranchRequest","operator":"and","relationshipOperator":"and","onlySelectedFields":false,"dynamicSearchCriteria":true,"dynamicCriteriaFieldName":"list","relationshipFilters":null,"selectFields":null,"sortFields":[{"modelLabel":null,"fieldName":"name","sortOrder":1,"seq":1,"dynamicFieldName":false}],"conditions":null,"relationFilterFieldName":null,"limit":0,"randomizeResults":false,"hidden":false,"platformObjects":false,"dynamicDataModel":false,"dataModelField":null,"platformObjectName":null,"inputRecordModel":null,"inputRecordField":null,"allRelations":false,"relatedDataModel":null,"relationName":null,"outputDataModel":null,"outputFieldName":null,"sourceDatabase":null,"aggregation":false,"multipleModels":false,"joinModels":null,"joinConditions":null,"deletedData":false,"auditData":false,"auditRecordIdField":null,"aggregationFields":null,"groupFields":null,"createScreen":false,"pageId":null,"pageModelName":null,"pageModelId":null,"securityConditions":null},
{"id":"66f2e9d52a7a96224a53ff43","companyId":"5f47ce0c8f0815394ff3bd8a","createdDate":1727195605057,"updatedDate":1728312963111,"versionId":0,"referenceId":null,"systemStatus":null,"updatedByUserId":"5f47ce0e8f0815394ff3be1b","updatedByUserName":"Josh Havens","systemStatusText":null,"userTypes":[],"requirementIds":[],"name":"Branch_Styles for API_Branch_Get_Styles","sourceReferenceId":null,"sourceReferenceAppId":null,"lockedByUserId":null,"lockedByUserName":null,"publicArtifact":false,"enableOffline":false,"locked":false,"canUnlock":false,"publishComment":null,"importantPublish":false,"appId":"5f47f6158f0814ff0a917552","dataModel":"Branch_Styles","inputDataModel":"API_BranchRequest","operator":"and","relationshipOperator":"and","onlySelectedFields":false,"dynamicSearchCriteria":true,"dynamicCriteriaFieldName":"list","relationshipFilters":null,"selectFields":null,"sortFields":[{"modelLabel":null,"fieldName":"name","sortOrder":1,"seq":1,"dynamicFieldName":false}],"conditions":null,"relationFilterFieldName":null,"limit":1000,"randomizeResults":false,"hidden":false,"platformObjects":false,"dynamicDataModel":false,"dataModelField":null,"platformObjectName":null,"inputRecordModel":null,"inputRecordField":null,"allRelations":false,"relatedDataModel":null,"relationName":null,"outputDataModel":null,"outputFieldName":null,"sourceDatabase":null,"aggregation":false,"multipleModels":false,"joinModels":null,"joinConditions":null,"deletedData":false,"auditData":false,"auditRecordIdField":null,"aggregationFields":null,"groupFields":null,"createScreen":false,"pageId":null,"pageModelName":null,"pageModelId":null,"securityConditions":null},
{"id":"66f6c9252a7a96224a541c3d","companyId":"5f47ce0c8f0815394ff3bd8a","createdDate":1727449381389,"updatedDate":1728312963112,"versionId":0,"referenceId":null,"systemStatus":null,"updatedByUserId":"5f4d87898f086f27a2ab1466","updatedByUserName":"Sean Stevens","systemStatusText":null,"userTypes":[],"requirementIds":[],"name":"Branch_Management","sourceReferenceId":null,"sourceReferenceAppId":null,"lockedByUserId":null,"lockedByUserName":null,"publicArtifact":false,"enableOffline":false,"locked":false,"canUnlock":false,"publishComment":null,"importantPublish":false,"appId":"5f47f6158f0814ff0a917552","dataModel":"Branch","inputDataModel":"API_BranchRequest","operator":"and","relationshipOperator":"and","onlySelectedFields":false,"dynamicSearchCriteria":true,"dynamicCriteriaFieldName":"list","relationshipFilters":null,"selectFields":null,"sortFields":null,"conditions":null,"relationFilterFieldName":null,"limit":0,"randomizeResults":false,"hidden":false,"platformObjects":false,"dynamicDataModel":false,"dataModelField":null,"platformObjectName":null,"inputRecordModel":null,"inputRecordField":null,"allRelations":false,"relatedDataModel":null,"relationName":null,"outputDataModel":null,"outputFieldName":null,"sourceDatabase":null,"aggregation":false,"multipleModels":false,"joinModels":null,"joinConditions":null,"deletedData":false,"auditData":false,"auditRecordIdField":null,"aggregationFields":null,"groupFields":null,"createScreen":false,"pageId":null,"pageModelName":null,"pageModelId":null,"securityConditions":null},
{"id":"66fda1812a7a96224a542e06","companyId":"5f47ce0c8f0815394ff3bd8a","createdDate":1727897985966,"updatedDate":1728312963114,"versionId":0,"referenceId":null,"systemStatus":null,"updatedByUserId":"5f47ce0e8f0815394ff3be1b","updatedByUserName":"Josh Havens","systemStatusText":null,"userTypes":[],"requirementIds":[],"name":"Branch_URL for API_Branch_Get_Style_Preload","sourceReferenceId":null,"sourceReferenceAppId":null,"lockedByUserId":null,"lockedByUserName":null,"publicArtifact":false,"enableOffline":false,"locked":false,"canUnlock":false,"publishComment":null,"importantPublish":false,"appId":"5f47f6158f0814ff0a917552","dataModel":"Branch_URL","inputDataModel":"API_BranchRequest","operator":"and","relationshipOperator":"and","onlySelectedFields":false,"dynamicSearchCriteria":true,"dynamicCriteriaFieldName":"list","relationshipFilters":null,"selectFields":null,"sortFields":null,"conditions":null,"relationFilterFieldName":null,"limit":0,"randomizeResults":false,"hidden":false,"platformObjects":false,"dynamicDataModel":false,"dataModelField":null,"platformObjectName":null,"inputRecordModel":null,"inputRecordField":null,"allRelations":false,"relatedDataModel":null,"relationName":null,"outputDataModel":null,"outputFieldName":null,"sourceDatabase":null,"aggregation":false,"multipleModels":false,"joinModels":null,"joinConditions":null,"deletedData":false,"auditData":false,"auditRecordIdField":null,"aggregationFields":null,"groupFields":null,"createScreen":false,"pageId":null,"pageModelName":null,"pageModelId":null,"securityConditions":null}]