[{"id":"5f4d78628f086f27a2ab132c","companyId":"5f47ce0c8f0815394ff3bd8a","createdDate":1598912610631,"updatedDate":1728312963224,"versionId":0,"referenceId":null,"systemStatus":null,"updatedByUserId":"5f47ce0e8f0815394ff3be1b","updatedByUserName":"Josh Havens","systemStatusText":null,"userTypes":null,"requirementIds":null,"name":"Administrator","sourceReferenceId":null,"sourceReferenceAppId":null,"lockedByUserId":null,"lockedByUserName":null,"publicArtifact":false,"enableOffline":false,"locked":false,"canUnlock":false,"publishComment":null,"importantPublish":false,"appId":"5f47f6158f0814ff0a917552","userModel":"User","type":0,"modelPermissions":[{"objectType":1,"objectName":null,"modelName":"66feb1ac2a7a96224a542e98","permission":0,"dataAccessControl":null},{"objectType":0,"objectName":"Assessment","modelName":"Assessment","permission":0,"dataAccessControl":null},{"objectType":0,"objectName":"Assessment_Questions","modelName":"Assessment_Questions","permission":0,"dataAccessControl":null},{"objectType":0,"objectName":"Assessment_Submitted","modelName":"Assessment_Submitted","permission":0,"dataAccessControl":null},{"objectType":0,"objectName":"Branch","modelName":"Branch","permission":0,"dataAccessControl":null},{"objectType":0,"objectName":"Branch_AcademicStatus","modelName":"Branch_AcademicStatus","permission":0,"dataAccessControl":null},{"objectType":0,"objectName":"Branch_Badges","modelName":"Branch_Badges","permission":0,"dataAccessControl":null},{"objectType":0,"objectName":"Branch_Categories","modelName":"Branch_Categories","permission":0,"dataAccessControl":null},{"objectType":0,"objectName":"Branch_CustomFields","modelName":"Branch_CustomFields","permission":0,"dataAccessControl":null},{"objectType":0,"objectName":"Branch_DegreeLevels","modelName":"Branch_DegreeLevels","permission":0,"dataAccessControl":null},{"objectType":0,"objectName":"Branch_GPACalculation","modelName":"Branch_GPACalculation","permission":1,"dataAccessControl":{"type":1,"modelField":"branchId","userModel":"User","relationName":null,"operator":"$eq","relatedModel":null,"userField":"branchId","childRelationship":null}},{"objectType":0,"objectName":"Branch_Homepage","modelName":"Branch_Homepage","permission":0,"dataAccessControl":null},{"objectType":0,"objectName":"Branch_InstructorRanks","modelName":"Branch_InstructorRanks","permission":1,"dataAccessControl":{"type":1,"modelField":"branchId","userModel":"User","relationName":null,"operator":"$eq","relatedModel":null,"userField":"branchId","childRelationship":null}},{"objectType":0,"objectName":"Branch_InstructorTypes","modelName":"Branch_InstructorTypes","permission":1,"dataAccessControl":{"type":1,"modelField":"branchId","userModel":"User","relationName":null,"operator":"$eq","relatedModel":null,"userField":"branchId","childRelationship":null}},{"objectType":0,"objectName":"Branch_LogicModel_Template","modelName":"Branch_LogicModel_Template","permission":0,"dataAccessControl":null},{"objectType":0,"objectName":"Branch_MenuPermissions","modelName":"Branch_MenuPermissions","permission":0,"dataAccessControl":null},{"objectType":0,"objectName":"Branch_ProgramStatus","modelName":"Branch_ProgramStatus","permission":0,"dataAccessControl":null},{"objectType":0,"objectName":"Branch_RolePresets","modelName":"Branch_RolePresets","permission":0,"dataAccessControl":null},{"objectType":0,"objectName":"Branch_Styles","modelName":"Branch_Styles","permission":0,"dataAccessControl":null},{"objectType":0,"objectName":"Branch_TranscriptSettings","modelName":"Branch_TranscriptSettings","permission":0,"dataAccessControl":null},{"objectType":0,"objectName":"Branch_TransferSchools","modelName":"Branch_TransferSchools","permission":0,"dataAccessControl":null},{"objectType":0,"objectName":"Branch_URL","modelName":"Branch_URL","permission":0,"dataAccessControl":null},{"objectType":0,"objectName":"Branch_UserTags","modelName":"Branch_UserTags","permission":1,"dataAccessControl":{"type":1,"modelField":"branchId","userModel":"User","relationName":null,"operator":"$eq","relatedModel":null,"userField":"branchId","childRelationship":null}},{"objectType":0,"objectName":"Course","modelName":"Course","permission":1,"dataAccessControl":{"type":1,"modelField":"branchId","userModel":"User","relationName":null,"operator":"$eq","relatedModel":null,"userField":"branchId","childRelationship":null}},{"objectType":0,"objectName":"Course_ContentModule","modelName":"Course_ContentModule","permission":0,"dataAccessControl":null},{"objectType":0,"objectName":"Course_ContentObjectives","modelName":"Course_ContentObjectives","permission":0,"dataAccessControl":null},{"objectType":0,"objectName":"Course_ContentSection","modelName":"Course_ContentSection","permission":0,"dataAccessControl":null},{"objectType":0,"objectName":"Course_Log","modelName":"Course_Log","permission":0,"dataAccessControl":null},{"objectType":0,"objectName":"Course_Schedule","modelName":"Course_Schedule","permission":0,"dataAccessControl":null},{"objectType":0,"objectName":"Discussion_Channels","modelName":"Discussion_Channels","permission":0,"dataAccessControl":null},{"objectType":0,"objectName":"Discussion_Replies","modelName":"Discussion_Replies","permission":0,"dataAccessControl":null},{"objectType":0,"objectName":"Discussion_Threads","modelName":"Discussion_Threads","permission":0,"dataAccessControl":null},{"objectType":0,"objectName":"EventLog","modelName":"EventLog","permission":0,"dataAccessControl":null},{"objectType":0,"objectName":"Instructor_History","modelName":"Instructor_History","permission":0,"dataAccessControl":null},{"objectType":0,"objectName":"Instructor_Information","modelName":"Instructor_Information","permission":0,"dataAccessControl":null},{"objectType":0,"objectName":"Language","modelName":"Language","permission":0,"dataAccessControl":null},{"objectType":0,"objectName":"LogicModels","modelName":"LogicModels","permission":0,"dataAccessControl":null},{"objectType":0,"objectName":"LogicModel_Nodes","modelName":"LogicModel_Nodes","permission":0,"dataAccessControl":null},{"objectType":0,"objectName":"LogicModel_Reports","modelName":"LogicModel_Reports","permission":0,"dataAccessControl":null},{"objectType":0,"objectName":"Lookup_CountryInformation","modelName":"Lookup_CountryInformation","permission":0,"dataAccessControl":null},{"objectType":0,"objectName":"Menu_Items","modelName":"Menu_Items","permission":0,"dataAccessControl":null},{"objectType":0,"objectName":"PaymentTransaction","modelName":"PaymentTransaction","permission":0,"dataAccessControl":null},{"objectType":0,"objectName":"Program","modelName":"Program","permission":0,"dataAccessControl":null},{"objectType":0,"objectName":"Report_Log","modelName":"Report_Log","permission":1,"dataAccessControl":{"type":1,"modelField":"branchId","userModel":"User","relationName":null,"operator":"$eq","relatedModel":null,"userField":"branchId","childRelationship":null}},{"objectType":0,"objectName":"Report_Log","modelName":"Report_Log","permission":3,"dataAccessControl":null},{"objectType":0,"objectName":"Staging_User_Import","modelName":"Staging_User_Import","permission":4,"dataAccessControl":{"type":0,"modelField":null,"userModel":"User","relationName":null,"operator":null,"relatedModel":null,"userField":null,"childRelationship":null}},{"objectType":0,"objectName":"Store_Collections","modelName":"Store_Collections","permission":0,"dataAccessControl":null},{"objectType":0,"objectName":"Store_Countries","modelName":"Store_Countries","permission":0,"dataAccessControl":null},{"objectType":0,"objectName":"Store_Discount","modelName":"Store_Discount","permission":0,"dataAccessControl":null},{"objectType":0,"objectName":"Store_Inventory","modelName":"Store_Inventory","permission":0,"dataAccessControl":null},{"objectType":0,"objectName":"Store_Products","modelName":"Store_Products","permission":0,"dataAccessControl":null},{"objectType":0,"objectName":"Store_ShippingCarriers","modelName":"Store_ShippingCarriers","permission":0,"dataAccessControl":null},{"objectType":0,"objectName":"Store_TuitionFees","modelName":"Store_TuitionFees","permission":0,"dataAccessControl":null},{"objectType":0,"objectName":"Student_AssessmentQuestionTracking","modelName":"Student_AssessmentQuestionTracking","permission":0,"dataAccessControl":null},{"objectType":0,"objectName":"Student_AssessmentsTaken","modelName":"Student_AssessmentsTaken","permission":0,"dataAccessControl":null},{"objectType":0,"objectName":"Student_CourseEnrollment","modelName":"Student_CourseEnrollment","permission":1,"dataAccessControl":{"type":1,"modelField":"branchId","userModel":"User","relationName":null,"operator":"$eq","relatedModel":null,"userField":"branchId","childRelationship":null}},{"objectType":0,"objectName":"Student_Enrollment_CSVImport","modelName":"Student_Enrollment_CSVImport","permission":4,"dataAccessControl":{"type":0,"modelField":null,"userModel":"User","relationName":null,"operator":null,"relatedModel":null,"userField":null,"childRelationship":null}},{"objectType":0,"objectName":"Student_Enrollment_CSVImport","modelName":"Student_Enrollment_CSVImport","permission":4,"dataAccessControl":null},{"objectType":0,"objectName":"Student_History","modelName":"Student_History","permission":0,"dataAccessControl":null},{"objectType":0,"objectName":"Student_ProgramEnrollment","modelName":"Student_ProgramEnrollment","permission":0,"dataAccessControl":null},{"objectType":0,"objectName":"Student_ProgramProgress","modelName":"Student_ProgramProgress","permission":0,"dataAccessControl":null},{"objectType":0,"objectName":"Student_Transcript","modelName":"Student_Transcript","permission":0,"dataAccessControl":null},{"objectType":0,"objectName":"SysReport","modelName":"SysReport","permission":4,"dataAccessControl":{"type":1,"modelField":"branchId","userModel":"User","relationName":null,"operator":"$eq","relatedModel":null,"userField":"branchId","childRelationship":null}},{"objectType":0,"objectName":"SysRole","modelName":"SysRole","permission":0,"dataAccessControl":null},{"objectType":0,"objectName":"SysRoleUser","modelName":"SysRoleUser","permission":0,"dataAccessControl":null},{"objectType":0,"objectName":"User","modelName":"User","permission":1,"dataAccessControl":{"type":1,"modelField":"branchId","userModel":"User","relationName":null,"operator":"$eq","relatedModel":null,"userField":"branchId","childRelationship":null}},{"objectType":0,"objectName":"UserLog","modelName":"UserLog","permission":0,"dataAccessControl":null},{"objectType":0,"objectName":"User_Badges","modelName":"User_Badges","permission":0,"dataAccessControl":null},{"objectType":0,"objectName":"User_CustomFields","modelName":"User_CustomFields","permission":0,"dataAccessControl":null},{"objectType":0,"objectName":"User_MenuPermissions","modelName":"User_MenuPermissions","permission":0,"dataAccessControl":null},{"objectType":0,"objectName":"User_MFAMethods","modelName":"User_MFAMethods","permission":4,"dataAccessControl":{"type":1,"modelField":"userId","userModel":"User","relationName":null,"operator":"$eq","relatedModel":null,"userField":"_id","childRelationship":null}},{"objectType":0,"objectName":"User_Notifications","modelName":"User_Notifications","permission":0,"dataAccessControl":null},{"objectType":0,"objectName":"User_TransactionItem","modelName":"User_TransactionItem","permission":0,"dataAccessControl":null},{"objectType":0,"objectName":"User_URLPermissions","modelName":"User_URLPermissions","permission":1,"dataAccessControl":{"type":1,"modelField":"branchId","userModel":"User","relationName":null,"operator":"$eq","relatedModel":null,"userField":"branchId","childRelationship":null}},{"objectType":1,"objectName":"24-07-15--Add questionSequence to All Assessments","modelName":"669538d78f08df157b26fe6a","permission":0,"dataAccessControl":null},{"objectType":1,"objectName":"API_Activity_Get","modelName":"5f47f79e8f0814ff0a9175aa","permission":0,"dataAccessControl":null},{"objectType":1,"objectName":"API_Assessment_Add","modelName":"5f47f79e8f0814ff0a917588","permission":0,"dataAccessControl":null},{"objectType":1,"objectName":"API_Assessment_Add_Form","modelName":"62a783ec8f08df8c017c75de","permission":0,"dataAccessControl":null},{"objectType":1,"objectName":"API_Assessment_Add_QuestionBank_Question_To_Assessment","modelName":"6650f4de8f08bdb80fbb53b5","permission":0,"dataAccessControl":null},{"objectType":1,"objectName":"API_Assessment_Add_QuestionImport","modelName":"61d88f148f0881fa8f2d349d","permission":0,"dataAccessControl":null},{"objectType":1,"objectName":"API_Assessment_Add_Section","modelName":"62c5ef008f08df8c017c91e9","permission":0,"dataAccessControl":null},{"objectType":1,"objectName":"API_Assessment_Delete","modelName":"5f47f79e8f0814ff0a91758b","permission":0,"dataAccessControl":null},{"objectType":1,"objectName":"API_Assessment_Delete_Form","modelName":"62b21de98f08df8c017c809a","permission":0,"dataAccessControl":null},{"objectType":1,"objectName":"API_Assessment_Delete_Form_Question","modelName":"62df0b1b8f086d0a59757057","permission":0,"dataAccessControl":null},{"objectType":1,"objectName":"API_Assessment_Delete_Form_Section","modelName":"62e1630b8f086d0a5975725d","permission":0,"dataAccessControl":null},{"objectType":1,"objectName":"API_Assessment_Delete_QuestionBank_Question","modelName":"664feb0b8f08144d3d67c297","permission":0,"dataAccessControl":null},{"objectType":1,"objectName":"API_Assessment_Edit","modelName":"5f47f79e8f0814ff0a91758a","permission":0,"dataAccessControl":null},{"objectType":1,"objectName":"API_Assessment_Edit_Copy","modelName":"6669f1eb8f08bdb80fbb6cd6","permission":0,"dataAccessControl":null},{"objectType":1,"objectName":"API_Assessment_Edit_Form","modelName":"6298d45f8f08df8c017c681e","permission":0,"dataAccessControl":null},{"objectType":1,"objectName":"API_Assessment_Edit_QuestionsListFromGenerator","modelName":"664e5eeb8f08144d3d67bb4b","permission":0,"dataAccessControl":null},{"objectType":1,"objectName":"API_Assessment_Get_AccountCreationForms","modelName":"632b253d8f0837bab3c760d3","permission":0,"dataAccessControl":null},{"objectType":1,"objectName":"API_Assessment_Get_Assessment","modelName":"66df5a418f087bd71df4c078","permission":0,"dataAccessControl":null},{"objectType":1,"objectName":"API_Assessment_Get_Assessment_Export_PDF","modelName":"667325948f08bdb80fbb7311","permission":0,"dataAccessControl":null},{"objectType":1,"objectName":"API_Assessment_Get_Form","modelName":"629a269a8f08df8c017c69f6","permission":0,"dataAccessControl":null},{"objectType":1,"objectName":"API_Assessment_Get_Forms","modelName":"62a23e318f08df8c017c7227","permission":0,"dataAccessControl":null},{"objectType":1,"objectName":"API_Assessment_Get_Question","modelName":"66df5a808f087bd71df4c0dc","permission":0,"dataAccessControl":null},{"objectType":1,"objectName":"API_Assessment_Get_QuestionBank_Export_CSV","modelName":"6658c9238f08bdb80fbb5c1f","permission":0,"dataAccessControl":null},{"objectType":1,"objectName":"API_Assessment_Get_QuestionBank_Question","modelName":"664ffcdc8f08144d3d67c482","permission":0,"dataAccessControl":null},{"objectType":1,"objectName":"API_Assessment_Get_Question_Bank","modelName":"664d17788f08144d3d67b431","permission":0,"dataAccessControl":null},{"objectType":1,"objectName":"API_Assessment_Get_SubmittedForm","modelName":"6362d72f8f08128776b0fdf6","permission":0,"dataAccessControl":null},{"objectType":1,"objectName":"API_Assessment_Get_SubmittedForms","modelName":"6362beae8f08128776b0fbae","permission":0,"dataAccessControl":null},{"objectType":1,"objectName":"API_Assessment_Grade","modelName":"5f47f79e8f0814ff0a91758c","permission":0,"dataAccessControl":null},{"objectType":1,"objectName":"API_Assessment_Sort","modelName":"5f47f79e8f0814ff0a917590","permission":0,"dataAccessControl":null},{"objectType":1,"objectName":"API_Assessment_Submit","modelName":"635c25088f0854ad71c035ec","permission":0,"dataAccessControl":null},{"objectType":1,"objectName":"API_Authentication_Verify_Verification_Email","modelName":"638523498f08e886729ca866","permission":0,"dataAccessControl":null},{"objectType":1,"objectName":"API_Branch_Add_AcademicStatus","modelName":"641a3e768f08626672a7c24e","permission":0,"dataAccessControl":null},{"objectType":1,"objectName":"API_Branch_Add_Badge","modelName":"662015c18f083a303e9ceffb","permission":0,"dataAccessControl":null},{"objectType":1,"objectName":"API_Branch_Add_Branches","modelName":"66f3151c2a7a96224a54041f","permission":0,"dataAccessControl":null},{"objectType":1,"objectName":"API_Branch_Add_Category","modelName":"60ba52b88f086700a0a8c14f","permission":0,"dataAccessControl":null},{"objectType":1,"objectName":"API_Branch_Add_DegreeLevel","modelName":"641a3f0f8f08626672a7c256","permission":0,"dataAccessControl":null},{"objectType":1,"objectName":"API_Branch_Add_GPA_Calc","modelName":"63c831be8f08ae70b13c24d8","permission":0,"dataAccessControl":null},{"objectType":1,"objectName":"API_Branch_Add_HomepageSection","modelName":"60ae9f568f0852da1b6ef25a","permission":0,"dataAccessControl":null},{"objectType":1,"objectName":"API_Branch_Add_InstructorRank","modelName":"6271839f8f08bf10ebb6f117","permission":0,"dataAccessControl":null},{"objectType":1,"objectName":"API_Branch_Add_InstructorType","modelName":"627183f08f08bf10ebb6f11c","permission":0,"dataAccessControl":null},{"objectType":1,"objectName":"API_Branch_Add_LogicModelTemplate","modelName":"645bdd248f08984919315328","permission":0,"dataAccessControl":null},{"objectType":1,"objectName":"API_Branch_Add_Page","modelName":"60affac78f0852da1b6ef828","permission":0,"dataAccessControl":null},{"objectType":1,"objectName":"API_Branch_Add_ProgramStatus","modelName":"651ed8648f089858b73d8fbd","permission":0,"dataAccessControl":null},{"objectType":1,"objectName":"API_Branch_Add_RolePreset","modelName":"645a99f88f08984919314e04","permission":0,"dataAccessControl":null},{"objectType":1,"objectName":"API_Branch_Add_Style","modelName":"66f4373d2a7a96224a540a7a","permission":0,"dataAccessControl":null},{"objectType":1,"objectName":"API_Branch_Add_TranscriptSetting","modelName":"650861688f089858b73d7a9c","permission":0,"dataAccessControl":null},{"objectType":1,"objectName":"API_Branch_Add_Transfer_School","modelName":"63f540218f083114c8f5d59c","permission":0,"dataAccessControl":null},{"objectType":1,"objectName":"API_Branch_Add_URL","modelName":"60b92c9e8f086700a0a8bd6d","permission":0,"dataAccessControl":null},{"objectType":1,"objectName":"API_Branch_Add_UserTag","modelName":"625f549d8f08bf10ebb6d71c","permission":0,"dataAccessControl":null},{"objectType":1,"objectName":"API_Branch_Delete_AcademicStatus","modelName":"641a41298f08626672a7c2a6","permission":0,"dataAccessControl":null},{"objectType":1,"objectName":"API_Branch_Delete_Badge","modelName":"662025a68f083a303e9cf011","permission":0,"dataAccessControl":null},{"objectType":1,"objectName":"API_Branch_Delete_Category","modelName":"60ba58598f086700a0a8c259","permission":0,"dataAccessControl":null},{"objectType":1,"objectName":"API_Branch_Delete_DegreeLevel","modelName":"641a41f48f08626672a7c2f1","permission":0,"dataAccessControl":null},{"objectType":1,"objectName":"API_Branch_Delete_GPA_CALC","modelName":"63c95bb68f08ae70b13c2717","permission":0,"dataAccessControl":null},{"objectType":1,"objectName":"API_Branch_Delete_HomepageSection","modelName":"60aea00c8f0852da1b6ef278","permission":0,"dataAccessControl":null},{"objectType":1,"objectName":"API_Branch_Delete_InstructorRank","modelName":"627184568f08bf10ebb6f138","permission":0,"dataAccessControl":null},{"objectType":1,"objectName":"API_Branch_Delete_InstructorType","modelName":"6271846c8f08bf10ebb6f13d","permission":0,"dataAccessControl":null},{"objectType":1,"objectName":"API_Branch_Delete_Page","modelName":"634efdf58f0854ad71c01cf6","permission":0,"dataAccessControl":null},{"objectType":1,"objectName":"API_Branch_Delete_ProgramStatus","modelName":"651f28d48f089858b73d95bf","permission":0,"dataAccessControl":null},{"objectType":1,"objectName":"API_Branch_Delete_RolePreset","modelName":"645a9a7c8f08984919314e11","permission":0,"dataAccessControl":null},{"objectType":1,"objectName":"API_Branch_Delete_Style","modelName":"66f439742a7a96224a540b03","permission":0,"dataAccessControl":null},{"objectType":1,"objectName":"API_Branch_Delete_TranscriptSetting","modelName":"6508622e8f089858b73d7abd","permission":0,"dataAccessControl":null},{"objectType":1,"objectName":"API_Branch_Delete_TransferSchool","modelName":"640f7bd18f08626672a7a363","permission":0,"dataAccessControl":null},{"objectType":1,"objectName":"API_Branch_Delete_URL","modelName":"60ba50d68f086700a0a8c0f1","permission":0,"dataAccessControl":null},{"objectType":1,"objectName":"API_Branch_Delete_UserTag","modelName":"625f5f428f08bf10ebb6d841","permission":0,"dataAccessControl":null},{"objectType":1,"objectName":"API_Branch_Duplicate_LogicModelTemplate","modelName":"6498f8778f0866eda157297c","permission":0,"dataAccessControl":null},{"objectType":1,"objectName":"API_Branch_Edit_AcademicStatus","modelName":"641a44478f08626672a7c329","permission":0,"dataAccessControl":null},{"objectType":1,"objectName":"API_Branch_Edit_Badge","modelName":"66202a5d8f083a303e9cf022","permission":0,"dataAccessControl":null},{"objectType":1,"objectName":"API_Branch_Edit_Branch","modelName":"60aea0588f0852da1b6ef2a9","permission":0,"dataAccessControl":null},{"objectType":1,"objectName":"API_Branch_Edit_Category","modelName":"60ba57268f086700a0a8c220","permission":0,"dataAccessControl":null},{"objectType":1,"objectName":"API_Branch_Edit_Custom_Fields","modelName":"63e27d8f8f08ae70b13c3677","permission":0,"dataAccessControl":null},{"objectType":1,"objectName":"API_Branch_Edit_DegreeLevel","modelName":"641a44a78f08626672a7c333","permission":0,"dataAccessControl":null},{"objectType":1,"objectName":"API_Branch_Edit_GPA_CALC","modelName":"63c963a88f08ae70b13c274c","permission":0,"dataAccessControl":null},{"objectType":1,"objectName":"API_Branch_Edit_InstructorRank","modelName":"627184328f08bf10ebb6f12d","permission":0,"dataAccessControl":null},{"objectType":1,"objectName":"API_Branch_Edit_InstructorType","modelName":"627184178f08bf10ebb6f128","permission":0,"dataAccessControl":null},{"objectType":1,"objectName":"API_Branch_Edit_LogicModelTemplate","modelName":"645cee8d8f08984919315402","permission":0,"dataAccessControl":null},{"objectType":1,"objectName":"API_Branch_Edit_Marketplace","modelName":"63656f6b8f08128776b101d8","permission":0,"dataAccessControl":null},{"objectType":1,"objectName":"API_Branch_Edit_Page","modelName":"60aea0418f0852da1b6ef28b","permission":0,"dataAccessControl":null},{"objectType":1,"objectName":"API_Branch_Edit_ProgramStatus","modelName":"6529b1f78f089858b73da3c1","permission":0,"dataAccessControl":null},{"objectType":1,"objectName":"API_Branch_Edit_RolePreset","modelName":"645a9acf8f08984919314e19","permission":0,"dataAccessControl":null},{"objectType":1,"objectName":"API_Branch_Edit_Styles","modelName":"60aea04d8f0852da1b6ef29b","permission":0,"dataAccessControl":null},{"objectType":1,"objectName":"API_Branch_Edit_Sys_TenantConfig","modelName":"65a050448f08a41fc100ef51","permission":0,"dataAccessControl":null},{"objectType":1,"objectName":"API_Branch_Edit_TranscriptSetting","modelName":"6508629a8f089858b73d7ad1","permission":0,"dataAccessControl":null},{"objectType":1,"objectName":"API_Branch_Edit_TransferSchool","modelName":"640f78fa8f08626672a7a2b7","permission":0,"dataAccessControl":null},{"objectType":1,"objectName":"API_Branch_Edit_URL","modelName":"60ba4dfc8f086700a0a8c0bb","permission":0,"dataAccessControl":null},{"objectType":1,"objectName":"API_Branch_Edit_UserTag","modelName":"625f5d358f08bf10ebb6d812","permission":0,"dataAccessControl":null},{"objectType":1,"objectName":"API_Branch_Get_AcademicStatuses","modelName":"641a3caf8f08626672a7c229","permission":0,"dataAccessControl":null},{"objectType":1,"objectName":"API_Branch_Get_AcademicStatuses","modelName":"641a3caf8f08626672a7c229","permission":0,"dataAccessControl":null},{"objectType":1,"objectName":"API_Branch_Get_Badge","modelName":"66202d798f083a303e9cf035","permission":0,"dataAccessControl":null},{"objectType":1,"objectName":"API_Branch_Get_Badges","modelName":"662014008f083a303e9cefd9","permission":0,"dataAccessControl":null},{"objectType":1,"objectName":"API_Branch_Get_Branch","modelName":"60aea0688f0852da1b6ef2b7","permission":0,"dataAccessControl":null},{"objectType":1,"objectName":"API_Branch_Get_Branches","modelName":"66f2ede22a7a96224a53ffc3","permission":0,"dataAccessControl":null},{"objectType":1,"objectName":"API_Branch_Get_BranchSA","modelName":"65df7e108f0887c2fc6fa233","permission":0,"dataAccessControl":null},{"objectType":1,"objectName":"API_Branch_Get_CategoriesCourseManager","modelName":"669962068f08a4e2cc0b83e0","permission":0,"dataAccessControl":null},{"objectType":1,"objectName":"API_Branch_Get_Category","modelName":"60ba544f8f086700a0a8c1a3","permission":0,"dataAccessControl":null},{"objectType":1,"objectName":"API_Branch_Get_CustomFields","modelName":"63e288388f08816ab3c44d59","permission":0,"dataAccessControl":null},{"objectType":1,"objectName":"API_Branch_Get_DegreeLevels","modelName":"641a3cf88f08626672a7c233","permission":0,"dataAccessControl":null},{"objectType":1,"objectName":"API_Branch_Get_GPA_Calc","modelName":"63c849dd8f08ae70b13c255b","permission":0,"dataAccessControl":null},{"objectType":1,"objectName":"API_Branch_Get_Homepage","modelName":"60aea0758f0852da1b6ef2ca","permission":0,"dataAccessControl":null},{"objectType":1,"objectName":"API_Branch_Get_InstructorRanks","modelName":"6271833e8f08bf10ebb6f10d","permission":0,"dataAccessControl":null},{"objectType":1,"objectName":"API_Branch_Get_InstructorTypes","modelName":"627183508f08bf10ebb6f112","permission":0,"dataAccessControl":null},{"objectType":1,"objectName":"API_Branch_Get_LogicModelTemplates","modelName":"645bdc2c8f0898491931531a","permission":0,"dataAccessControl":null},{"objectType":1,"objectName":"API_Branch_Get_Marketplace","modelName":"635949f88f0854ad71c02cd5","permission":0,"dataAccessControl":null},{"objectType":1,"objectName":"API_Branch_Get_Marketplaces","modelName":"63657b4d8f08128776b10309","permission":0,"dataAccessControl":null},{"objectType":1,"objectName":"API_Branch_Get_Page","modelName":"60ca26fd8f08954fd02551ad","permission":0,"dataAccessControl":null},{"objectType":1,"objectName":"API_Branch_Get_Pages","modelName":"60aea2138f0852da1b6ef350","permission":0,"dataAccessControl":null},{"objectType":1,"objectName":"API_Branch_Get_ProgramStatuses","modelName":"651c87098f089858b73d8dec","permission":0,"dataAccessControl":null},{"objectType":1,"objectName":"API_Branch_Get_RolePreset","modelName":"646cd6af8f0895f70f2d9e52","permission":0,"dataAccessControl":null},{"objectType":1,"objectName":"API_Branch_Get_RolePresets","modelName":"645a9b478f08984919314e21","permission":0,"dataAccessControl":null},{"objectType":1,"objectName":"API_Branch_Get_Styles","modelName":"66f2eac32a7a96224a53ff8f","permission":0,"dataAccessControl":null},{"objectType":1,"objectName":"API_Branch_Get_Style_Preload","modelName":"60aea0838f0852da1b6ef2da","permission":0,"dataAccessControl":null},{"objectType":1,"objectName":"API_Branch_Get_Sys_TenantConfig","modelName":"659ed5da8f08b99f5b29672c","permission":0,"dataAccessControl":null},{"objectType":1,"objectName":"API_Branch_Get_TagsForAdmin","modelName":"626b05318f08bf10ebb6e79c","permission":0,"dataAccessControl":null},{"objectType":1,"objectName":"API_Branch_Get_TagsForUser","modelName":"626c135e8f08bf10ebb6e996","permission":0,"dataAccessControl":null},{"objectType":1,"objectName":"API_Branch_Get_TranscriptSettings","modelName":"650863148f089858b73d7adf","permission":0,"dataAccessControl":null},{"objectType":1,"objectName":"API_Branch_Get_TransferSchools","modelName":"6400c3b28f083114c8f5ddb1","permission":0,"dataAccessControl":null},{"objectType":1,"objectName":"API_Branch_Get_TransferSchoolsYears","modelName":"640f81d88f08626672a7a3d0","permission":0,"dataAccessControl":null},{"objectType":1,"objectName":"API_Branch_Get_URL","modelName":"60b92b2d8f086700a0a8bd4a","permission":0,"dataAccessControl":null},{"objectType":1,"objectName":"API_Branch_Get_URLs","modelName":"6356fdd18f0854ad71c02828","permission":0,"dataAccessControl":null},{"objectType":1,"objectName":"API_Branch_Get_UserTagDetails","modelName":"625f61308f08bf10ebb6d86a","permission":0,"dataAccessControl":null},{"objectType":1,"objectName":"API_Branch_Get_UserTags","modelName":"625f56f88f08bf10ebb6d751","permission":0,"dataAccessControl":null},{"objectType":1,"objectName":"API_Branch_Search_Branches","modelName":"66f47a182a7a96224a540e44","permission":0,"dataAccessControl":null},{"objectType":1,"objectName":"API_ContentVault_Add_Vault","modelName":"630e5b868f08950c8c1a4c37","permission":0,"dataAccessControl":null},{"objectType":1,"objectName":"API_ContentVault_Delete_Vault","modelName":"5f47f79e8f0814ff0a917584","permission":0,"dataAccessControl":null},{"objectType":1,"objectName":"API_ContentVault_Edit_Vault","modelName":"5f47f79e8f0814ff0a917583","permission":0,"dataAccessControl":null},{"objectType":1,"objectName":"API_ContentVault_Get_Vault","modelName":"5f47f79e8f0814ff0a917582","permission":0,"dataAccessControl":null},{"objectType":1,"objectName":"API_CourseContent_Add_AIQuestionsModule","modelName":"664d0c7a8f08144d3d67b41e","permission":0,"dataAccessControl":null},{"objectType":1,"objectName":"API_CourseContent_Add_AIQuestionsSection","modelName":"664e4bc48f08144d3d67b99c","permission":0,"dataAccessControl":null},{"objectType":1,"objectName":"API_CourseContent_Add_Module","modelName":"603ec6068f0861d715fd3187","permission":0,"dataAccessControl":null},{"objectType":1,"objectName":"API_CourseContent_Add_Objective","modelName":"603ec6208f0861d715fd31a2","permission":0,"dataAccessControl":null},{"objectType":1,"objectName":"API_CourseContent_Add_Question_Module","modelName":"665103ad8f08bdb80fbb5777","permission":0,"dataAccessControl":null},{"objectType":1,"objectName":"API_CourseContent_Add_Section","modelName":"603ec5ea8f0861d715fd3174","permission":0,"dataAccessControl":null},{"objectType":1,"objectName":"API_CourseContent_Delete","modelName":"5f47f79e8f0814ff0a91757a","permission":0,"dataAccessControl":null},{"objectType":1,"objectName":"API_CourseContent_Delete_Question_Module","modelName":"66d754978f087bd71df4a7c4","permission":0,"dataAccessControl":null},{"objectType":1,"objectName":"API_CourseContent_Edit","modelName":"5f47f79e8f0814ff0a917579","permission":0,"dataAccessControl":null},{"objectType":1,"objectName":"API_CourseContent_Get_AllObjectives","modelName":"603ec2328f0861d715fd3026","permission":0,"dataAccessControl":null},{"objectType":1,"objectName":"API_CourseContent_Get_Builder","modelName":"603ec2d08f0861d715fd30a9","permission":0,"dataAccessControl":null},{"objectType":1,"objectName":"API_CourseContent_Get_Objective","modelName":"603ec2618f0861d715fd3056","permission":0,"dataAccessControl":null},{"objectType":1,"objectName":"API_CourseContent_Get_Viewer","modelName":"603ec3058f0861d715fd30e0","permission":0,"dataAccessControl":null},{"objectType":1,"objectName":"API_CourseContent_History","modelName":"5f47f79e8f0814ff0a917586","permission":0,"dataAccessControl":null},{"objectType":1,"objectName":"API_CourseContent_Lock","modelName":"5f47f79e8f0814ff0a91757d","permission":0,"dataAccessControl":null},{"objectType":1,"objectName":"API_CourseContent_Search","modelName":"602c30288f08ee97f320fab1","permission":0,"dataAccessControl":null},{"objectType":1,"objectName":"API_CourseContent_Sort","modelName":"5f47f79e8f0814ff0a91757c","permission":0,"dataAccessControl":null},{"objectType":1,"objectName":"API_Course_Add","modelName":"5f57c6128f0872ab96c0076b","permission":0,"dataAccessControl":null},{"objectType":1,"objectName":"API_Course_Add_Categories","modelName":"61e9d1098f087292d3da5439","permission":0,"dataAccessControl":null},{"objectType":1,"objectName":"API_Course_Add_GpaCalculation","modelName":"64078f0a8f083114c8f5e562","permission":0,"dataAccessControl":null},{"objectType":1,"objectName":"API_Course_Delete","modelName":"60467a728f0861d715fd403e","permission":0,"dataAccessControl":null},{"objectType":1,"objectName":"API_Course_Delete_Categories","modelName":"61f02aa08f08813392861202","permission":0,"dataAccessControl":null},{"objectType":1,"objectName":"API_Course_Duplicate","modelName":"606478ac8f0800820d2f1a77","permission":0,"dataAccessControl":null},{"objectType":1,"objectName":"API_Course_Get","modelName":"5f47f79e8f0814ff0a9175b8","permission":0,"dataAccessControl":null},{"objectType":1,"objectName":"API_Course_Get_AssignmentData","modelName":"60898c1f8f086cee67309bd6","permission":0,"dataAccessControl":null},{"objectType":1,"objectName":"API_Course_Get_AssignmentDataModules","modelName":"60917f618f0870cf3695c0ea","permission":0,"dataAccessControl":null},{"objectType":1,"objectName":"API_Course_Get_AssignmentDataSections","modelName":"6091767f8f0870cf3695c02d","permission":0,"dataAccessControl":null},{"objectType":1,"objectName":"API_Course_Get_Categories","modelName":"61f0291e8f088133928611d6","permission":0,"dataAccessControl":null},{"objectType":1,"objectName":"API_Course_Get_Course","modelName":"61f985918f0881339286186d","permission":0,"dataAccessControl":null},{"objectType":1,"objectName":"API_Course_Get_CourseForBuilder","modelName":"61f996868f088133928618c5","permission":0,"dataAccessControl":null},{"objectType":1,"objectName":"API_Course_Get_Courses","modelName":"61f9601a8f08813392861806","permission":0,"dataAccessControl":null},{"objectType":1,"objectName":"API_Course_Get_CoursesByCategory","modelName":"61f85b8c8f08813392861757","permission":0,"dataAccessControl":null},{"objectType":1,"objectName":"API_Course_Get_DashboardData","modelName":"6058c2c28f0800820d2efc7b","permission":0,"dataAccessControl":null},{"objectType":1,"objectName":"API_Course_Get_GpaCalculation","modelName":"640794fc8f083114c8f5e599","permission":0,"dataAccessControl":null},{"objectType":1,"objectName":"API_Course_Get_History","modelName":"6089ba518f086cee67309cf9","permission":0,"dataAccessControl":null},{"objectType":1,"objectName":"API_Course_Get_NewEnroll","modelName":"5fecb3c58f0812e96d3e5f14","permission":0,"dataAccessControl":null},{"objectType":1,"objectName":"API_Course_Get_Scheduled_Courses","modelName":"6050d7a08f0800820d2ee9de","permission":0,"dataAccessControl":null},{"objectType":1,"objectName":"API_Course_Translate","modelName":"607741528f08c245e75c63c9","permission":0,"dataAccessControl":null},{"objectType":1,"objectName":"API_Discussion_Add","modelName":"60185f128f08e7114da15eab","permission":0,"dataAccessControl":null},{"objectType":1,"objectName":"API_Discussion_Add_DirectMessage","modelName":"6234d0828f08d0c053101d60","permission":0,"dataAccessControl":null},{"objectType":1,"objectName":"API_Discussion_Add_DirectMessageReply","modelName":"623b6a5e8f08d0c05310233e","permission":0,"dataAccessControl":null},{"objectType":1,"objectName":"API_Discussion_Get","modelName":"6018616e8f08e7114da15eb8","permission":0,"dataAccessControl":null},{"objectType":1,"objectName":"API_Discussion_Search","modelName":"60ba48668f086700a0a8c077","permission":0,"dataAccessControl":null},{"objectType":1,"objectName":"API_Discussion_Search_Users","modelName":"6234b0af8f08d0c053101b4a","permission":0,"dataAccessControl":null},{"objectType":1,"objectName":"API_Instructor_Add_History","modelName":"62718a1a8f08bf10ebb6f16a","permission":0,"dataAccessControl":null},{"objectType":1,"objectName":"API_Instructor_Add_Info","modelName":"62729ac28f08bf10ebb6f193","permission":0,"dataAccessControl":null},{"objectType":1,"objectName":"API_Instructor_Delete_History","modelName":"62729a0a8f08bf10ebb6f183","permission":0,"dataAccessControl":null},{"objectType":1,"objectName":"API_Instructor_Delete_Info","modelName":"62729aeb8f08bf10ebb6f198","permission":0,"dataAccessControl":null},{"objectType":1,"objectName":"API_Instructor_Edit_History","modelName":"62729a1c8f08bf10ebb6f187","permission":0,"dataAccessControl":null},{"objectType":1,"objectName":"API_Instructor_Edit_Info","modelName":"62729afb8f08bf10ebb6f19d","permission":0,"dataAccessControl":null},{"objectType":1,"objectName":"API_Instructor_Get_Courses","modelName":"66ec94e32a7a96224a53daa5","permission":0,"dataAccessControl":null},{"objectType":1,"objectName":"API_Instructor_Get_History","modelName":"627189d78f08bf10ebb6f165","permission":0,"dataAccessControl":null},{"objectType":1,"objectName":"API_Instructor_Get_Info","modelName":"62729b0e8f08bf10ebb6f1a2","permission":0,"dataAccessControl":null},{"objectType":1,"objectName":"API_LogicModel_Add_Model","modelName":"645e65408f08984919315fd5","permission":0,"dataAccessControl":null},{"objectType":1,"objectName":"API_LogicModel_Add_ModelTag","modelName":"6495aa788f0866eda1571362","permission":0,"dataAccessControl":null},{"objectType":1,"objectName":"API_LogicModel_Add_Node","modelName":"645e85798f08984919316326","permission":0,"dataAccessControl":null},{"objectType":1,"objectName":"API_LogicModel_Add_NodeRelationship","modelName":"645e8b4b8f0898491931650d","permission":0,"dataAccessControl":null},{"objectType":1,"objectName":"API_LogicModel_Add_Report","modelName":"6491f9198f085e7c01beec7b","permission":0,"dataAccessControl":null},{"objectType":1,"objectName":"API_LogicModel_Delete_Model","modelName":"646382b68f08d11ba5d65c52","permission":0,"dataAccessControl":null},{"objectType":1,"objectName":"API_LogicModel_Delete_ModelTag","modelName":"6495ab2d8f0866eda1571387","permission":0,"dataAccessControl":null},{"objectType":1,"objectName":"API_LogicModel_Delete_Node","modelName":"64639bba8f08d11ba5d65dd3","permission":0,"dataAccessControl":null},{"objectType":1,"objectName":"API_LogicModel_Delete_NodeRelationship","modelName":"646384bb8f08d11ba5d65c7e","permission":0,"dataAccessControl":null},{"objectType":1,"objectName":"API_LogicModel_Delete_Reports","modelName":"649d9e458f084726da573c84","permission":0,"dataAccessControl":null},{"objectType":1,"objectName":"API_LogicModel_Duplicate","modelName":"6498cfb18f0866eda1572715","permission":0,"dataAccessControl":null},{"objectType":1,"objectName":"API_LogicModel_Edit_Model","modelName":"646283718f08d11ba5d65bc2","permission":0,"dataAccessControl":null},{"objectType":1,"objectName":"API_LogicModel_Edit_ModelUnlock","modelName":"649b50468f084726da572e1c","permission":0,"dataAccessControl":null},{"objectType":1,"objectName":"API_LogicModel_Edit_Node","modelName":"646285fc8f08d11ba5d65c00","permission":0,"dataAccessControl":null},{"objectType":1,"objectName":"API_LogicModel_Edit_Report","modelName":"6495ff418f0866eda1571c5f","permission":0,"dataAccessControl":null},{"objectType":1,"objectName":"API_LogicModel_Get_AdminModels","modelName":"6495e8188f0866eda15718a4","permission":0,"dataAccessControl":null},{"objectType":1,"objectName":"API_LogicModel_Get_CSV_Export","modelName":"649b27118f0866eda1573123","permission":0,"dataAccessControl":null},{"objectType":1,"objectName":"API_LogicModel_Get_Exported_Report","modelName":"655d315d8f08b38d7b61da93","permission":0,"dataAccessControl":null},{"objectType":1,"objectName":"API_LogicModel_Get_Model","modelName":"649b43fe8f084726da572bba","permission":0,"dataAccessControl":null},{"objectType":1,"objectName":"API_LogicModel_Get_ModelNodes","modelName":"64624b368f08984919316a86","permission":0,"dataAccessControl":null},{"objectType":1,"objectName":"API_LogicModel_Get_Models","modelName":"645e6ed08f08984919316194","permission":0,"dataAccessControl":null},{"objectType":1,"objectName":"API_LogicModel_Get_Nodes","modelName":"645e72798f08984919316242","permission":0,"dataAccessControl":null},{"objectType":1,"objectName":"API_LogicModel_Get_PotentialChildNodes","modelName":"6463ae908f08d11ba5d66214","permission":0,"dataAccessControl":null},{"objectType":1,"objectName":"API_LogicModel_Get_PotentialParentNodes","modelName":"6463a8ff8f08d11ba5d6603e","permission":0,"dataAccessControl":null},{"objectType":1,"objectName":"API_LogicModel_Get_Preview_PDF","modelName":"649b70198f084726da57306a","permission":0,"dataAccessControl":null},{"objectType":1,"objectName":"API_LogicModel_Get_Reports","modelName":"6493520f8f085e7c01bef50a","permission":0,"dataAccessControl":null},{"objectType":1,"objectName":"API_LogicModel_Get_Reports_Submitted","modelName":"649b3a9d8f0866eda15733e4","permission":0,"dataAccessControl":null},{"objectType":1,"objectName":"API_LogicModel_Get_Report_Export","modelName":"649ef64f8f084726da574d49","permission":0,"dataAccessControl":null},{"objectType":1,"objectName":"API_LogicModel_Get_Templates","modelName":"6493616f8f085e7c01bef6e4","permission":0,"dataAccessControl":null},{"objectType":1,"objectName":"API_Menu_Get","modelName":"60089b258f08e7114da142b7","permission":0,"dataAccessControl":null},{"objectType":1,"objectName":"API_News_Add","modelName":"5f47f79e8f0814ff0a9175ba","permission":0,"dataAccessControl":null},{"objectType":1,"objectName":"API_News_Delete","modelName":"5f47f79e8f0814ff0a9175bc","permission":0,"dataAccessControl":null},{"objectType":1,"objectName":"API_News_Edit","modelName":"5f47f79e8f0814ff0a9175bb","permission":0,"dataAccessControl":null},{"objectType":1,"objectName":"API_Notification_Add_Device","modelName":"62224d538f088793d28afb8c","permission":0,"dataAccessControl":null},{"objectType":1,"objectName":"API_Notification_Add_Notification","modelName":"622233378f088793d28af97f","permission":0,"dataAccessControl":null},{"objectType":1,"objectName":"API_Notification_Get_Device","modelName":"62224fe98f088793d28afbc3","permission":0,"dataAccessControl":null},{"objectType":1,"objectName":"API_Notification_Send_Notification","modelName":"62222c868f088793d28af905","permission":0,"dataAccessControl":null},{"objectType":1,"objectName":"API_Notification_Send_Notification_System","modelName":"6222432f8f088793d28afa85","permission":0,"dataAccessControl":null},{"objectType":1,"objectName":"API_Populi_Persons_To_Users","modelName":"6628740d8f083a303e9d05c6","permission":0,"dataAccessControl":null},{"objectType":1,"objectName":"API_Program_Add","modelName":"605b4b3f8f0800820d2f0371","permission":0,"dataAccessControl":null},{"objectType":1,"objectName":"API_Program_Delete","modelName":"605b4b698f0800820d2f037d","permission":0,"dataAccessControl":null},{"objectType":1,"objectName":"API_Program_Duplicate_Program","modelName":"642d88bd8f08c677bd7dab70","permission":0,"dataAccessControl":null},{"objectType":1,"objectName":"API_Program_Edit","modelName":"605b4b508f0800820d2f0375","permission":0,"dataAccessControl":null},{"objectType":1,"objectName":"API_Program_Enroll_Search_Model","modelName":"628403ed8f08bf10ebb702e1","permission":0,"dataAccessControl":null},{"objectType":1,"objectName":"API_Program_Get","modelName":"605b4b5d8f0800820d2f0379","permission":0,"dataAccessControl":null},{"objectType":1,"objectName":"API_Report_Add_Report","modelName":"66d219668f087bd71df4a0fe","permission":0,"dataAccessControl":null},{"objectType":1,"objectName":"API_Report_Delete_Report","modelName":"66d23c228f087bd71df4a4d7","permission":0,"dataAccessControl":null},{"objectType":1,"objectName":"API_Report_Edit_Report","modelName":"66d219668f087bd71df4a0ff","permission":0,"dataAccessControl":null},{"objectType":1,"objectName":"API_Report_Get_LogicModelReport","modelName":"64dbdb3d8f0848f043623226","permission":0,"dataAccessControl":null},{"objectType":1,"objectName":"API_Report_Get_Report","modelName":"66d219668f087bd71df4a101","permission":0,"dataAccessControl":null},{"objectType":1,"objectName":"API_Report_Get_Reports","modelName":"66d219668f087bd71df4a100","permission":0,"dataAccessControl":null},{"objectType":1,"objectName":"API_Store_Add","modelName":"5f91b6d38f08eee59b0a4887","permission":0,"dataAccessControl":null},{"objectType":1,"objectName":"API_Store_Add_Discount","modelName":"642c7dd78f08c677bd7da6df","permission":0,"dataAccessControl":null},{"objectType":1,"objectName":"API_Store_Add_DiscountBatch","modelName":"6447dbd18f082e05d2d07499","permission":0,"dataAccessControl":null},{"objectType":1,"objectName":"API_Store_Add_DiscountCode","modelName":"6447e4c38f082e05d2d0755d","permission":0,"dataAccessControl":null},{"objectType":1,"objectName":"API_Store_Add_Inventory_Category","modelName":"65371f9f8f089858b73db289","permission":0,"dataAccessControl":null},{"objectType":1,"objectName":"API_Store_Add_Physical_Item","modelName":"64d3ed978f0848f043622b8c","permission":0,"dataAccessControl":null},{"objectType":1,"objectName":"API_Store_Add_ProductInventory","modelName":"60e877be8f08542a275e9c35","permission":0,"dataAccessControl":null},{"objectType":1,"objectName":"API_Store_Add_Shipping_Carrier","modelName":"647f85158f085e7c01be9a0f","permission":0,"dataAccessControl":null},{"objectType":1,"objectName":"API_Store_Add_Shipping_Countries","modelName":"6480f17e8f085e7c01bea993","permission":0,"dataAccessControl":null},{"objectType":1,"objectName":"API_Store_Add_TuitionFees","modelName":"60c10dba8f086700a0a8dbac","permission":0,"dataAccessControl":null},{"objectType":1,"objectName":"API_Store_Calculate_InventoryPrice","modelName":"60ca53b78f08954fd02554b4","permission":0,"dataAccessControl":null},{"objectType":1,"objectName":"API_Store_Delete","modelName":"5f971c968f08eee59b0a49fe","permission":0,"dataAccessControl":null},{"objectType":1,"objectName":"API_Store_Delete_Discount","modelName":"642c810d8f08c677bd7da75b","permission":0,"dataAccessControl":null},{"objectType":1,"objectName":"API_Store_Delete_Inventory_Category","modelName":"653806298f089858b73db47f","permission":0,"dataAccessControl":null},{"objectType":1,"objectName":"API_Store_Delete_ProductInventory","modelName":"60e877f28f08542a275e9c53","permission":0,"dataAccessControl":null},{"objectType":1,"objectName":"API_Store_Delete_ShipCarrier","modelName":"647fb75e8f085e7c01be9d86","permission":0,"dataAccessControl":null},{"objectType":1,"objectName":"API_Store_Delete_TuitionFees","modelName":"60c1185a8f086700a0a8dc84","permission":0,"dataAccessControl":null},{"objectType":1,"objectName":"API_Store_Edit","modelName":"5f971c8d8f08eee59b0a49fa","permission":0,"dataAccessControl":null},{"objectType":1,"objectName":"API_Store_Edit_ApplyDiscount","modelName":"64511ff18f08df7abb7fdfe6","permission":0,"dataAccessControl":null},{"objectType":1,"objectName":"API_Store_Edit_Discount","modelName":"642c7fd68f08c677bd7da720","permission":0,"dataAccessControl":null},{"objectType":1,"objectName":"API_Store_Edit_DiscountBatch","modelName":"644a89b28f08df7abb7fbc0c","permission":0,"dataAccessControl":null},{"objectType":1,"objectName":"API_Store_Edit_DiscountCode","modelName":"644a89be8f08df7abb7fbc14","permission":0,"dataAccessControl":null},{"objectType":1,"objectName":"API_Store_Edit_PauseDiscountBatch","modelName":"646636548f0895f70f2d97c6","permission":0,"dataAccessControl":null},{"objectType":1,"objectName":"API_Store_Edit_Ship_Carriers","modelName":"64809be38f085e7c01be9fc3","permission":0,"dataAccessControl":null},{"objectType":1,"objectName":"API_Store_Edit_TuitionFees","modelName":"60c116218f086700a0a8dc18","permission":0,"dataAccessControl":null},{"objectType":1,"objectName":"API_Store_Get_DigitalFile","modelName":"653192638f089858b73dad3e","permission":0,"dataAccessControl":null},{"objectType":1,"objectName":"API_Store_Get_DiscountBatchCSV","modelName":"645d3f5c8f08984919315a6b","permission":0,"dataAccessControl":null},{"objectType":1,"objectName":"API_Store_Get_DiscountBatches","modelName":"643eb53a8f087771031687ab","permission":0,"dataAccessControl":null},{"objectType":1,"objectName":"API_Store_Get_DiscountCodes","modelName":"643eb62b8f087771031687bb","permission":0,"dataAccessControl":null},{"objectType":1,"objectName":"API_Store_Get_Discounts","modelName":"642c779e8f08c677bd7da69e","permission":0,"dataAccessControl":null},{"objectType":1,"objectName":"API_Store_Get_Discount_Code_Eligibility","modelName":"643ebedc8f08777103168867","permission":0,"dataAccessControl":null},{"objectType":1,"objectName":"API_Store_Get_InventoryFee","modelName":"60ca47968f08954fd0255314","permission":0,"dataAccessControl":null},{"objectType":1,"objectName":"API_Store_Get_InventoryItem","modelName":"620c3fd88f08460232f70a64","permission":0,"dataAccessControl":null},{"objectType":1,"objectName":"API_Store_Get_InventoryItemForCourseBuilder","modelName":"60c9646c8f08954fd0254e3a","permission":0,"dataAccessControl":null},{"objectType":1,"objectName":"API_Store_Get_InventoryList","modelName":"5fc55f298f0812e96d3e351d","permission":0,"dataAccessControl":null},{"objectType":1,"objectName":"API_Store_Get_InventoryProductSearch","modelName":"60c958508f08954fd0254d0a","permission":0,"dataAccessControl":null},{"objectType":1,"objectName":"API_Store_Get_Inventory_Categories","modelName":"6537c93b8f089858b73db2d1","permission":0,"dataAccessControl":null},{"objectType":1,"objectName":"API_Store_Get_MarketplaceProducts","modelName":"636be9008f08128776b10ae6","permission":0,"dataAccessControl":null},{"objectType":1,"objectName":"API_Store_Get_Products_List","modelName":"653937188f08ed7c50e8fbdf","permission":0,"dataAccessControl":null},{"objectType":1,"objectName":"API_Store_Get_Store_ShippingCarriers","modelName":"647f906b8f085e7c01be9aa6","permission":0,"dataAccessControl":null},{"objectType":1,"objectName":"API_Store_Get_Store_ShippingCarriers_List","modelName":"648a24948f085e7c01bed342","permission":0,"dataAccessControl":null},{"objectType":1,"objectName":"API_Store_Get_Store_ShippingCountries","modelName":"6480e94a8f085e7c01bea93e","permission":0,"dataAccessControl":null},{"objectType":1,"objectName":"API_Store_Get_Store_ShippingCountries_List","modelName":"6488fd5e8f085e7c01becd25","permission":0,"dataAccessControl":null},{"objectType":1,"objectName":"API_Store_Get_TuitionFees","modelName":"60c1173f8f086700a0a8dc4c","permission":0,"dataAccessControl":null},{"objectType":1,"objectName":"API_Store_Get_TuitionFees","modelName":"60c1173f8f086700a0a8dc4c","permission":0,"dataAccessControl":null},{"objectType":1,"objectName":"API_Student_Add","modelName":"5f6a20c08f082b9cdc659a8b","permission":0,"dataAccessControl":null},{"objectType":1,"objectName":"API_Student_Add_AssessmentTaken","modelName":"64cbc4f68f08f630fc9f1d0f","permission":0,"dataAccessControl":null},{"objectType":1,"objectName":"API_Student_Add_CourseEnrollmentSimple","modelName":"640649778f083114c8f5e21c","permission":0,"dataAccessControl":null},{"objectType":1,"objectName":"API_Student_Add_CourseHistory","modelName":"6324c9cc8f08950c8c1a60cd","permission":0,"dataAccessControl":null},{"objectType":1,"objectName":"API_Student_Add_Enrollment_Import","modelName":"667478738f08bdb80fbb7700","permission":0,"dataAccessControl":null},{"objectType":1,"objectName":"API_Student_Add_GPACalculation","modelName":"6407d9948f083114c8f5e853","permission":0,"dataAccessControl":null},{"objectType":1,"objectName":"API_Student_Add_History","modelName":"6329e69e8f0833b5059f51ea","permission":0,"dataAccessControl":null},{"objectType":1,"objectName":"API_Student_Add_ProgramProgress","modelName":"6303d10a8f08950c8c1a445d","permission":0,"dataAccessControl":null},{"objectType":1,"objectName":"API_Student_Calculate_CourseGrade","modelName":"60c764228f086700a0a8e754","permission":0,"dataAccessControl":null},{"objectType":1,"objectName":"API_Student_Calculate_Course_Progress","modelName":"604944ae8f0861d715fd4a13","permission":0,"dataAccessControl":null},{"objectType":1,"objectName":"API_Student_Calculate_Course_Progress_Graph","modelName":"603007518f08ee97f321064c","permission":0,"dataAccessControl":null},{"objectType":1,"objectName":"API_Student_Calculate_ProgramProgress","modelName":"6272a3878f08bf10ebb6f25d","permission":0,"dataAccessControl":null},{"objectType":1,"objectName":"API_Student_Calculate_ProgramProgress_Chris","modelName":"6303ec3f8f08950c8c1a453a","permission":0,"dataAccessControl":null},{"objectType":1,"objectName":"API_Student_Calculate_ProgramProgress_CourseMove","modelName":"636180188f0854ad71c03c97","permission":0,"dataAccessControl":null},{"objectType":1,"objectName":"API_Student_Calculate_ProgramProgress_Get_EligibleEnrollments","modelName":"659587398f08f74797c82b1e","permission":0,"dataAccessControl":null},{"objectType":1,"objectName":"API_Student_Delete_Enrollment","modelName":"60f1e1438f0820d8ee8cf528","permission":0,"dataAccessControl":null},{"objectType":1,"objectName":"API_Student_Delete_History","modelName":"632b25a18f0837bab3c760e1","permission":0,"dataAccessControl":null},{"objectType":1,"objectName":"API_Student_Delete_History_Course","modelName":"634f38b78f0854ad71c02249","permission":0,"dataAccessControl":null},{"objectType":1,"objectName":"API_Student_Delete_Program_Enrollment","modelName":"6272c7ee8f08bf10ebb6f498","permission":0,"dataAccessControl":null},{"objectType":1,"objectName":"API_Student_Edit_AssessmentTaken","modelName":"64c92fae8f083175ea832426","permission":0,"dataAccessControl":null},{"objectType":1,"objectName":"API_Student_Edit_CourseEnrollment","modelName":"662a5da38f083a303e9d0ab9","permission":0,"dataAccessControl":null},{"objectType":1,"objectName":"API_Student_Edit_CourseProgress","modelName":"663bbf438f08c2c112f5352a","permission":0,"dataAccessControl":null},{"objectType":1,"objectName":"API_Student_Edit_CustomFields","modelName":"63f8dd668f083114c8f5d778","permission":0,"dataAccessControl":null},{"objectType":1,"objectName":"API_Student_Edit_History","modelName":"6349bf3e8f0854ad71c01600","permission":0,"dataAccessControl":null},{"objectType":1,"objectName":"API_Student_Edit_History_Course","modelName":"634f337d8f0854ad71c0220b","permission":0,"dataAccessControl":null},{"objectType":1,"objectName":"API_Student_Edit_ProgramEnrollment","modelName":"6524653a8f089858b73d9d09","permission":0,"dataAccessControl":null},{"objectType":1,"objectName":"API_Student_Edit_ProgramProgress","modelName":"631b48408f08950c8c1a57a0","permission":0,"dataAccessControl":null},{"objectType":1,"objectName":"API_Student_Edit_ProgramProgress_Publish","modelName":"636e872b8f08128776b11749","permission":0,"dataAccessControl":null},{"objectType":1,"objectName":"API_Student_Get_CourseActivity","modelName":"60490cfd8f0861d715fd4732","permission":0,"dataAccessControl":null},{"objectType":1,"objectName":"API_Student_Get_CourseHistory","modelName":"6324d6238f08950c8c1a612e","permission":0,"dataAccessControl":null},{"objectType":1,"objectName":"API_Student_Get_Courses","modelName":"6410d20d8f08626672a7a7ce","permission":0,"dataAccessControl":null},{"objectType":1,"objectName":"API_Student_Get_CustomFields","modelName":"63f639d48f083114c8f5d620","permission":0,"dataAccessControl":null},{"objectType":1,"objectName":"API_Student_Get_Enroll_List","modelName":"6679928c8f08bdb80fbb80a2","permission":0,"dataAccessControl":null},{"objectType":1,"objectName":"API_Student_Get_GPA","modelName":"640894578f083114c8f5e987","permission":0,"dataAccessControl":null},{"objectType":1,"objectName":"API_Student_Get_GPA_Groupings","modelName":"64e4de648f0848f0436236d4","permission":0,"dataAccessControl":null},{"objectType":1,"objectName":"API_Student_Get_History","modelName":"6329e6ba8f0833b5059f51f2","permission":0,"dataAccessControl":null},{"objectType":1,"objectName":"API_Student_Get_LatestCourse","modelName":"6410d0bc8f08626672a7a77a","permission":0,"dataAccessControl":null},{"objectType":1,"objectName":"API_Student_Get_NextContent","modelName":"5f47f79e8f0814ff0a917592","permission":0,"dataAccessControl":null},{"objectType":1,"objectName":"API_Student_Get_NextContent","modelName":"5f47f79e8f0814ff0a917592","permission":0,"dataAccessControl":null},{"objectType":1,"objectName":"API_Student_Get_ProgramProgress","modelName":"62ffbb858f08be2a050a835a","permission":0,"dataAccessControl":null},{"objectType":1,"objectName":"API_Student_Get_Programs","modelName":"6266dcdd8f08bf10ebb6dec3","permission":0,"dataAccessControl":null},{"objectType":1,"objectName":"API_Student_Get_Transcript_2","modelName":"64c299168f083175ea831abf","permission":0,"dataAccessControl":null},{"objectType":1,"objectName":"API_Student_Get_Transcript_PDF","modelName":"645530d78f08df7abb7ffa52","permission":0,"dataAccessControl":null},{"objectType":1,"objectName":"API_Tenant_Execute_Integration_Job","modelName":"662871e68f083a303e9d054f","permission":0,"dataAccessControl":null},{"objectType":1,"objectName":"API_Tenant_Get_DataModel(Singular)","modelName":"66cf484c8f087bd71df49379","permission":0,"dataAccessControl":null},{"objectType":1,"objectName":"API_Tenant_Get_DataModels","modelName":"65fafe808f081476aa3f818c","permission":0,"dataAccessControl":null},{"objectType":1,"objectName":"API_Tenant_Get_Integration","modelName":"66283b788f083a303e9d0230","permission":0,"dataAccessControl":null},{"objectType":1,"objectName":"API_Tenant_Get_Integrations","modelName":"662864e48f083a303e9d03c1","permission":0,"dataAccessControl":null},{"objectType":1,"objectName":"API_Tenant_Get_Integration_Jobs","modelName":"66283c0a8f083a303e9d027f","permission":0,"dataAccessControl":null},{"objectType":1,"objectName":"API_Tenant_Get_NewIntegrations","modelName":"66282fa68f083a303e9d017e","permission":0,"dataAccessControl":null},{"objectType":1,"objectName":"API_User_Add_ClickLog","modelName":"63923f718f08ae70b13c145d","permission":0,"dataAccessControl":null},{"objectType":1,"objectName":"API_User_Add_CustomTransactionItem","modelName":"65de29e28f0887c2fc6f9bc3","permission":0,"dataAccessControl":null},{"objectType":1,"objectName":"API_User_Add_Import_User","modelName":"66733d268f08bdb80fbb737a","permission":0,"dataAccessControl":null},{"objectType":1,"objectName":"API_User_Add_PasswordLog","modelName":"669ebbee8f08a4e2cc0b9daa","permission":0,"dataAccessControl":null},{"objectType":1,"objectName":"API_User_Add_Permissions_Menu","modelName":"5f47f79e8f0814ff0a9175a7","permission":0,"dataAccessControl":null},{"objectType":1,"objectName":"API_User_Add_Permissions_Menu_All","modelName":"603918b48f0861d715fd2193","permission":0,"dataAccessControl":null},{"objectType":1,"objectName":"API_User_Add_Permissions_Menu_All","modelName":"603918b48f0861d715fd2193","permission":0,"dataAccessControl":null},{"objectType":1,"objectName":"API_User_Add_Permissions_Role","modelName":"5f47f79e8f0814ff0a9175a2","permission":0,"dataAccessControl":null},{"objectType":1,"objectName":"API_User_Add_Permissions_RolePreset","modelName":"645a9df18f08984919314e86","permission":0,"dataAccessControl":null},{"objectType":1,"objectName":"API_User_Add_Preferences","modelName":"622278098f088793d28afdea","permission":0,"dataAccessControl":null},{"objectType":1,"objectName":"API_User_Add_User","modelName":"5f47f79e8f0814ff0a917596","permission":0,"dataAccessControl":null},{"objectType":1,"objectName":"API_User_Add_UserURL","modelName":"63743d038f08128776b12433","permission":0,"dataAccessControl":null},{"objectType":1,"objectName":"API_User_Delete_Permissions_Menu","modelName":"60393e408f0861d715fd2327","permission":0,"dataAccessControl":null},{"objectType":1,"objectName":"API_User_Delete_Permissions_Menu_All","modelName":"60393b848f0861d715fd22d9","permission":0,"dataAccessControl":null},{"objectType":1,"objectName":"API_User_Delete_Permissions_Role","modelName":"5f47f79e8f0814ff0a9175a1","permission":0,"dataAccessControl":null},{"objectType":1,"objectName":"API_User_Edit","modelName":"5f47f79e8f0814ff0a917595","permission":0,"dataAccessControl":null},{"objectType":1,"objectName":"API_User_Edit_CustomFields","modelName":"641dacad8f082040bff77011","permission":0,"dataAccessControl":null},{"objectType":1,"objectName":"API_User_Edit_CustomTransactionItem","modelName":"6602fc208f083a303e9cd3d6","permission":0,"dataAccessControl":null},{"objectType":1,"objectName":"API_User_Edit_Notification","modelName":"62277c078f088793d28affe6","permission":0,"dataAccessControl":null},{"objectType":1,"objectName":"API_User_Edit_Notification_List","modelName":"624605bb8f0870537c81e6b4","permission":0,"dataAccessControl":null},{"objectType":1,"objectName":"API_User_Edit_Password","modelName":"669ebe848f08a4e2cc0b9db9","permission":0,"dataAccessControl":null},{"objectType":1,"objectName":"API_User_Edit_Payment_Transactions","modelName":"645018de8f08df7abb7fdb96","permission":0,"dataAccessControl":null},{"objectType":1,"objectName":"API_User_Edit_URL","modelName":"6345f93f8f0854ad71c010e5","permission":0,"dataAccessControl":null},{"objectType":1,"objectName":"API_User_Edit_URLApprove","modelName":"6389138a8f08318885b00411","permission":0,"dataAccessControl":null},{"objectType":1,"objectName":"API_User_Edit_URL_Deny","modelName":"638918b68f08318885b00450","permission":0,"dataAccessControl":null},{"objectType":1,"objectName":"API_User_Get_AdminsToTag","modelName":"626183d28f08bf10ebb6db1b","permission":0,"dataAccessControl":null},{"objectType":1,"objectName":"API_User_Get_AdminTags","modelName":"626ae2978f08bf10ebb6e5c5","permission":0,"dataAccessControl":null},{"objectType":1,"objectName":"API_User_Get_BranchPendingRefunds","modelName":"64ef96938f0848f0436240c6","permission":0,"dataAccessControl":null},{"objectType":1,"objectName":"API_User_Get_Menu_Permissions","modelName":"5f47f79e8f0814ff0a9175a3","permission":0,"dataAccessControl":null},{"objectType":1,"objectName":"API_User_Get_Notifications","modelName":"62222c378f088793d28af901","permission":0,"dataAccessControl":null},{"objectType":1,"objectName":"API_User_Get_NotificationsPast","modelName":"624744e28f0870537c81e9c2","permission":0,"dataAccessControl":null},{"objectType":1,"objectName":"API_User_Get_PasswordLog","modelName":"669ebb198f08a4e2cc0b9d8b","permission":0,"dataAccessControl":null},{"objectType":1,"objectName":"API_User_Get_PaymentTransactionPaymentUsed","modelName":"620d34288f08a258d7b88ba3","permission":0,"dataAccessControl":null},{"objectType":1,"objectName":"API_User_Get_PendingRefundTransaction","modelName":"64efa2f78f0848f043624150","permission":0,"dataAccessControl":null},{"objectType":1,"objectName":"API_User_Get_Permissions","modelName":"60e8a4b58f08542a275e9de2","permission":0,"dataAccessControl":null},{"objectType":1,"objectName":"API_User_Get_Preferences","modelName":"622270548f088793d28afd77","permission":0,"dataAccessControl":null},{"objectType":1,"objectName":"API_User_Get_Roles","modelName":"60e8a4908f08542a275e9dc1","permission":0,"dataAccessControl":null},{"objectType":1,"objectName":"API_User_Get_URLPermissions","modelName":"637ba1f38f08128776b12d5a","permission":0,"dataAccessControl":null},{"objectType":1,"objectName":"API_User_Get_User","modelName":"60e8a4668f08542a275e9da0","permission":0,"dataAccessControl":null},{"objectType":1,"objectName":"API_User_Get_UsersToTag","modelName":"6261868b8f08bf10ebb6db5b","permission":0,"dataAccessControl":null},{"objectType":1,"objectName":"API_User_Get_UserTags","modelName":"626c142f8f08bf10ebb6e9ab","permission":0,"dataAccessControl":null},{"objectType":1,"objectName":"API_User_Search_AllBranchUsers","modelName":"6329d9578f0833b5059f50b8","permission":0,"dataAccessControl":null},{"objectType":1,"objectName":"API_User_Search_CourseStudents","modelName":"6054bdf88f0800820d2ef8d6","permission":0,"dataAccessControl":null},{"objectType":1,"objectName":"API_User_Search_Instructors","modelName":"6329d7958f0833b5059f5063","permission":0,"dataAccessControl":null},{"objectType":1,"objectName":"API_User_Search_Paginated_UsersList","modelName":"64aecbad8f084726da5763f3","permission":0,"dataAccessControl":null},{"objectType":1,"objectName":"API_User_Search_PendingUsersList","modelName":"633dd60e8f0837bab3c783b1","permission":0,"dataAccessControl":null},{"objectType":1,"objectName":"API_User_Search_StudentList","modelName":"6329d6b18f0833b5059f4fd5","permission":0,"dataAccessControl":null},{"objectType":1,"objectName":"API_User_Search_UsersList","modelName":"6329d3358f0833b5059f4f82","permission":0,"dataAccessControl":null},{"objectType":1,"objectName":"Report_Builder_Get_Report_(Server)","modelName":"664779698f08b3f55401619a","permission":0,"dataAccessControl":null}]}]