[{"id":"66956b5e8f08df157b26ffd4","companyId":null,"createdDate":1721068382202,"updatedDate":1721068382202,"versionId":0,"referenceId":null,"systemStatus":null,"updatedByUserId":null,"updatedByUserName":null,"systemStatusText":null,"userTypes":null,"requirementIds":null,"name":"24-07-15--Single Factor Authentication","sourceReferenceId":null,"sourceReferenceAppId":null,"lockedByUserId":null,"lockedByUserName":null,"publicArtifact":false,"enableOffline":false,"locked":false,"canUnlock":false,"publishComment":null,"importantPublish":false,"appId":"5f47f6258f0814ff0a91755e","type":"fldr","parentId":"5f47f6258f0814ff0a91755e","childId":null},
{"id":"6697f49f8f08a4e2cc0b6d89","companyId":null,"createdDate":1721234591155,"updatedDate":1721234591155,"versionId":0,"referenceId":null,"systemStatus":null,"updatedByUserId":null,"updatedByUserName":null,"systemStatusText":null,"userTypes":null,"requirementIds":null,"name":null,"sourceReferenceId":null,"sourceReferenceAppId":null,"lockedByUserId":null,"lockedByUserName":null,"publicArtifact":false,"enableOffline":false,"locked":false,"canUnlock":false,"publishComment":null,"importantPublish":false,"appId":"5f47f6258f0814ff0a91755e","type":"wf","parentId":"66956b5e8f08df157b26ffd4","childId":"5f47f8728f0814ff0a91776d"},
{"id":"669819db8f08a4e2cc0b72cc","companyId":null,"createdDate":1721244123684,"updatedDate":1721244123684,"versionId":0,"referenceId":null,"systemStatus":null,"updatedByUserId":null,"updatedByUserName":null,"systemStatusText":null,"userTypes":null,"requirementIds":null,"name":null,"sourceReferenceId":null,"sourceReferenceAppId":null,"lockedByUserId":null,"lockedByUserName":null,"publicArtifact":false,"enableOffline":false,"locked":false,"canUnlock":false,"publishComment":null,"importantPublish":false,"appId":"5f47f6258f0814ff0a91755e","type":"wf","parentId":"66956b5e8f08df157b26ffd4","childId":"6697e4bb8f0867b5ca233ceb"},
{"id":"669819db8f08a4e2cc0b72cd","companyId":null,"createdDate":1721244123696,"updatedDate":1721244123696,"versionId":0,"referenceId":null,"systemStatus":null,"updatedByUserId":null,"updatedByUserName":null,"systemStatusText":null,"userTypes":null,"requirementIds":null,"name":null,"sourceReferenceId":null,"sourceReferenceAppId":null,"lockedByUserId":null,"lockedByUserName":null,"publicArtifact":false,"enableOffline":false,"locked":false,"canUnlock":false,"publishComment":null,"importantPublish":false,"appId":"5f47f6258f0814ff0a91755e","type":"wf","parentId":"66956b5e8f08df157b26ffd4","childId":"6697e8798f0867b5ca233dfc"},
{"id":"669819db8f08a4e2cc0b72ce","companyId":null,"createdDate":1721244123708,"updatedDate":1721244123708,"versionId":0,"referenceId":null,"systemStatus":null,"updatedByUserId":null,"updatedByUserName":null,"systemStatusText":null,"userTypes":null,"requirementIds":null,"name":null,"sourceReferenceId":null,"sourceReferenceAppId":null,"lockedByUserId":null,"lockedByUserName":null,"publicArtifact":false,"enableOffline":false,"locked":false,"canUnlock":false,"publishComment":null,"importantPublish":false,"appId":"5f47f6258f0814ff0a91755e","type":"wf","parentId":"66956b5e8f08df157b26ffd4","childId":"669802878f08a4e2cc0b71c8"},
{"id":"669819db8f08a4e2cc0b72cf","companyId":null,"createdDate":1721244123720,"updatedDate":1721244123720,"versionId":0,"referenceId":null,"systemStatus":null,"updatedByUserId":null,"updatedByUserName":null,"systemStatusText":null,"userTypes":null,"requirementIds":null,"name":null,"sourceReferenceId":null,"sourceReferenceAppId":null,"lockedByUserId":null,"lockedByUserName":null,"publicArtifact":false,"enableOffline":false,"locked":false,"canUnlock":false,"publishComment":null,"importantPublish":false,"appId":"5f47f6258f0814ff0a91755e","type":"wf","parentId":"66956b5e8f08df157b26ffd4","childId":"669805178f08a4e2cc0b721c"},
{"id":"669819db8f08a4e2cc0b72d0","companyId":null,"createdDate":1721244123731,"updatedDate":1721244123731,"versionId":0,"referenceId":null,"systemStatus":null,"updatedByUserId":null,"updatedByUserName":null,"systemStatusText":null,"userTypes":null,"requirementIds":null,"name":null,"sourceReferenceId":null,"sourceReferenceAppId":null,"lockedByUserId":null,"lockedByUserName":null,"publicArtifact":false,"enableOffline":false,"locked":false,"canUnlock":false,"publishComment":null,"importantPublish":false,"appId":"5f47f6258f0814ff0a91755e","type":"wf","parentId":"66956b5e8f08df157b26ffd4","childId":"66956fce8f08df157b26ffd6"},
{"id":"669819e18f08a4e2cc0b72d1","companyId":null,"createdDate":1721244129062,"updatedDate":1721244129062,"versionId":0,"referenceId":null,"systemStatus":null,"updatedByUserId":null,"updatedByUserName":null,"systemStatusText":null,"userTypes":null,"requirementIds":null,"name":null,"sourceReferenceId":null,"sourceReferenceAppId":null,"lockedByUserId":null,"lockedByUserName":null,"publicArtifact":false,"enableOffline":false,"locked":false,"canUnlock":false,"publishComment":null,"importantPublish":false,"appId":"5f47f6258f0814ff0a91755e","type":"cc","parentId":"66956b5e8f08df157b26ffd4","childId":"669571158f08df157b270048"},
{"id":"669819e18f08a4e2cc0b72d2","companyId":null,"createdDate":1721244129074,"updatedDate":1721244129074,"versionId":0,"referenceId":null,"systemStatus":null,"updatedByUserId":null,"updatedByUserName":null,"systemStatusText":null,"userTypes":null,"requirementIds":null,"name":null,"sourceReferenceId":null,"sourceReferenceAppId":null,"lockedByUserId":null,"lockedByUserName":null,"publicArtifact":false,"enableOffline":false,"locked":false,"canUnlock":false,"publishComment":null,"importantPublish":false,"appId":"5f47f6258f0814ff0a91755e","type":"cc","parentId":"66956b5e8f08df157b26ffd4","childId":"6697ed528f08a4e2cc0b6979"},
{"id":"6698362f8f08a4e2cc0b77e0","companyId":null,"createdDate":1721251375643,"updatedDate":1721251375643,"versionId":0,"referenceId":null,"systemStatus":null,"updatedByUserId":null,"updatedByUserName":null,"systemStatusText":null,"userTypes":null,"requirementIds":null,"name":null,"sourceReferenceId":null,"sourceReferenceAppId":null,"lockedByUserId":null,"lockedByUserName":null,"publicArtifact":false,"enableOffline":false,"locked":false,"canUnlock":false,"publishComment":null,"importantPublish":false,"appId":"5f47f6258f0814ff0a91755e","type":"cc","parentId":"66956b5e8f08df157b26ffd4","childId":"669832478f08a4e2cc0b7701"},
{"id":"6698362f8f08a4e2cc0b77e1","companyId":null,"createdDate":1721251375655,"updatedDate":1721251375655,"versionId":0,"referenceId":null,"systemStatus":null,"updatedByUserId":null,"updatedByUserName":null,"systemStatusText":null,"userTypes":null,"requirementIds":null,"name":null,"sourceReferenceId":null,"sourceReferenceAppId":null,"lockedByUserId":null,"lockedByUserName":null,"publicArtifact":false,"enableOffline":false,"locked":false,"canUnlock":false,"publishComment":null,"importantPublish":false,"appId":"5f47f6258f0814ff0a91755e","type":"cc","parentId":"66956b5e8f08df157b26ffd4","childId":"5f47f8728f0814ff0a91768f"},
{"id":"6698389c8f08a4e2cc0b7860","companyId":null,"createdDate":1721251996897,"updatedDate":1721251996897,"versionId":0,"referenceId":null,"systemStatus":null,"updatedByUserId":null,"updatedByUserName":null,"systemStatusText":null,"userTypes":null,"requirementIds":null,"name":null,"sourceReferenceId":null,"sourceReferenceAppId":null,"lockedByUserId":null,"lockedByUserName":null,"publicArtifact":false,"enableOffline":false,"locked":false,"canUnlock":false,"publishComment":null,"importantPublish":false,"appId":"5f47f6258f0814ff0a91755e","type":"wf","parentId":"66956b5e8f08df157b26ffd4","childId":"669576d28f08df157b27025c"},
{"id":"669838a58f08a4e2cc0b7861","companyId":null,"createdDate":1721252005927,"updatedDate":1721252005927,"versionId":0,"referenceId":null,"systemStatus":null,"updatedByUserId":null,"updatedByUserName":null,"systemStatusText":null,"userTypes":null,"requirementIds":null,"name":null,"sourceReferenceId":null,"sourceReferenceAppId":null,"lockedByUserId":null,"lockedByUserName":null,"publicArtifact":false,"enableOffline":false,"locked":false,"canUnlock":false,"publishComment":null,"importantPublish":false,"appId":"5f47f6258f0814ff0a91755e","type":"cc","parentId":"66956b5e8f08df157b26ffd4","childId":"669578938f08df157b2702e0"},
{"id":"66997ecf8f08a4e2cc0b8d37","companyId":null,"createdDate":1721335503216,"updatedDate":1721335503216,"versionId":0,"referenceId":null,"systemStatus":null,"updatedByUserId":null,"updatedByUserName":null,"systemStatusText":null,"userTypes":null,"requirementIds":null,"name":null,"sourceReferenceId":null,"sourceReferenceAppId":null,"lockedByUserId":null,"lockedByUserName":null,"publicArtifact":false,"enableOffline":false,"locked":false,"canUnlock":false,"publishComment":null,"importantPublish":false,"appId":"5f47f6258f0814ff0a91755e","type":"wf","parentId":"66956b5e8f08df157b26ffd4","childId":"5f47f8728f0814ff0a9177a3"}]