[{"id":"662abcb58f083a303e9d0c84","companyId":null,"createdDate":1714076853280,"updatedDate":1714076853280,"versionId":0,"referenceId":null,"systemStatus":null,"updatedByUserId":null,"updatedByUserName":null,"systemStatusText":null,"userTypes":null,"requirementIds":null,"name":"Translation Fixes Buglist","sourceReferenceId":null,"sourceReferenceAppId":null,"lockedByUserId":null,"lockedByUserName":null,"publicArtifact":false,"enableOffline":false,"locked":false,"canUnlock":false,"publishComment":null,"importantPublish":false,"appId":"5f47f6258f0814ff0a91755e","type":"fldr","parentId":"5f47f6258f0814ff0a91755e","childId":null},
{"id":"662abd148f083a303e9d0c85","companyId":null,"createdDate":1714076948395,"updatedDate":1714076948395,"versionId":0,"referenceId":null,"systemStatus":null,"updatedByUserId":null,"updatedByUserName":null,"systemStatusText":null,"userTypes":null,"requirementIds":null,"name":null,"sourceReferenceId":null,"sourceReferenceAppId":null,"lockedByUserId":null,"lockedByUserName":null,"publicArtifact":false,"enableOffline":false,"locked":false,"canUnlock":false,"publishComment":null,"importantPublish":false,"appId":"5f47f6258f0814ff0a91755e","type":"cc","parentId":"662abcb58f083a303e9d0c84","childId":"5f622df58f082b9cdc658e2b"},
{"id":"662ac2118f083a303e9d0c92","companyId":null,"createdDate":1714078225120,"updatedDate":1714078225120,"versionId":0,"referenceId":null,"systemStatus":null,"updatedByUserId":null,"updatedByUserName":null,"systemStatusText":null,"userTypes":null,"requirementIds":null,"name":null,"sourceReferenceId":null,"sourceReferenceAppId":null,"lockedByUserId":null,"lockedByUserName":null,"publicArtifact":false,"enableOffline":false,"locked":false,"canUnlock":false,"publishComment":null,"importantPublish":false,"appId":"5f47f6258f0814ff0a91755e","type":"cc","parentId":"662abcb58f083a303e9d0c84","childId":"63c6f9468f08ae70b13c2433"},
{"id":"662ac49e8f083a303e9d0c9e","companyId":null,"createdDate":1714078878567,"updatedDate":1714078878567,"versionId":0,"referenceId":null,"systemStatus":null,"updatedByUserId":null,"updatedByUserName":null,"systemStatusText":null,"userTypes":null,"requirementIds":null,"name":null,"sourceReferenceId":null,"sourceReferenceAppId":null,"lockedByUserId":null,"lockedByUserName":null,"publicArtifact":false,"enableOffline":false,"locked":false,"canUnlock":false,"publishComment":null,"importantPublish":false,"appId":"5f47f6258f0814ff0a91755e","type":"cc","parentId":"662abcb58f083a303e9d0c84","childId":"6411efb18f08626672a7a98d"},
{"id":"662ac6a18f083a303e9d0ca5","companyId":null,"createdDate":1714079393488,"updatedDate":1714079393488,"versionId":0,"referenceId":null,"systemStatus":null,"updatedByUserId":null,"updatedByUserName":null,"systemStatusText":null,"userTypes":null,"requirementIds":null,"name":null,"sourceReferenceId":null,"sourceReferenceAppId":null,"lockedByUserId":null,"lockedByUserName":null,"publicArtifact":false,"enableOffline":false,"locked":false,"canUnlock":false,"publishComment":null,"importantPublish":false,"appId":"5f47f6258f0814ff0a91755e","type":"cc","parentId":"662abcb58f083a303e9d0c84","childId":"6234da8b8f08d0c053101ddc"},
{"id":"662ac8638f083a303e9d0caa","companyId":null,"createdDate":1714079843512,"updatedDate":1714079843512,"versionId":0,"referenceId":null,"systemStatus":null,"updatedByUserId":null,"updatedByUserName":null,"systemStatusText":null,"userTypes":null,"requirementIds":null,"name":null,"sourceReferenceId":null,"sourceReferenceAppId":null,"lockedByUserId":null,"lockedByUserName":null,"publicArtifact":false,"enableOffline":false,"locked":false,"canUnlock":false,"publishComment":null,"importantPublish":false,"appId":"5f47f6258f0814ff0a91755e","type":"cc","parentId":"662abcb58f083a303e9d0c84","childId":"60abf7298f0852da1b6ee8aa"},
{"id":"662ac9a88f083a303e9d0cb2","companyId":null,"createdDate":1714080168426,"updatedDate":1714080168426,"versionId":0,"referenceId":null,"systemStatus":null,"updatedByUserId":null,"updatedByUserName":null,"systemStatusText":null,"userTypes":null,"requirementIds":null,"name":null,"sourceReferenceId":null,"sourceReferenceAppId":null,"lockedByUserId":null,"lockedByUserName":null,"publicArtifact":false,"enableOffline":false,"locked":false,"canUnlock":false,"publishComment":null,"importantPublish":false,"appId":"5f47f6258f0814ff0a91755e","type":"cc","parentId":"662abcb58f083a303e9d0c84","childId":"622137128f088793d28af8c5"},
{"id":"662c10b58f083a303e9d0d77","companyId":null,"createdDate":1714163893486,"updatedDate":1714163893486,"versionId":0,"referenceId":null,"systemStatus":null,"updatedByUserId":null,"updatedByUserName":null,"systemStatusText":null,"userTypes":null,"requirementIds":null,"name":null,"sourceReferenceId":null,"sourceReferenceAppId":null,"lockedByUserId":null,"lockedByUserName":null,"publicArtifact":false,"enableOffline":false,"locked":false,"canUnlock":false,"publishComment":null,"importantPublish":false,"appId":"5f47f6258f0814ff0a91755e","type":"cc","parentId":"662abcb58f083a303e9d0c84","childId":"5f971ff88f08eee59b0a4a35"},
{"id":"662c13ec8f083a303e9d0d82","companyId":null,"createdDate":1714164716879,"updatedDate":1714164716879,"versionId":0,"referenceId":null,"systemStatus":null,"updatedByUserId":null,"updatedByUserName":null,"systemStatusText":null,"userTypes":null,"requirementIds":null,"name":null,"sourceReferenceId":null,"sourceReferenceAppId":null,"lockedByUserId":null,"lockedByUserName":null,"publicArtifact":false,"enableOffline":false,"locked":false,"canUnlock":false,"publishComment":null,"importantPublish":false,"appId":"5f47f6258f0814ff0a91755e","type":"cc","parentId":"662abcb58f083a303e9d0c84","childId":"5fb826068f0812e96d3e2db8"},
{"id":"662c1ef78f083a303e9d0d94","companyId":null,"createdDate":1714167543460,"updatedDate":1714167543460,"versionId":0,"referenceId":null,"systemStatus":null,"updatedByUserId":null,"updatedByUserName":null,"systemStatusText":null,"userTypes":null,"requirementIds":null,"name":null,"sourceReferenceId":null,"sourceReferenceAppId":null,"lockedByUserId":null,"lockedByUserName":null,"publicArtifact":false,"enableOffline":false,"locked":false,"canUnlock":false,"publishComment":null,"importantPublish":false,"appId":"5f47f6258f0814ff0a91755e","type":"cc","parentId":"662abcb58f083a303e9d0c84","childId":"6050e2278f0800820d2eea84"},
{"id":"662fcb558f083a303e9d0e47","companyId":null,"createdDate":1714408277542,"updatedDate":1714408277542,"versionId":0,"referenceId":null,"systemStatus":null,"updatedByUserId":null,"updatedByUserName":null,"systemStatusText":null,"userTypes":null,"requirementIds":null,"name":null,"sourceReferenceId":null,"sourceReferenceAppId":null,"lockedByUserId":null,"lockedByUserName":null,"publicArtifact":false,"enableOffline":false,"locked":false,"canUnlock":false,"publishComment":null,"importantPublish":false,"appId":"5f47f6258f0814ff0a91755e","type":"cc","parentId":"662abcb58f083a303e9d0c84","childId":"6297c8548f08df8c017c680a"},
{"id":"662fd0408f083a303e9d0e5d","companyId":null,"createdDate":1714409536988,"updatedDate":1714409536988,"versionId":0,"referenceId":null,"systemStatus":null,"updatedByUserId":null,"updatedByUserName":null,"systemStatusText":null,"userTypes":null,"requirementIds":null,"name":null,"sourceReferenceId":null,"sourceReferenceAppId":null,"lockedByUserId":null,"lockedByUserName":null,"publicArtifact":false,"enableOffline":false,"locked":false,"canUnlock":false,"publishComment":null,"importantPublish":false,"appId":"5f47f6258f0814ff0a91755e","type":"cc","parentId":"662abcb58f083a303e9d0c84","childId":"6298e1088f08df8c017c698d"},
{"id":"662ff4298f083a303e9d0e63","companyId":null,"createdDate":1714418729512,"updatedDate":1714418729512,"versionId":0,"referenceId":null,"systemStatus":null,"updatedByUserId":null,"updatedByUserName":null,"systemStatusText":null,"userTypes":null,"requirementIds":null,"name":null,"sourceReferenceId":null,"sourceReferenceAppId":null,"lockedByUserId":null,"lockedByUserName":null,"publicArtifact":false,"enableOffline":false,"locked":false,"canUnlock":false,"publishComment":null,"importantPublish":false,"appId":"5f47f6258f0814ff0a91755e","type":"cc","parentId":"662abcb58f083a303e9d0c84","childId":"633de9388f0837bab3c784bb"},
{"id":"662ff4298f083a303e9d0e64","companyId":null,"createdDate":1714418729523,"updatedDate":1714418729523,"versionId":0,"referenceId":null,"systemStatus":null,"updatedByUserId":null,"updatedByUserName":null,"systemStatusText":null,"userTypes":null,"requirementIds":null,"name":null,"sourceReferenceId":null,"sourceReferenceAppId":null,"lockedByUserId":null,"lockedByUserName":null,"publicArtifact":false,"enableOffline":false,"locked":false,"canUnlock":false,"publishComment":null,"importantPublish":false,"appId":"5f47f6258f0814ff0a91755e","type":"cc","parentId":"662abcb58f083a303e9d0c84","childId":"651ef3c08f089858b73d92e1"},
{"id":"662ffc868f083a303e9d0e79","companyId":null,"createdDate":1714420870713,"updatedDate":1714420870713,"versionId":0,"referenceId":null,"systemStatus":null,"updatedByUserId":null,"updatedByUserName":null,"systemStatusText":null,"userTypes":null,"requirementIds":null,"name":null,"sourceReferenceId":null,"sourceReferenceAppId":null,"lockedByUserId":null,"lockedByUserName":null,"publicArtifact":false,"enableOffline":false,"locked":false,"canUnlock":false,"publishComment":null,"importantPublish":false,"appId":"5f47f6258f0814ff0a91755e","type":"cc","parentId":"662abcb58f083a303e9d0c84","childId":"60c1130b8f086700a0a8dbd2"},
{"id":"662ffc868f083a303e9d0e7a","companyId":null,"createdDate":1714420870724,"updatedDate":1714420870724,"versionId":0,"referenceId":null,"systemStatus":null,"updatedByUserId":null,"updatedByUserName":null,"systemStatusText":null,"userTypes":null,"requirementIds":null,"name":null,"sourceReferenceId":null,"sourceReferenceAppId":null,"lockedByUserId":null,"lockedByUserName":null,"publicArtifact":false,"enableOffline":false,"locked":false,"canUnlock":false,"publishComment":null,"importantPublish":false,"appId":"5f47f6258f0814ff0a91755e","type":"cc","parentId":"662abcb58f083a303e9d0c84","childId":"60c11ffa8f086700a0a8dd5a"},
{"id":"662ffc868f083a303e9d0e7b","companyId":null,"createdDate":1714420870734,"updatedDate":1714420870734,"versionId":0,"referenceId":null,"systemStatus":null,"updatedByUserId":null,"updatedByUserName":null,"systemStatusText":null,"userTypes":null,"requirementIds":null,"name":null,"sourceReferenceId":null,"sourceReferenceAppId":null,"lockedByUserId":null,"lockedByUserName":null,"publicArtifact":false,"enableOffline":false,"locked":false,"canUnlock":false,"publishComment":null,"importantPublish":false,"appId":"5f47f6258f0814ff0a91755e","type":"cc","parentId":"662abcb58f083a303e9d0c84","childId":"60c10da88f086700a0a8dbaa"},
{"id":"66315abd8f08aebe906c713b","companyId":null,"createdDate":1714510525873,"updatedDate":1714510525873,"versionId":0,"referenceId":null,"systemStatus":null,"updatedByUserId":null,"updatedByUserName":null,"systemStatusText":null,"userTypes":null,"requirementIds":null,"name":null,"sourceReferenceId":null,"sourceReferenceAppId":null,"lockedByUserId":null,"lockedByUserName":null,"publicArtifact":false,"enableOffline":false,"locked":false,"canUnlock":false,"publishComment":null,"importantPublish":false,"appId":"5f47f6258f0814ff0a91755e","type":"cc","parentId":"662abcb58f083a303e9d0c84","childId":"5f9adb198f08eee59b0a528f"},
{"id":"66315aea8f08aebe906c713c","companyId":null,"createdDate":1714510570123,"updatedDate":1714510570123,"versionId":0,"referenceId":null,"systemStatus":null,"updatedByUserId":null,"updatedByUserName":null,"systemStatusText":null,"userTypes":null,"requirementIds":null,"name":null,"sourceReferenceId":null,"sourceReferenceAppId":null,"lockedByUserId":null,"lockedByUserName":null,"publicArtifact":false,"enableOffline":false,"locked":false,"canUnlock":false,"publishComment":null,"importantPublish":false,"appId":"5f47f6258f0814ff0a91755e","type":"cc","parentId":"662abcb58f083a303e9d0c84","childId":"5f99d9fd8f08eee59b0a50d0"},
{"id":"663266d08f085dd50cce18d8","companyId":null,"createdDate":1714579152175,"updatedDate":1714579152175,"versionId":0,"referenceId":null,"systemStatus":null,"updatedByUserId":null,"updatedByUserName":null,"systemStatusText":null,"userTypes":null,"requirementIds":null,"name":null,"sourceReferenceId":null,"sourceReferenceAppId":null,"lockedByUserId":null,"lockedByUserName":null,"publicArtifact":false,"enableOffline":false,"locked":false,"canUnlock":false,"publishComment":null,"importantPublish":false,"appId":"5f47f6258f0814ff0a91755e","type":"cc","parentId":"662abcb58f083a303e9d0c84","childId":"605b4b718f0800820d2f0381"},
{"id":"663268fc8f085dd50cce18eb","companyId":null,"createdDate":1714579708135,"updatedDate":1714579708135,"versionId":0,"referenceId":null,"systemStatus":null,"updatedByUserId":null,"updatedByUserName":null,"systemStatusText":null,"userTypes":null,"requirementIds":null,"name":null,"sourceReferenceId":null,"sourceReferenceAppId":null,"lockedByUserId":null,"lockedByUserName":null,"publicArtifact":false,"enableOffline":false,"locked":false,"canUnlock":false,"publishComment":null,"importantPublish":false,"appId":"5f47f6258f0814ff0a91755e","type":"cc","parentId":"662abcb58f083a303e9d0c84","childId":"642c9e1d8f08c677bd7da981"},
{"id":"663a896d8f08c2c112f533e0","companyId":null,"createdDate":1715112301813,"updatedDate":1715112301813,"versionId":0,"referenceId":null,"systemStatus":null,"updatedByUserId":null,"updatedByUserName":null,"systemStatusText":null,"userTypes":null,"requirementIds":null,"name":null,"sourceReferenceId":null,"sourceReferenceAppId":null,"lockedByUserId":null,"lockedByUserName":null,"publicArtifact":false,"enableOffline":false,"locked":false,"canUnlock":false,"publishComment":null,"importantPublish":false,"appId":"5f47f6258f0814ff0a91755e","type":"llbl","parentId":"662abcb58f083a303e9d0c84","childId":"662bdbff8f083a303e9d0d67"},
{"id":"663a896d8f08c2c112f533e1","companyId":null,"createdDate":1715112301824,"updatedDate":1715112301824,"versionId":0,"referenceId":null,"systemStatus":null,"updatedByUserId":null,"updatedByUserName":null,"systemStatusText":null,"userTypes":null,"requirementIds":null,"name":null,"sourceReferenceId":null,"sourceReferenceAppId":null,"lockedByUserId":null,"lockedByUserName":null,"publicArtifact":false,"enableOffline":false,"locked":false,"canUnlock":false,"publishComment":null,"importantPublish":false,"appId":"5f47f6258f0814ff0a91755e","type":"llbl","parentId":"662abcb58f083a303e9d0c84","childId":"605d363e8f0800820d2f0ccc"},
{"id":"663a896d8f08c2c112f533e2","companyId":null,"createdDate":1715112301836,"updatedDate":1715112301836,"versionId":0,"referenceId":null,"systemStatus":null,"updatedByUserId":null,"updatedByUserName":null,"systemStatusText":null,"userTypes":null,"requirementIds":null,"name":null,"sourceReferenceId":null,"sourceReferenceAppId":null,"lockedByUserId":null,"lockedByUserName":null,"publicArtifact":false,"enableOffline":false,"locked":false,"canUnlock":false,"publishComment":null,"importantPublish":false,"appId":"5f47f6258f0814ff0a91755e","type":"llbl","parentId":"662abcb58f083a303e9d0c84","childId":"605d36bb8f0800820d2f0cde"},
{"id":"663a896d8f08c2c112f533e3","companyId":null,"createdDate":1715112301847,"updatedDate":1715112301847,"versionId":0,"referenceId":null,"systemStatus":null,"updatedByUserId":null,"updatedByUserName":null,"systemStatusText":null,"userTypes":null,"requirementIds":null,"name":null,"sourceReferenceId":null,"sourceReferenceAppId":null,"lockedByUserId":null,"lockedByUserName":null,"publicArtifact":false,"enableOffline":false,"locked":false,"canUnlock":false,"publishComment":null,"importantPublish":false,"appId":"5f47f6258f0814ff0a91755e","type":"llbl","parentId":"662abcb58f083a303e9d0c84","childId":"5ff342268f0812e96d3e67fe"},
{"id":"663a896d8f08c2c112f533e4","companyId":null,"createdDate":1715112301858,"updatedDate":1715112301858,"versionId":0,"referenceId":null,"systemStatus":null,"updatedByUserId":null,"updatedByUserName":null,"systemStatusText":null,"userTypes":null,"requirementIds":null,"name":null,"sourceReferenceId":null,"sourceReferenceAppId":null,"lockedByUserId":null,"lockedByUserName":null,"publicArtifact":false,"enableOffline":false,"locked":false,"canUnlock":false,"publishComment":null,"importantPublish":false,"appId":"5f47f6258f0814ff0a91755e","type":"llbl","parentId":"662abcb58f083a303e9d0c84","childId":"605d364b8f0800820d2f0cce"},
{"id":"663a896d8f08c2c112f533e5","companyId":null,"createdDate":1715112301869,"updatedDate":1715112301869,"versionId":0,"referenceId":null,"systemStatus":null,"updatedByUserId":null,"updatedByUserName":null,"systemStatusText":null,"userTypes":null,"requirementIds":null,"name":null,"sourceReferenceId":null,"sourceReferenceAppId":null,"lockedByUserId":null,"lockedByUserName":null,"publicArtifact":false,"enableOffline":false,"locked":false,"canUnlock":false,"publishComment":null,"importantPublish":false,"appId":"5f47f6258f0814ff0a91755e","type":"llbl","parentId":"662abcb58f083a303e9d0c84","childId":"605d36558f0800820d2f0cd0"},
{"id":"663a896d8f08c2c112f533e6","companyId":null,"createdDate":1715112301880,"updatedDate":1715112301880,"versionId":0,"referenceId":null,"systemStatus":null,"updatedByUserId":null,"updatedByUserName":null,"systemStatusText":null,"userTypes":null,"requirementIds":null,"name":null,"sourceReferenceId":null,"sourceReferenceAppId":null,"lockedByUserId":null,"lockedByUserName":null,"publicArtifact":false,"enableOffline":false,"locked":false,"canUnlock":false,"publishComment":null,"importantPublish":false,"appId":"5f47f6258f0814ff0a91755e","type":"llbl","parentId":"662abcb58f083a303e9d0c84","childId":"605d366b8f0800820d2f0cd2"},
{"id":"663a896d8f08c2c112f533e7","companyId":null,"createdDate":1715112301891,"updatedDate":1715112301891,"versionId":0,"referenceId":null,"systemStatus":null,"updatedByUserId":null,"updatedByUserName":null,"systemStatusText":null,"userTypes":null,"requirementIds":null,"name":null,"sourceReferenceId":null,"sourceReferenceAppId":null,"lockedByUserId":null,"lockedByUserName":null,"publicArtifact":false,"enableOffline":false,"locked":false,"canUnlock":false,"publishComment":null,"importantPublish":false,"appId":"5f47f6258f0814ff0a91755e","type":"llbl","parentId":"662abcb58f083a303e9d0c84","childId":"605d36798f0800820d2f0cd4"},
{"id":"663a896d8f08c2c112f533e8","companyId":null,"createdDate":1715112301902,"updatedDate":1715112301902,"versionId":0,"referenceId":null,"systemStatus":null,"updatedByUserId":null,"updatedByUserName":null,"systemStatusText":null,"userTypes":null,"requirementIds":null,"name":null,"sourceReferenceId":null,"sourceReferenceAppId":null,"lockedByUserId":null,"lockedByUserName":null,"publicArtifact":false,"enableOffline":false,"locked":false,"canUnlock":false,"publishComment":null,"importantPublish":false,"appId":"5f47f6258f0814ff0a91755e","type":"llbl","parentId":"662abcb58f083a303e9d0c84","childId":"5ff342688f0812e96d3e6802"},
{"id":"663a896d8f08c2c112f533e9","companyId":null,"createdDate":1715112301913,"updatedDate":1715112301913,"versionId":0,"referenceId":null,"systemStatus":null,"updatedByUserId":null,"updatedByUserName":null,"systemStatusText":null,"userTypes":null,"requirementIds":null,"name":null,"sourceReferenceId":null,"sourceReferenceAppId":null,"lockedByUserId":null,"lockedByUserName":null,"publicArtifact":false,"enableOffline":false,"locked":false,"canUnlock":false,"publishComment":null,"importantPublish":false,"appId":"5f47f6258f0814ff0a91755e","type":"llbl","parentId":"662abcb58f083a303e9d0c84","childId":"6063377a31a2a3213cd24c72"},
{"id":"663a896d8f08c2c112f533ea","companyId":null,"createdDate":1715112301924,"updatedDate":1715112301924,"versionId":0,"referenceId":null,"systemStatus":null,"updatedByUserId":null,"updatedByUserName":null,"systemStatusText":null,"userTypes":null,"requirementIds":null,"name":null,"sourceReferenceId":null,"sourceReferenceAppId":null,"lockedByUserId":null,"lockedByUserName":null,"publicArtifact":false,"enableOffline":false,"locked":false,"canUnlock":false,"publishComment":null,"importantPublish":false,"appId":"5f47f6258f0814ff0a91755e","type":"llbl","parentId":"662abcb58f083a303e9d0c84","childId":"605cc4d78f0800820d2f098e"},
{"id":"663a896d8f08c2c112f533eb","companyId":null,"createdDate":1715112301935,"updatedDate":1715112301935,"versionId":0,"referenceId":null,"systemStatus":null,"updatedByUserId":null,"updatedByUserName":null,"systemStatusText":null,"userTypes":null,"requirementIds":null,"name":null,"sourceReferenceId":null,"sourceReferenceAppId":null,"lockedByUserId":null,"lockedByUserName":null,"publicArtifact":false,"enableOffline":false,"locked":false,"canUnlock":false,"publishComment":null,"importantPublish":false,"appId":"5f47f6258f0814ff0a91755e","type":"llbl","parentId":"662abcb58f083a303e9d0c84","childId":"605d36858f0800820d2f0cd6"},
{"id":"663a896d8f08c2c112f533ec","companyId":null,"createdDate":1715112301946,"updatedDate":1715112301946,"versionId":0,"referenceId":null,"systemStatus":null,"updatedByUserId":null,"updatedByUserName":null,"systemStatusText":null,"userTypes":null,"requirementIds":null,"name":null,"sourceReferenceId":null,"sourceReferenceAppId":null,"lockedByUserId":null,"lockedByUserName":null,"publicArtifact":false,"enableOffline":false,"locked":false,"canUnlock":false,"publishComment":null,"importantPublish":false,"appId":"5f47f6258f0814ff0a91755e","type":"llbl","parentId":"662abcb58f083a303e9d0c84","childId":"611a6d008f0853ac50905a58"},
{"id":"663a896d8f08c2c112f533ed","companyId":null,"createdDate":1715112301957,"updatedDate":1715112301957,"versionId":0,"referenceId":null,"systemStatus":null,"updatedByUserId":null,"updatedByUserName":null,"systemStatusText":null,"userTypes":null,"requirementIds":null,"name":null,"sourceReferenceId":null,"sourceReferenceAppId":null,"lockedByUserId":null,"lockedByUserName":null,"publicArtifact":false,"enableOffline":false,"locked":false,"canUnlock":false,"publishComment":null,"importantPublish":false,"appId":"5f47f6258f0814ff0a91755e","type":"llbl","parentId":"662abcb58f083a303e9d0c84","childId":"605d369a8f0800820d2f0cd8"},
{"id":"663a896d8f08c2c112f533ee","companyId":null,"createdDate":1715112301968,"updatedDate":1715112301968,"versionId":0,"referenceId":null,"systemStatus":null,"updatedByUserId":null,"updatedByUserName":null,"systemStatusText":null,"userTypes":null,"requirementIds":null,"name":null,"sourceReferenceId":null,"sourceReferenceAppId":null,"lockedByUserId":null,"lockedByUserName":null,"publicArtifact":false,"enableOffline":false,"locked":false,"canUnlock":false,"publishComment":null,"importantPublish":false,"appId":"5f47f6258f0814ff0a91755e","type":"llbl","parentId":"662abcb58f083a303e9d0c84","childId":"605c01198f0800820d2f08a9"},
{"id":"663a896d8f08c2c112f533ef","companyId":null,"createdDate":1715112301979,"updatedDate":1715112301979,"versionId":0,"referenceId":null,"systemStatus":null,"updatedByUserId":null,"updatedByUserName":null,"systemStatusText":null,"userTypes":null,"requirementIds":null,"name":null,"sourceReferenceId":null,"sourceReferenceAppId":null,"lockedByUserId":null,"lockedByUserName":null,"publicArtifact":false,"enableOffline":false,"locked":false,"canUnlock":false,"publishComment":null,"importantPublish":false,"appId":"5f47f6258f0814ff0a91755e","type":"llbl","parentId":"662abcb58f083a303e9d0c84","childId":"605d36aa8f0800820d2f0cda"},
{"id":"663a896d8f08c2c112f533f0","companyId":null,"createdDate":1715112301990,"updatedDate":1715112301990,"versionId":0,"referenceId":null,"systemStatus":null,"updatedByUserId":null,"updatedByUserName":null,"systemStatusText":null,"userTypes":null,"requirementIds":null,"name":null,"sourceReferenceId":null,"sourceReferenceAppId":null,"lockedByUserId":null,"lockedByUserName":null,"publicArtifact":false,"enableOffline":false,"locked":false,"canUnlock":false,"publishComment":null,"importantPublish":false,"appId":"5f47f6258f0814ff0a91755e","type":"llbl","parentId":"662abcb58f083a303e9d0c84","childId":"605d36b38f0800820d2f0cdc"}]