[{"id":"5f47f8728f0814ff0a91774e","companyId":"5f47ce0c8f0815394ff3bd8a","createdDate":1715181235700,"updatedDate":1715181235700,"versionId":31,"referenceId":null,"systemStatus":"P","updatedByUserId":"5f47ce0e8f0815394ff3be1b","updatedByUserName":"Josh Havens","systemStatusText":null,"userTypes":null,"requirementIds":null,"name":"User_Search_Results_ItemClick","sourceReferenceId":"5eea66d1e4b0e9b6b10a596d","sourceReferenceAppId":"5e4ad395e4b053c18438f562","lockedByUserId":null,"lockedByUserName":null,"publicArtifact":false,"enableOffline":false,"locked":false,"canUnlock":false,"publishComment":" ","importantPublish":false,"appId":"5f47f6258f0814ff0a91755e","folderId":"","initializer":["5f47f8728f0814ff0a91768d"],"triggerType":"uiEvent","flow":[],"createdBy":null,"lastModifiedBy":null,"objectsMap":{"1592420049595":{"id":"1592420049595","type":"startObject","value":["5f47f8728f0814ff0a91768d"],"taskName":"Start","triggerType":"uiEvent","addedToConfig":true,"painted":true,"position":{},"taskNotes":"<p><br></p>","desc":"User_Search_List_Item"},"15924200495951000":{"id":"15924200495951000","parent":"1597174820315","systemExit":true,"type":"return","returnType":"exit","taskName":"Exit","label":"","addedToConfig":false,"painted":false,"position":{}},"1592420183731":{"id":"1592420183731","type":"rrUiComponent","position":{},"label":"","taskName":"Manipulate UI Component","screenId":["5f47f8728f0814ff0a917635"],"parent":"1594224699174","painted":false,"customComponent":"5f47f8728f0814ff0a91769a","animationImageType":"","taskNotes":"<p><br></p>","actionType":"changeComponent","changeCompInputTask":"1596230237177","changeCompInputValue":null,"rrComponentHierarchy":"1598986729640","addedToConfig":false,"pageTitleType":"constant","dontChangeTitle":true},"1594224699174":{"id":"1594224699174","type":"persist","position":{},"source":"1715180998015","target":null,"mapping":null,"label":"","taskName":"Write SELECTED_USER","parent":"1715180998015","taskNotes":"<p><br></p>","saveType":"global","variable":"SELECTED_USER","modelName":"User","addedToConfig":false,"painted":false},"1596230237177":{"id":"1596230237177","type":"service","value":"Get Outer Screen Data","serviceType":"internal","serviceId":"getOuterPageData","position":{},"label":"","callType":"async","taskName":"Outer Screen Data","parent":"1715180900274","painted":false,"keyType":"constant","desc":"Get Outer Screen Data","taskNotes":"<p><br></p>","modelName":"TR_Main_Dashboard","addedToConfig":false},"1597174820315":{"id":"1597174820315","type":"persist","position":{},"source":"constant","target":null,"mapping":null,"label":"","taskName":"USER_CONTEXT","parent":"1592420183731","taskNotes":"<p><br></p>","saveType":"global","variable":"USER_CONTEXT","sourceVariable":"User Management","modelName":"rr_primitive_string","addedToConfig":false,"painted":false},"1715180648084":{"id":"1715180648084","type":"service","value":"Get Auth Header","serviceType":"internal","serviceId":"getAuthHeader","position":{"top":291,"left":397},"label":"","callType":"async","taskName":"Auth Header","parent":"1596230237177","painted":false,"addAtIndexType":"constant","addAtIndex":false,"desc":"Get Auth Header","taskNotes":"<p><br></p>","addedToConfig":false},"1715180715533":{"id":"1715180715533","type":"createDataObject","position":{"top":349,"left":365},"condition":"API_UserRequest","mapping":[{"name":"action","valueType":"constant","value":"GET","fieldType":"String","list":false,"rr_dynamic_field_name_type":"","fromModel":""},{"name":"actionType","valueType":"constant","value":"USER","fieldType":"String","list":false,"rr_dynamic_field_name_type":"","fromModel":""},{"name":"branchId","valueType":"variable","value":"branchId","fieldType":"String","list":false,"rr_dynamic_field_name_type":"","fromModel":"User","source":"rr_page_data"},{"name":"userId","valueType":"variable","value":"_id","fieldType":"String","list":false,"rr_dynamic_field_name_type":"","fromModel":"User","source":"rr_page_data"}],"label":"","taskName":"API_UserRequest","parent":"1715180648084","painted":false,"taskNotes":"<p><br></p>","addedToConfig":false},"1715180869604":{"id":"1715180869604","type":"createDataObject","position":{"top":389,"left":334},"condition":"API_MainRequest","mapping":[{"name":"authHeader","valueType":"variable","value":"","fieldType":"String","list":false,"rr_dynamic_field_name_type":"","source":"1715180648084"},{"name":"data","valueType":"variable","value":"rr_this_object","fieldType":"Object","list":false,"rr_dynamic_field_name_type":"","fromModel":"API_UserRequest","source":"1715180715533"},{"name":"rr_id","valueType":"variable","value":"tenantId","fieldType":"String","list":false,"rr_dynamic_field_name_type":"","fromModel":"Lookup_SystemInfo","source":"1715180900274"},{"name":"service","valueType":"constant","value":"5f47f79e8f0814ff0a917593","fieldType":"String","list":false,"rr_dynamic_field_name_type":"","fromModel":""}],"label":"","taskName":"API_MainRequest","parent":"1715180715533","painted":false,"taskNotes":"<p><br></p>","addedToConfig":false},"1715180900274":{"id":"1715180900274","type":"query","position":{"top":173,"left":365},"source":null,"target":null,"mapping":null,"label":"","filterBy":"criteria","searchOption":"one","operator":"and","taskName":"Read SYSTEM_INFO","parent":"1592420049595","painted":false,"taskNotes":"<p><br></p>","saveType":"global","sourceVariable":"SYSTEM_INFO","modelName":"Lookup_SystemInfo","addedToConfig":false},"1715180957804":{"id":"1715180957804","type":"workflow","position":{"top":453,"left":347},"workflowId":"65aaf8fc8f0887f52e616e81","workflowName":"Web Services :: API_MainWrapper","workflowType":"serverFlow","label":"","taskName":"Main Web Service","parent":"1715180869604","painted":false,"taskNotes":"<p><br></p>","callType":"sync","inputTask":"1715180869604","inputValue":null,"outputDataModel":"API_MainResponse","addedToConfig":false},"1715180998015":{"id":"1715180998015","type":"service","value":"Get Value","serviceType":"internal","serviceId":"getValueFromObj","position":{"top":461,"left":311},"label":"","callType":"async","taskName":"Get Value","parent":"1715180957804","painted":false,"addAtIndexType":"constant","addAtIndex":false,"desc":"Get Value","taskNotes":"<p><br></p>","inputTask":"1715180957804","inputValue":null,"targetVariable":"object","modelName":"User","addedToConfig":false}},"decisionsMap":{},"active":false,"scheduler":false,"savedId":null,"workInProgress":false,"uiFLow":true,"startTaskId":"1592420049595","shouldSecure":false,"allowExecutionForAll":false,"testCase":false,"testSuite":false,"sequence":1,"internal":false,"triggeredFromBpm":false,"inputModel":null,"outputModel":null,"appName":null},
{"id":"63f8e7478f083114c8f5d795","companyId":"5f47ce0c8f0815394ff3bd8a","createdDate":1714581789956,"updatedDate":1714581789956,"versionId":15,"referenceId":null,"systemStatus":"P","updatedByUserId":"5fa999cf8f08eee59b0a70e1","updatedByUserName":"Mark Bonham","systemStatusText":null,"userTypes":null,"requirementIds":null,"name":"User_Student_Overview_Main_CC_Postload","sourceReferenceId":null,"sourceReferenceAppId":null,"lockedByUserId":null,"lockedByUserName":null,"publicArtifact":false,"enableOffline":false,"locked":false,"canUnlock":false,"publishComment":"Show Status","importantPublish":false,"appId":"5f47f6258f0814ff0a91755e","folderId":"","initializer":null,"triggerType":"uiEvent","flow":[],"createdBy":null,"lastModifiedBy":null,"objectsMap":{"1677256521150":{"id":"1677256521150","type":"startObject","value":null,"taskName":"Start","triggerType":"uiEvent","addedToConfig":true,"painted":true,"position":{},"taskNotes":"<p><br></p>"},"16772565211501000":{"id":"16772565211501000","parent":"1677256530144_end","systemExit":true,"type":"return","returnType":"exit","taskName":"Exit","label":"","addedToConfig":false,"painted":false,"position":{}},"1677256530144_end":{"id":"1677256530144_end","decisionId":"1677256530144","position":{},"type":"decisionEnd","painted":false,"addedToConfig":false},"1677256530144_success_start":{"id":"1677256530144_success_start","decisionId":"1677256530144","parent":"1677256530144","position":{},"type":"decisionSucessStart","painted":false,"addedToConfig":false},"1677256530144_failure_start":{"id":"1677256530144_failure_start","decisionId":"1677256530144","parent":"1677256530144","position":{},"type":"decisionFailureStart","painted":false,"addedToConfig":false},"1677256530144_success_end":{"id":"1677256530144_success_end","decisionId":"1677256530144","parent":"1679594098982","position":{},"type":"decisionSucessEnd","painted":false,"addedToConfig":false},"1677256530144_failure_end":{"id":"1677256530144_failure_end","decisionId":"1677256530144","parent":"1714581750110","position":{},"type":"decisionFailureEnd","painted":false,"addedToConfig":false},"1677256530144":{"id":"1677256530144","type":"decision","newMapping":true,"position":{},"condition":null,"serviceName":null,"serviceType":null,"operator":"and","mapping":[{"sourceType":"variable","sourceValue":"lastUsedRole","source":"1677256536830","sourceFieldType":"String","sourceModel":"User","isSourceList":false,"targetType":"constant","targetValue":"Administrator","target":null,"targetFieldType":null,"targetModel":"","isTargetList":null,"comparator":"equals"}],"label":"","parent":"1677256536830","painted":false,"taskNotes":"<p><br></p>","addedToConfig":false},"1677256536830":{"id":"1677256536830","type":"query","position":{},"source":null,"target":null,"mapping":null,"label":"","filterBy":"criteria","searchOption":"one","operator":"and","taskName":"Read CURRENT_USER","parent":"1678231506657","painted":false,"taskNotes":"<p><br></p>","saveType":"global","sourceVariable":"CURRENT_USER","modelName":"User","addedToConfig":false},"1677256573043":{"id":"1677256573043","type":"rrUiComponent","position":{},"label":"","taskName":"Show Administrator List","screenId":["63c6f9468f08ae70b13c2433"],"parent":"1677265613100","painted":false,"customComponent":"","animationImageType":"","taskNotes":"<p><br></p>","actionType":"show","pageTitleType":"constant","rrComponentHierarchy":"1677268307294","rrComponentHierarchyType":"flexlayout","addedToConfig":false},"1677265613100":{"id":"1677265613100","type":"rrUiComponent","position":{},"label":"","taskName":"Hide Student List","screenId":["63c6f9468f08ae70b13c2433"],"parent":"1677256530144_success_start","painted":false,"customComponent":"","animationImageType":"","taskNotes":"<p><br></p>","actionType":"hide","rrComponentHierarchy":"1678906854928","rrComponentHierarchyType":"flexlayout","addedToConfig":false},"1677265647234":{"id":"1677265647234","type":"rrUiComponent","position":{},"label":"","taskName":"Show Save","screenId":["63c6f9468f08ae70b13c2433"],"parent":"1677256573043","painted":false,"customComponent":"","animationImageType":"","taskNotes":"<p><br></p>","actionType":"show","rrComponentHierarchy":"1677258248564","rrComponentHierarchyType":"flexlayout","addedToConfig":false},"1677266121624":{"id":"1677266121624","type":"rrUiComponent","position":{},"label":"","taskName":"Show Student List","screenId":["63c6f9468f08ae70b13c2433"],"parent":"1677256530144_failure_start","painted":false,"customComponent":"","animationImageType":"","taskNotes":"<p><br></p>","actionType":"show","rrComponentHierarchy":"1678906854928","rrComponentHierarchyType":"flexlayout","addedToConfig":false},"1677266126685":{"id":"1677266126685","type":"rrUiComponent","position":{},"label":"","taskName":"Hide Administrator List","screenId":["63c6f9468f08ae70b13c2433"],"parent":"1677266121624","painted":false,"customComponent":"","animationImageType":"","taskNotes":"<p><br></p>","actionType":"hide","pageTitleType":"constant","rrComponentHierarchy":"1677268307294","rrComponentHierarchyType":"flexlayout","addedToConfig":false},"1677266131442":{"id":"1677266131442","type":"rrUiComponent","position":{},"label":"","taskName":"Hide Save","screenId":["63c6f9468f08ae70b13c2433"],"parent":"1677266126685","painted":false,"customComponent":"","animationImageType":"","taskNotes":"<p><br></p>","actionType":"hide","rrComponentHierarchy":"1677258248564","rrComponentHierarchyType":"flexlayout","addedToConfig":false},"1677267417940":{"id":"1677267417940","type":"workflow","position":{},"workflowId":"63e6a4e48f083114c8f5be98","workflowName":"User_Student_Overview_Main_CC_Preload","workflowType":"uiFlow","label":"","taskName":"Main_Preload","parent":"1677256521150","painted":false,"taskNotes":"<p><br></p>","addedToConfig":false},"1678231506657":{"id":"1678231506657","type":"workflow","position":{},"workflowId":"6407b41e8f083114c8f5e723","workflowName":"Student_GPA_Calculation_Main_Preload","workflowType":"uiFlow","label":"","taskName":"GPA_Preload","parent":"1677267417940","painted":false,"taskNotes":"<p><br></p>","addedToConfig":false},"1679594098982":{"id":"1679594098982","type":"rrUiComponent","position":{},"label":"","taskName":"Hide Student Academic Status","screenId":["63c6f9468f08ae70b13c2433"],"parent":"1677265647234","painted":false,"customComponent":"","animationImageType":"","taskNotes":"<p><br></p>","actionType":"hide","rrComponentHierarchy":"1678905868218","rrComponentHierarchyType":"flexlayout","addedToConfig":false},"1679594222725":{"id":"1679594222725","type":"rrUiComponent","position":{},"label":"","taskName":"Hide Adminstrator Academic Status","screenId":["63c6f9468f08ae70b13c2433"],"parent":"1677266131442","painted":false,"customComponent":"","animationImageType":"","taskNotes":"<p><br></p>","actionType":"hide","rrComponentHierarchy":"1678905868216","rrComponentHierarchyType":"flexlayout","addedToConfig":false},"1714581750110":{"id":"1714581750110","type":"rrUiComponent","position":{},"label":"","taskName":"Show Student Academic Status","screenId":["63c6f9468f08ae70b13c2433"],"parent":"1679594222725","painted":false,"customComponent":"","animationImageType":"","taskNotes":"<p><br></p>","actionType":"show","rrComponentHierarchy":"1678905868218","rrComponentHierarchyType":"flexlayout","addedToConfig":false}},"decisionsMap":{"1677256530144":{"success":"1677256530144_success_start","failure":"1677256530144_failure_start","successEnd":"1677256530144_success_end","failureEnd":"1677256530144_failure_end","end":"1677256530144_end","root":true}},"active":false,"scheduler":false,"savedId":null,"workInProgress":false,"uiFLow":true,"startTaskId":"1677256521150","shouldSecure":false,"allowExecutionForAll":false,"testCase":false,"testSuite":false,"sequence":1,"internal":false,"triggeredFromBpm":false,"inputModel":null,"outputModel":null,"appName":null}]