[{"id":"6697ea818f08a4e2cc0b680d","companyId":null,"createdDate":1721232001066,"updatedDate":1721232001066,"versionId":0,"referenceId":null,"systemStatus":null,"updatedByUserId":null,"updatedByUserName":null,"systemStatusText":null,"userTypes":null,"requirementIds":null,"name":"24-07-17--Role Preset as Role Label","sourceReferenceId":null,"sourceReferenceAppId":null,"lockedByUserId":null,"lockedByUserName":null,"publicArtifact":false,"enableOffline":false,"locked":false,"canUnlock":false,"publishComment":null,"importantPublish":false,"appId":"5f47f6158f0814ff0a917552","type":"fldr","parentId":"5f47f6158f0814ff0a917552","childId":null},
{"id":"6697ea968f08a4e2cc0b6832","companyId":null,"createdDate":1721232022337,"updatedDate":1721232022337,"versionId":0,"referenceId":null,"systemStatus":null,"updatedByUserId":null,"updatedByUserName":null,"systemStatusText":null,"userTypes":null,"requirementIds":null,"name":null,"sourceReferenceId":null,"sourceReferenceAppId":null,"lockedByUserId":null,"lockedByUserName":null,"publicArtifact":false,"enableOffline":false,"locked":false,"canUnlock":false,"publishComment":null,"importantPublish":false,"appId":"5f47f6158f0814ff0a917552","type":"wf","parentId":"6697ea818f08a4e2cc0b680d","childId":"60e8a4908f08542a275e9dc1"},
{"id":"6697eb788f08a4e2cc0b68ae","companyId":null,"createdDate":1721232248847,"updatedDate":1721232248847,"versionId":0,"referenceId":null,"systemStatus":null,"updatedByUserId":null,"updatedByUserName":null,"systemStatusText":null,"userTypes":null,"requirementIds":null,"name":null,"sourceReferenceId":null,"sourceReferenceAppId":null,"lockedByUserId":null,"lockedByUserName":null,"publicArtifact":false,"enableOffline":false,"locked":false,"canUnlock":false,"publishComment":null,"importantPublish":false,"appId":"5f47f6158f0814ff0a917552","type":"dm","parentId":"6697ea818f08a4e2cc0b680d","childId":"5f47ce0d8f0815394ff3bda0"},
{"id":"6697eb788f08a4e2cc0b68af","companyId":null,"createdDate":1721232248858,"updatedDate":1721232248858,"versionId":0,"referenceId":null,"systemStatus":null,"updatedByUserId":null,"updatedByUserName":null,"systemStatusText":null,"userTypes":null,"requirementIds":null,"name":null,"sourceReferenceId":null,"sourceReferenceAppId":null,"lockedByUserId":null,"lockedByUserName":null,"publicArtifact":false,"enableOffline":false,"locked":false,"canUnlock":false,"publishComment":null,"importantPublish":false,"appId":"5f47f6158f0814ff0a917552","type":"dm","parentId":"6697ea818f08a4e2cc0b680d","childId":"5f47ce0d8f0815394ff3bd98"},
{"id":"6697f08e8f08a4e2cc0b6bee","companyId":null,"createdDate":1721233550577,"updatedDate":1721233550577,"versionId":0,"referenceId":null,"systemStatus":null,"updatedByUserId":null,"updatedByUserName":null,"systemStatusText":null,"userTypes":null,"requirementIds":null,"name":null,"sourceReferenceId":null,"sourceReferenceAppId":null,"lockedByUserId":null,"lockedByUserName":null,"publicArtifact":false,"enableOffline":false,"locked":false,"canUnlock":false,"publishComment":null,"importantPublish":false,"appId":"5f47f6158f0814ff0a917552","type":"wf","parentId":"6697ea818f08a4e2cc0b680d","childId":"64aecbad8f084726da5763f3"},
{"id":"6697f08e8f08a4e2cc0b6bef","companyId":null,"createdDate":1721233550588,"updatedDate":1721233550588,"versionId":0,"referenceId":null,"systemStatus":null,"updatedByUserId":null,"updatedByUserName":null,"systemStatusText":null,"userTypes":null,"requirementIds":null,"name":null,"sourceReferenceId":null,"sourceReferenceAppId":null,"lockedByUserId":null,"lockedByUserName":null,"publicArtifact":false,"enableOffline":false,"locked":false,"canUnlock":false,"publishComment":null,"importantPublish":false,"appId":"5f47f6158f0814ff0a917552","type":"wf","parentId":"6697ea818f08a4e2cc0b680d","childId":"6329d3358f0833b5059f4f82"},
{"id":"6697f1a28f08a4e2cc0b6c72","companyId":null,"createdDate":1721233826805,"updatedDate":1721233826805,"versionId":0,"referenceId":null,"systemStatus":null,"updatedByUserId":null,"updatedByUserName":null,"systemStatusText":null,"userTypes":null,"requirementIds":null,"name":null,"sourceReferenceId":null,"sourceReferenceAppId":null,"lockedByUserId":null,"lockedByUserName":null,"publicArtifact":false,"enableOffline":false,"locked":false,"canUnlock":false,"publishComment":null,"importantPublish":false,"appId":"5f47f6158f0814ff0a917552","type":"wf","parentId":"6697ea818f08a4e2cc0b680d","childId":"65a8242e8f082c5cf77b6deb"},
{"id":"6697f1a28f08a4e2cc0b6c73","companyId":null,"createdDate":1721233826827,"updatedDate":1721233826827,"versionId":0,"referenceId":null,"systemStatus":null,"updatedByUserId":null,"updatedByUserName":null,"systemStatusText":null,"userTypes":null,"requirementIds":null,"name":null,"sourceReferenceId":null,"sourceReferenceAppId":null,"lockedByUserId":null,"lockedByUserName":null,"publicArtifact":false,"enableOffline":false,"locked":false,"canUnlock":false,"publishComment":null,"importantPublish":false,"appId":"5f47f6158f0814ff0a917552","type":"wf","parentId":"6697ea818f08a4e2cc0b680d","childId":"633dd60e8f0837bab3c783b1"},
{"id":"6697fe868f08a4e2cc0b7122","companyId":null,"createdDate":1721237126507,"updatedDate":1721237126507,"versionId":0,"referenceId":null,"systemStatus":null,"updatedByUserId":null,"updatedByUserName":null,"systemStatusText":null,"userTypes":null,"requirementIds":null,"name":null,"sourceReferenceId":null,"sourceReferenceAppId":null,"lockedByUserId":null,"lockedByUserName":null,"publicArtifact":false,"enableOffline":false,"locked":false,"canUnlock":false,"publishComment":null,"importantPublish":false,"appId":"5f47f6158f0814ff0a917552","type":"wf","parentId":"6697ea818f08a4e2cc0b680d","childId":"60e8a4668f08542a275e9da0"},
{"id":"66992f7b8f08a4e2cc0b8123","companyId":null,"createdDate":1721315195523,"updatedDate":1721315195523,"versionId":0,"referenceId":null,"systemStatus":null,"updatedByUserId":null,"updatedByUserName":null,"systemStatusText":null,"userTypes":null,"requirementIds":null,"name":null,"sourceReferenceId":null,"sourceReferenceAppId":null,"lockedByUserId":null,"lockedByUserName":null,"publicArtifact":false,"enableOffline":false,"locked":false,"canUnlock":false,"publishComment":null,"importantPublish":false,"appId":"5f47f6158f0814ff0a917552","type":"wf","parentId":"6697ea818f08a4e2cc0b680d","childId":"5f47f79e8f0814ff0a917574"}]